Order_ID,Order_date,Customer_ID,Customer_Name,Product_ID,Product_Name,Category,Sub_Category,Quantity,Unit_Price,Sales,Discount,Discount_Amount,Net_Sales,Profit,City,State,Region,Payment_Method,Shipping_Mode,Year,Month_Number,Month,Profit_Margin
ORD100909,24-04-2024,CUST1658,Customer_0658,P2010,Dress,Clothing,Women,1.00,1999.00,1999.00,0.10,199.90,1799.10,521.74,Kolkata,West Bengal,East,Cash on Delivery,Standard,2024,4,April,0.29
ORD101378,26-01-2024,CUST1659,Customer_0555,P2009,Kurti,Clothing,Women,1.00,1199.00,1199.00,0.05,59.95,1139.05,347.41,Chennai,Tamil Nadu,South,UPI,Same Day,2024,1,January,0.305
ORD101940,08-10-2024,CUST1660,Customer_0799,P2014,Cookware Set,Home & Kitchen,Kitchen,1.00,2999.00,2999.00,0.10,299.90,2699.10,566.81,Kolkata,West Bengal,East,Debit Card,Express,2024,10,October,0.21
ORD101977,07-09-2024,CUST1661,Customer_0787,P2003,Laptop,Electronics,Computers,1.00,59999.00,59999.00,0.15,8999.85,50999.15,5864.90,Noida,Uttar Pradesh,North,Debit Card,Same Day,2024,9,September,0.115
ORD102078,16-08-2024,CUST1228,Customer_0228,P2005,Keyboard,Electronics,Accessories,2.00,1299.00,2598.00,0.30,779.40,1818.60,127.30,Chennai,Tamil Nadu,South,UPI,Standard,2024,8,August,0.07
ORD102301,22-05-2024,CUST1286,Customer_0286,P2006,Power Bank,Electronics,Accessories,1.00,1499.00,1499.00,0.20,299.80,1199.20,119.92,Kolkata,West Bengal,East,Debit Card,Standard,2024,5,May,0.1
ORD103524,14-04-2024,CUST1175,Customer_0175,P2013,Mixer Grinder,Home & Kitchen,Kitchen,1.00,3499.00,3499.00,0.20,699.80,2799.20,503.86,Delhi,Delhi,North,Cash on Delivery,Same Day,2024,4,April,0.18
ORD103532,23-11-2025,CUST1311,Customer_0311,P2012,Sandals,Clothing,Footwear,4.00,1299.00,5196.00,0.15,779.40,4416.60,1214.57,Gurugram,Haryana,North,UPI,Standard,2025,11,November,0.275
ORD101696,12-07-2025,CUST1071,Customer_0071,P2014,Cookware Set,Home & Kitchen,Kitchen,2.00,2999.00,5998.00,0.15,899.70,5098.30,994.17,Lucknow,Uttar Pradesh,North,UPI,Standard,2025,7,July,0.195
ORD101709,30-03-2024,CUST1085,Customer_0085,P2013,Mixer Grinder,Home & Kitchen,Kitchen,1.00,3499.00,3499.00,0.05,174.95,3324.05,747.91,Gurugram,Haryana,North,Net Banking,Express,2024,3,March,0.225
ORD103040,27-08-2025,CUST1055,Customer_0055,P2017,Office Chair,Home & Kitchen,Furniture,5.00,5999.00,29995.00,0.15,4499.25,25495.75,4971.67,Hyderabad,Telangana,South,Credit Card,Standard,2025,8,August,0.195
ORD101017,08-03-2025,CUST1241,Customer_0241,P2025,Football,Sports,Outdoor,1.00,999.00,999.00,0.25,249.75,749.25,153.60,Gurugram,Haryana,North,UPI,Same Day,2025,3,March,0.205
ORD101344,02-02-2024,CUST1689,Customer_0689,P2014,Cookware Set,Home & Kitchen,Kitchen,2.00,2999.00,5998.00,0.15,899.70,5098.30,994.17,Noida,Uttar Pradesh,North,Cash on Delivery,Express,2024,2,February,0.195
ORD102690,31-01-2024,CUST1245,Customer_0245,P2001,Smartphone,Electronics,Mobiles,1.00,24999.00,24999.00,0.05,1249.95,23749.05,3443.61,Chennai,Tamil Nadu,South,Debit Card,Standard,2024,1,January,0.145
ORD102892,05-04-2024,CUST1726,Customer_0726,P2015,Table Lamp,Home & Kitchen,Home Decor,3.00,1299.00,3897.00,0.00,0.00,3897.00,935.28,Chennai,Tamil Nadu,South,Credit Card,Standard,2024,4,April,0.24
ORD103451,11-08-2024,CUST1064,Customer_0064,P2002,Wireless Earbuds,Electronics,Mobiles,1.00,2999.00,2999.00,0.05,149.95,2849.05,413.11,Lucknow,Uttar Pradesh,North,Debit Card,Standard,2024,8,August,0.145
ORD103569,26-08-2024,CUST1592,Customer_0592,P2005,Keyboard,Electronics,Accessories,2.00,1299.00,2598.00,0.15,389.70,2208.30,253.95,Hyderabad,Telangana,South,UPI,Standard,2024,8,August,0.115
ORD104569,01-06-2025,CUST1156,Customer_0156,P2025,Football,Sports,Outdoor,2.00,999.00,1998.00,0.05,99.90,1898.10,503.00,Kolkata,West Bengal,East,Debit Card,Standard,2025,6,June,0.265
ORD104925,08-09-2025,CUST1785,Customer_0785,P2001,Smartphone,Electronics,Mobiles,1.00,24999.00,24999.00,0.05,1249.95,23749.05,3443.61,Jaipur,Rajasthan,North,UPI,Standard,2025,9,September,0.145
ORD100439,28-01-2024,CUST1715,Customer_0715,P2005,Keyboard,Electronics,Accessories,3.00,1299.00,3897.00,0.25,974.25,2922.75,248.43,Noida,Uttar Pradesh,North,Debit Card,Standard,2024,1,January,0.085
ORD100471,28-07-2025,CUST1623,Customer_0623,P2025,Football,Sports,Outdoor,1.00,999.00,999.00,0.10,99.90,899.10,224.78,Hyderabad,Telangana,South,Credit Card,Express,2025,7,July,0.25
ORD100530,22-07-2024,CUST1021,Customer_0021,P2005,Keyboard,Electronics,Accessories,1.00,1299.00,1299.00,0.25,324.75,974.25,82.81,Noida,Uttar Pradesh,North,Net Banking,Standard,2024,7,July,0.085
ORD101223,27-10-2025,CUST1151,Customer_0151,P2010,Dress,Clothing,Women,1.00,1999.00,1999.00,0.00,0.00,1999.00,639.68,Ahmedabad,Gujarat,West,UPI,Standard,2025,10,October,0.32
ORD101656,19-12-2025,CUST1745,Customer_0745,P2013,Mixer Grinder,Home & Kitchen,Kitchen,1.00,3499.00,3499.00,0.00,0.00,3499.00,839.76,Gurugram,Haryana,North,Credit Card,Express,2025,12,December,0.24
ORD103199,12-07-2025,CUST1521,Customer_0521,P2022,Yoga Mat,Sports,Fitness,1.00,899.00,899.00,0.10,89.90,809.10,202.28,Bengaluru,Karnataka,South,UPI,Standard,2025,7,July,0.25
ORD104677,05-03-2025,CUST1104,Customer_0104,P2017,Office Chair,Home & Kitchen,Furniture,1.00,5999.00,5999.00,0.10,599.90,5399.10,1133.81,Jaipur,Rajasthan,North,Net Banking,Standard,2025,3,March,0.21
ORD100270,13-08-2024,CUST1119,Customer_0119,P2014,Cookware Set,Home & Kitchen,Kitchen,2.00,2999.00,5998.00,0.05,299.90,5698.10,1282.07,Lucknow,Uttar Pradesh,North,UPI,Standard,2024,8,August,0.225
ORD100987,04-04-2025,CUST1552,Customer_0552,P2024,Cricket Bat,Sports,Outdoor,1.00,2499.00,2499.00,0.10,249.90,2249.10,562.28,Kolkata,West Bengal,East,Net Banking,Same Day,2025,4,April,0.25
ORD102291,26-08-2025,CUST1467,Customer_0467,P2012,Sandals,Clothing,Footwear,1.00,1299.00,1299.00,0.00,0.00,1299.00,415.68,Pune,Maharashtra,West,UPI,Standard,2025,8,August,0.32
ORD104245,11-10-2024,CUST1222,Customer_0222,P2010,Dress,Clothing,Women,2.00,1999.00,3998.00,0.25,999.50,2998.50,734.63,Mumbai,Maharashtra,West,Credit Card,Standard,2024,10,October,0.245
ORD100844,07-01-2024,CUST1754,Customer_0754,P2024,Cricket Bat,Sports,Outdoor,2.00,2499.00,4998.00,0.00,0.00,4998.00,1399.44,Noida,Uttar Pradesh,North,Cash on Delivery,Same Day,2024,1,January,0.28
ORD100871,12-06-2024,CUST1093,Customer_0093,P2004,Wireless Mouse,Electronics,Accessories,1.00,899.00,899.00,0.05,44.95,854.05,123.84,Noida,Uttar Pradesh,North,UPI,Standard,2024,6,June,0.145
ORD101375,15-12-2025,CUST1295,Customer_0295,P2009,Kurti,Clothing,Women,1.00,1199.00,1199.00,0.15,179.85,1019.15,280.27,Delhi,Delhi,North,Debit Card,Standard,2025,12,December,0.275
ORD102028,08-03-2025,CUST1107,Customer_0107,P2014,Cookware Set,Home & Kitchen,Kitchen,2.00,2999.00,5998.00,0.05,299.90,5698.10,1282.07,Hyderabad,Telangana,South,Credit Card,Standard,2025,3,March,0.225
ORD102288,14-12-2024,CUST1057,Customer_0057,P2022,Yoga Mat,Sports,Fitness,3.00,899.00,2697.00,0.20,539.40,2157.60,474.67,Noida,Uttar Pradesh,North,Debit Card,Standard,2024,12,December,0.22
ORD102390,11-10-2024,CUST1548,Customer_0548,P2020,Shampoo,Beauty,Haircare,1.00,599.00,599.00,0.05,29.95,569.05,207.70,Ahmedabad,Gujarat,West,Debit Card,Same Day,2024,10,October,0.365
ORD102405,08-06-2024,CUST1625,Customer_0625,P2022,Yoga Mat,Sports,Fitness,1.00,899.00,899.00,0.15,134.85,764.15,179.58,Jaipur,Rajasthan,North,UPI,Standard,2024,6,June,0.235
ORD102973,08-08-2024,CUST1461,Customer_0461,P2020,Shampoo,Beauty,Haircare,1.00,599.00,599.00,0.10,59.90,539.10,188.68,Mumbai,Maharashtra,West,Credit Card,Standard,2024,8,August,0.35
ORD103901,10-12-2024,CUST1053,Customer_0053,P2017,Office Chair,Home & Kitchen,Furniture,3.00,5999.00,17997.00,0.05,899.85,17097.15,3846.86,Lucknow,Uttar Pradesh,North,Cash on Delivery,Express,2024,12,December,0.225
ORD104013,14-04-2024,CUST1527,Customer_0527,P2022,Yoga Mat,Sports,Fitness,1.00,899.00,899.00,0.15,134.85,764.15,179.58,Delhi,Delhi,North,UPI,Standard,2024,4,April,0.235
ORD104043,04-04-2024,CUST1751,Customer_0751,P2013,Mixer Grinder,Home & Kitchen,Kitchen,1.00,3499.00,3499.00,0.15,524.85,2974.15,579.96,Pune,Maharashtra,West,UPI,Standard,2024,4,April,0.195
ORD104623,24-01-2025,CUST1334,Customer_0334,P2006,Power Bank,Electronics,Accessories,4.00,1499.00,5996.00,0.10,599.60,5396.40,701.53,Kolkata,West Bengal,East,UPI,Express,2025,1,January,0.13
ORD100978,09-04-2024,CUST1431,Customer_0431,P2017,Office Chair,Home & Kitchen,Furniture,1.00,5999.00,5999.00,0.05,299.95,5699.05,1282.29,Delhi,Delhi,North,Credit Card,Standard,2024,4,April,0.225
ORD100989,02-01-2025,CUST1572,Customer_0572,P2022,Yoga Mat,Sports,Fitness,1.00,899.00,899.00,0.00,0.00,899.00,251.72,Chennai,Tamil Nadu,South,Credit Card,Standard,2025,1,January,0.28
ORD102711,18-12-2024,CUST1440,Customer_0440,P2024,Cricket Bat,Sports,Outdoor,4.00,2499.00,9996.00,0.25,2499.00,7497.00,1536.89,Lucknow,Uttar Pradesh,North,Debit Card,Express,2024,12,December,0.205
ORD103006,10-09-2025,CUST1028,Customer_0028,P2003,Laptop,Electronics,Computers,1.00,59999.00,59999.00,0.10,5999.90,53999.10,7019.88,Gurugram,Haryana,North,Net Banking,Standard,2025,9,September,0.13
ORD104466,27-09-2024,CUST1397,Customer_0397,P2013,Mixer Grinder,Home & Kitchen,Kitchen,2.00,3499.00,6998.00,0.10,699.80,6298.20,1322.62,Mumbai,Maharashtra,West,UPI,Standard,2024,9,September,0.21
ORD104987,14-02-2024,CUST1413,Customer_0413,P2004,Wireless Mouse,Electronics,Accessories,2.00,899.00,1798.00,0.10,179.80,1618.20,210.37,Bengaluru,Karnataka,South,UPI,Standard,2024,2,February,0.13
ORD100409,15-04-2025,CUST1456,Customer_0456,P2006,Power Bank,Electronics,Accessories,1.00,1499.00,1499.00,0.10,149.90,1349.10,175.38,Delhi,Delhi,North,Net Banking,Express,2025,4,April,0.13
ORD101457,03-07-2025,CUST1137,Customer_0137,P2018,Face Wash,Beauty,Skincare,1.00,399.00,399.00,0.15,59.85,339.15,113.62,Pune,Maharashtra,West,Debit Card,Standard,2025,7,July,0.335
ORD101653,07-05-2024,CUST1682,Customer_0682,P2002,Wireless Earbuds,Electronics,Mobiles,1.00,2999.00,2999.00,0.15,449.85,2549.15,293.15,Mumbai,Maharashtra,West,UPI,Standard,2024,5,May,0.115
ORD102202,22-01-2025,CUST1480,Customer_0480,P2004,Wireless Mouse,Electronics,Accessories,2.00,899.00,1798.00,0.10,179.80,1618.20,210.37,Noida,Uttar Pradesh,North,UPI,Standard,2025,1,January,0.13
ORD102316,21-03-2024,CUST1680,Customer_0680,P2022,Yoga Mat,Sports,Fitness,2.00,899.00,1798.00,0.25,449.50,1348.50,276.44,Mumbai,Maharashtra,West,UPI,Express,2024,3,March,0.205
ORD103078,19-07-2025,CUST1084,Customer_0084,P2011,Sneakers,Clothing,Footwear,2.00,2499.00,4998.00,0.30,1499.40,3498.60,804.68,Bengaluru,Karnataka,South,Debit Card,Standard,2025,7,July,0.23
ORD103229,27-10-2024,CUST1687,Customer_0687,P2005,Keyboard,Electronics,Accessories,1.00,1299.00,1299.00,0.30,389.70,909.30,63.65,Bengaluru,Karnataka,South,Cash on Delivery,Express,2024,10,October,0.07
ORD103279,05-10-2025,CUST1234,Customer_0234,P2025,Football,Sports,Outdoor,1.00,999.00,999.00,0.20,199.80,799.20,175.82,Mumbai,Maharashtra,West,Debit Card,Express,2025,10,October,0.22
ORD103416,25-09-2025,CUST1074,Customer_0074,P2016,Bedsheet Set,Home & Kitchen,Home Decor,1.00,999.00,999.00,0.10,99.90,899.10,188.81,Mumbai,Maharashtra,West,UPI,Standard,2025,9,September,0.21
ORD103728,05-01-2025,CUST1707,Customer_0707,P2016,Bedsheet Set,Home & Kitchen,Home Decor,2.00,999.00,1998.00,0.00,0.00,1998.00,479.52,Kolkata,West Bengal,East,UPI,Standard,2025,1,January,0.24
ORD103834,14-08-2025,CUST1527,Customer_0527,P2002,Wireless Earbuds,Electronics,Mobiles,3.00,2999.00,8997.00,0.15,1349.55,7647.45,879.46,Pune,Maharashtra,West,Debit Card,Standard,2025,8,August,0.115
ORD104875,15-07-2024,CUST1716,Customer_0716,P2017,Office Chair,Home & Kitchen,Furniture,2.00,5999.00,11998.00,0.10,1199.80,10798.20,2267.62,Gurugram,Haryana,North,UPI,Standard,2024,7,July,0.21
ORD100659,22-12-2025,CUST1479,Customer_0479,P2024,Cricket Bat,Sports,Outdoor,2.00,2499.00,4998.00,0.15,749.70,4248.30,998.35,Jaipur,Rajasthan,North,Credit Card,Standard,2025,12,December,0.235
ORD102209,12-03-2024,CUST1065,Customer_0065,P2001,Smartphone,Electronics,Mobiles,1.00,24999.00,24999.00,0.00,0.00,24999.00,3999.84,Chennai,Tamil Nadu,South,Debit Card,Standard,2024,3,March,0.16
ORD102266,16-02-2024,CUST1036,Customer_0036,P2008,Jeans,Clothing,Men,1.00,1799.00,1799.00,0.05,89.95,1709.05,521.26,Mumbai,Maharashtra,West,Cash on Delivery,Same Day,2024,2,February,0.305
ORD102305,08-11-2025,CUST1204,Customer_0204,P2008,Jeans,Clothing,Men,2.00,1799.00,3598.00,0.05,179.90,3418.10,1042.52,Gurugram,Haryana,North,Credit Card,Standard,2025,11,November,0.305
ORD102982,21-08-2024,CUST1339,Customer_0339,P2010,Dress,Clothing,Women,1.00,1999.00,1999.00,0.10,199.90,1799.10,521.74,Lucknow,Uttar Pradesh,North,Debit Card,Express,2024,8,August,0.29
ORD103189,23-10-2024,CUST1734,Customer_0734,P2009,Kurti,Clothing,Women,1.00,1199.00,1199.00,0.15,179.85,1019.15,280.27,Ahmedabad,Gujarat,West,Credit Card,Express,2024,10,October,0.275
ORD104530,22-03-2024,CUST1120,Customer_0120,P2005,Keyboard,Electronics,Accessories,3.00,1299.00,3897.00,0.00,0.00,3897.00,623.52,Noida,Uttar Pradesh,North,UPI,Standard,2024,3,March,0.16
ORD100234,26-08-2024,CUST1091,Customer_0091,P2006,Power Bank,Electronics,Accessories,2.00,1499.00,2998.00,0.25,749.50,2248.50,191.12,Delhi,Delhi,North,Credit Card,Standard,2024,8,August,0.085
ORD101439,13-04-2024,CUST1508,Customer_0508,P2007,T-Shirt,Clothing,Men,2.00,799.00,1598.00,0.05,79.90,1518.10,463.02,Noida,Uttar Pradesh,North,UPI,Standard,2024,4,April,0.305
ORD101491,24-01-2025,CUST1452,Customer_0452,P2012,Sandals,Clothing,Footwear,2.00,1299.00,2598.00,0.05,129.90,2468.10,752.77,Mumbai,Maharashtra,West,Debit Card,Same Day,2025,1,January,0.305
ORD101525,11-10-2024,CUST1044,Customer_0044,P2010,Dress,Clothing,Women,1.00,1999.00,1999.00,0.20,399.80,1599.20,415.79,Hyderabad,Telangana,South,UPI,Standard,2024,10,October,0.26
ORD102067,09-04-2025,CUST1268,Customer_0268,P2020,Shampoo,Beauty,Haircare,5.00,599.00,2995.00,0.10,299.50,2695.50,943.42,Hyderabad,Telangana,South,UPI,Express,2025,4,April,0.35
ORD102397,12-10-2025,CUST1007,Customer_0007,P2008,Jeans,Clothing,Men,2.00,1799.00,3598.00,0.00,0.00,3598.00,1151.36,Ahmedabad,Gujarat,West,Net Banking,Same Day,2025,10,October,0.32
ORD102555,08-01-2025,CUST1445,Customer_0445,P2014,Cookware Set,Home & Kitchen,Kitchen,1.00,2999.00,2999.00,0.05,149.95,2849.05,641.04,Chennai,Tamil Nadu,South,Debit Card,Standard,2025,1,January,0.225
ORD102782,15-06-2024,CUST1620,Customer_0620,P2022,Yoga Mat,Sports,Fitness,3.00,899.00,2697.00,0.20,539.40,2157.60,474.67,Gurugram,Haryana,North,Net Banking,Standard,2024,6,June,0.22
ORD103198,14-01-2025,CUST1592,Customer_0592,P2018,Face Wash,Beauty,Skincare,3.00,399.00,1197.00,0.10,119.70,1077.30,377.05,Lucknow,Uttar Pradesh,North,Credit Card,Same Day,2025,1,January,0.35
ORD103918,29-12-2024,CUST1388,Customer_0388,P2005,Keyboard,Electronics,Accessories,2.00,1299.00,2598.00,0.10,259.80,2338.20,303.97,Delhi,Delhi,North,UPI,Standard,2024,12,December,0.13
ORD104303,02-08-2024,CUST1114,Customer_0114,P2011,Sneakers,Clothing,Footwear,3.00,2499.00,7497.00,0.10,749.70,6747.30,1956.72,Pune,Maharashtra,West,Credit Card,Standard,2024,8,August,0.29
ORD100328,17-11-2025,CUST1614,Customer_0614,P2014,Cookware Set,Home & Kitchen,Kitchen,1.00,2999.00,2999.00,0.20,599.80,2399.20,431.86,Gurugram,Haryana,North,UPI,Express,2025,11,November,0.18
ORD100501,30-09-2024,CUST1075,Customer_0075,P2019,Sunscreen,Beauty,Skincare,1.00,699.00,699.00,0.20,139.80,559.20,178.94,Lucknow,Uttar Pradesh,North,Credit Card,Standard,2024,9,September,0.32
ORD100791,19-12-2025,CUST1212,Customer_0212,P2024,Cricket Bat,Sports,Outdoor,1.00,2499.00,2499.00,0.20,499.80,1999.20,439.82,Chennai,Tamil Nadu,South,UPI,Express,2025,12,December,0.22
ORD101127,30-11-2025,CUST1133,Customer_0133,P2003,Laptop,Electronics,Computers,1.00,59999.00,59999.00,0.25,14999.75,44999.25,3824.94,Chennai,Tamil Nadu,South,Debit Card,Standard,2025,11,November,0.085
ORD101398,25-10-2025,CUST1082,Customer_0082,P2004,Wireless Mouse,Electronics,Accessories,1.00,899.00,899.00,0.10,89.90,809.10,105.18,Ahmedabad,Gujarat,West,Debit Card,Standard,2025,10,October,0.13
ORD102020,14-03-2024,CUST1047,Customer_0047,P2015,Table Lamp,Home & Kitchen,Home Decor,3.00,1299.00,3897.00,0.00,0.00,3897.00,935.28,Chennai,Tamil Nadu,South,UPI,Express,2024,3,March,0.24
ORD103481,15-09-2025,CUST1307,Customer_0307,P2005,Keyboard,Electronics,Accessories,5.00,1299.00,6495.00,0.10,649.50,5845.50,759.92,Chennai,Tamil Nadu,South,Credit Card,Express,2025,9,September,0.13
ORD100374,12-10-2025,CUST1190,Customer_0190,P2022,Yoga Mat,Sports,Fitness,2.00,899.00,1798.00,0.15,269.70,1528.30,359.15,Chennai,Tamil Nadu,South,Debit Card,Standard,2025,10,October,0.235
ORD100784,24-06-2024,CUST1256,Customer_0256,P2007,T-Shirt,Clothing,Men,2.00,799.00,1598.00,0.10,159.80,1438.20,417.08,Delhi,Delhi,North,Credit Card,Express,2024,6,June,0.29
ORD101817,30-06-2025,CUST1583,Customer_0583,P2024,Cricket Bat,Sports,Outdoor,2.00,2499.00,4998.00,0.10,499.80,4498.20,1124.55,Lucknow,Uttar Pradesh,North,Credit Card,Same Day,2025,6,June,0.25
ORD103716,07-09-2024,CUST1035,Customer_0035,P2008,Jeans,Clothing,Men,2.00,1799.00,3598.00,0.05,179.90,3418.10,1042.52,Gurugram,Haryana,North,Credit Card,Standard,2024,9,September,0.305
ORD104075,16-06-2024,CUST1423,Customer_0423,P2018,Face Wash,Beauty,Skincare,1.00,399.00,399.00,0.20,79.80,319.20,102.14,Bengaluru,Karnataka,South,Credit Card,Standard,2024,6,June,0.32
ORD104372,18-04-2025,CUST1389,Customer_0389,P2001,Smartphone,Electronics,Mobiles,3.00,24999.00,74997.00,0.15,11249.55,63747.45,7330.96,Chennai,Tamil Nadu,South,Credit Card,Standard,2025,4,April,0.115
ORD104468,23-01-2025,CUST1476,Customer_0476,P2003,Laptop,Electronics,Computers,5.00,59999.00,299995.00,0.20,59999.00,239996.00,23999.60,Bengaluru,Karnataka,South,Net Banking,Standard,2025,1,January,0.1
ORD104614,03-10-2024,CUST1704,Customer_0704,P2002,Wireless Earbuds,Electronics,Mobiles,2.00,2999.00,5998.00,0.15,899.70,5098.30,586.30,Hyderabad,Telangana,South,UPI,Express,2024,10,October,0.115
ORD100373,17-10-2025,CUST1012,Customer_0012,P2014,Cookware Set,Home & Kitchen,Kitchen,1.00,2999.00,2999.00,0.20,599.80,2399.20,431.86,Ahmedabad,Gujarat,West,Net Banking,Standard,2025,10,October,0.18
ORD100398,05-12-2025,CUST1428,Customer_0428,P2022,Yoga Mat,Sports,Fitness,2.00,899.00,1798.00,0.15,269.70,1528.30,359.15,Pune,Maharashtra,West,Cash on Delivery,Same Day,2025,12,December,0.235
ORD100965,24-07-2025,CUST1409,Customer_0409,P2004,Wireless Mouse,Electronics,Accessories,1.00,899.00,899.00,0.10,89.90,809.10,105.18,Gurugram,Haryana,North,Debit Card,Express,2025,7,July,0.13
ORD103103,12-08-2024,CUST1206,Customer_0206,P2012,Sandals,Clothing,Footwear,1.00,1299.00,1299.00,0.00,0.00,1299.00,415.68,Gurugram,Haryana,North,Net Banking,Same Day,2024,8,August,0.32
ORD100174,02-12-2025,CUST1551,Customer_0551,P2013,Mixer Grinder,Home & Kitchen,Kitchen,1.00,3499.00,3499.00,0.10,349.90,3149.10,661.31,Chennai,Tamil Nadu,South,UPI,Standard,2025,12,December,0.21
ORD101413,28-11-2024,CUST1752,Customer_0752,P2004,Wireless Mouse,Electronics,Accessories,3.00,899.00,2697.00,0.20,539.40,2157.60,215.76,Mumbai,Maharashtra,West,Cash on Delivery,Same Day,2024,11,November,0.1
ORD101690,27-02-2024,CUST1285,Customer_0285,P2001,Smartphone,Electronics,Mobiles,1.00,24999.00,24999.00,0.10,2499.90,22499.10,2924.88,Lucknow,Uttar Pradesh,North,UPI,Standard,2024,2,February,0.13
ORD102286,22-08-2024,CUST1211,Customer_0211,P2011,Sneakers,Clothing,Footwear,1.00,2499.00,2499.00,0.20,499.80,1999.20,519.79,Gurugram,Haryana,North,Cash on Delivery,Standard,2024,8,August,0.26
ORD102689,02-02-2024,CUST1498,Customer_0498,P2022,Yoga Mat,Sports,Fitness,3.00,899.00,2697.00,0.00,0.00,2697.00,755.16,Kolkata,West Bengal,East,Debit Card,Standard,2024,2,February,0.28
ORD103193,19-11-2024,CUST1169,Customer_0169,P2022,Yoga Mat,Sports,Fitness,1.00,899.00,899.00,0.15,134.85,764.15,179.58,Lucknow,Uttar Pradesh,North,Credit Card,Standard,2024,11,November,0.235
ORD104125,14-02-2025,CUST1089,Customer_0089,P2016,Bedsheet Set,Home & Kitchen,Home Decor,3.00,999.00,2997.00,0.05,149.85,2847.15,640.61,Mumbai,Maharashtra,West,Debit Card,Standard,2025,2,February,0.225
ORD104816,01-10-2024,CUST1424,Customer_0424,P2001,Smartphone,Electronics,Mobiles,2.00,24999.00,49998.00,0.05,2499.90,47498.10,6887.22,Jaipur,Rajasthan,North,Debit Card,Standard,2024,10,October,0.145
ORD100671,08-03-2024,CUST1453,Customer_0453,P2007,T-Shirt,Clothing,Men,1.00,799.00,799.00,0.25,199.75,599.25,146.82,Pune,Maharashtra,West,UPI,Standard,2024,3,March,0.245
ORD100732,04-08-2024,CUST1374,Customer_0374,P2006,Power Bank,Electronics,Accessories,1.00,1499.00,1499.00,0.10,149.90,1349.10,175.38,Mumbai,Maharashtra,West,Debit Card,Same Day,2024,8,August,0.13
ORD101504,03-08-2025,CUST1534,Customer_0534,P2016,Bedsheet Set,Home & Kitchen,Home Decor,1.00,999.00,999.00,0.05,49.95,949.05,213.54,Lucknow,Uttar Pradesh,North,UPI,Standard,2025,8,August,0.225
ORD101669,18-11-2024,CUST1491,Customer_0491,P2004,Wireless Mouse,Electronics,Accessories,1.00,899.00,899.00,0.25,224.75,674.25,57.31,Lucknow,Uttar Pradesh,North,UPI,Standard,2024,11,November,0.085
ORD101826,05-08-2024,CUST1169,Customer_0169,P2002,Wireless Earbuds,Electronics,Mobiles,1.00,2999.00,2999.00,0.00,0.00,2999.00,479.84,Lucknow,Uttar Pradesh,North,Credit Card,Express,2024,8,August,0.16
ORD101969,02-11-2025,CUST1089,Customer_0089,P2015,Table Lamp,Home & Kitchen,Home Decor,1.00,1299.00,1299.00,0.15,194.85,1104.15,215.31,Jaipur,Rajasthan,North,Credit Card,Express,2025,11,November,0.195
ORD104990,26-05-2025,CUST1154,Customer_0154,P2001,Smartphone,Electronics,Mobiles,1.00,24999.00,24999.00,0.30,7499.70,17499.30,1224.95,Noida,Uttar Pradesh,North,Credit Card,Standard,2025,5,May,0.07
ORD100967,09-02-2025,CUST1562,Customer_0562,P2017,Office Chair,Home & Kitchen,Furniture,4.00,5999.00,23996.00,0.05,1199.80,22796.20,5129.14,Gurugram,Haryana,North,UPI,Standard,2025,2,February,0.225
ORD101381,20-10-2025,CUST1735,Customer_0735,P2004,Wireless Mouse,Electronics,Accessories,2.00,899.00,1798.00,0.05,89.90,1708.10,247.67,Pune,Maharashtra,West,UPI,Same Day,2025,10,October,0.145
ORD102795,14-04-2025,CUST1412,Customer_0412,P2006,Power Bank,Electronics,Accessories,1.00,1499.00,1499.00,0.20,299.80,1199.20,119.92,Chennai,Tamil Nadu,South,Debit Card,Express,2025,4,April,0.1
ORD103074,26-05-2024,CUST1747,Customer_0747,P2003,Laptop,Electronics,Computers,1.00,59999.00,59999.00,0.25,14999.75,44999.25,3824.94,Lucknow,Uttar Pradesh,North,Net Banking,Standard,2024,5,May,0.085
ORD103775,28-09-2024,CUST1206,Customer_0206,P2008,Jeans,Clothing,Men,2.00,1799.00,3598.00,0.05,179.90,3418.10,1042.52,Mumbai,Maharashtra,West,Debit Card,Standard,2024,9,September,0.305
ORD104672,22-05-2024,CUST1310,Customer_0310,P2018,Face Wash,Beauty,Skincare,2.00,399.00,798.00,0.20,159.60,638.40,204.29,Chennai,Tamil Nadu,South,Debit Card,Standard,2024,5,May,0.32
ORD100920,09-09-2024,CUST1292,Customer_0292,P2002,Wireless Earbuds,Electronics,Mobiles,2.00,2999.00,5998.00,0.10,599.80,5398.20,701.77,Bengaluru,Karnataka,South,UPI,Standard,2024,9,September,0.13
ORD102595,28-07-2025,CUST1386,Customer_0386,P2019,Sunscreen,Beauty,Skincare,2.00,699.00,1398.00,0.10,139.80,1258.20,440.37,Jaipur,Rajasthan,North,Net Banking,Express,2025,7,July,0.35
ORD104281,05-07-2025,CUST1015,Customer_0015,P2013,Mixer Grinder,Home & Kitchen,Kitchen,1.00,3499.00,3499.00,0.00,0.00,3499.00,839.76,Noida,Uttar Pradesh,North,Credit Card,Standard,2025,7,July,0.24
ORD104417,26-09-2024,CUST1158,Customer_0158,P2018,Face Wash,Beauty,Skincare,5.00,399.00,1995.00,0.20,399.00,1596.00,510.72,Jaipur,Rajasthan,North,Debit Card,Standard,2024,9,September,0.32
ORD100023,21-08-2025,CUST1112,Customer_0112,P2017,Office Chair,Home & Kitchen,Furniture,2.00,5999.00,11998.00,0.20,2399.60,9598.40,1727.71,Chennai,Tamil Nadu,South,UPI,Standard,2025,8,August,0.18
ORD102331,14-03-2025,CUST1086,Customer_0086,P2023,Dumbbells,Sports,Fitness,1.00,1599.00,1599.00,0.15,239.85,1359.15,319.40,Delhi,Delhi,North,UPI,Standard,2025,3,March,0.235
ORD102544,20-08-2025,CUST1709,Customer_0709,P2009,Kurti,Clothing,Women,1.00,1199.00,1199.00,0.05,59.95,1139.05,347.41,Noida,Uttar Pradesh,North,Net Banking,Standard,2025,8,August,0.305
ORD104371,12-02-2025,CUST1385,Customer_0385,P2021,Perfume,Beauty,Fragrance,2.00,1499.00,2998.00,0.10,299.80,2698.20,944.37,Delhi,Delhi,North,UPI,Standard,2025,2,February,0.35
ORD100932,05-01-2025,CUST1373,Customer_0373,P2017,Office Chair,Home & Kitchen,Furniture,5.00,5999.00,29995.00,0.05,1499.75,28495.25,6411.43,Hyderabad,Telangana,South,UPI,Express,2025,1,January,0.225
ORD101795,12-08-2024,CUST1008,Customer_0008,P2002,Wireless Earbuds,Electronics,Mobiles,1.00,2999.00,2999.00,0.10,299.90,2699.10,350.88,Bengaluru,Karnataka,South,UPI,Express,2024,8,August,0.13
ORD102959,21-05-2024,CUST1118,Customer_0118,P2016,Bedsheet Set,Home & Kitchen,Home Decor,1.00,999.00,999.00,0.10,99.90,899.10,188.81,Noida,Uttar Pradesh,North,Credit Card,Standard,2024,5,May,0.21
ORD103560,05-06-2025,CUST1550,Customer_0550,P2014,Cookware Set,Home & Kitchen,Kitchen,1.00,2999.00,2999.00,0.20,599.80,2399.20,431.86,Noida,Uttar Pradesh,North,Debit Card,Standard,2025,6,June,0.18
ORD103843,20-05-2025,CUST1030,Customer_0030,P2023,Dumbbells,Sports,Fitness,1.00,1599.00,1599.00,0.05,79.95,1519.05,402.55,Ahmedabad,Gujarat,West,Cash on Delivery,Express,2025,5,May,0.265
ORD104040,03-04-2024,CUST1311,Customer_0311,P2008,Jeans,Clothing,Men,3.00,1799.00,5397.00,0.10,539.70,4857.30,1408.62,Jaipur,Rajasthan,North,UPI,Standard,2024,4,April,0.29
ORD104213,18-02-2024,CUST1571,Customer_0571,P2007,T-Shirt,Clothing,Men,3.00,799.00,2397.00,0.15,359.55,2037.45,560.30,Mumbai,Maharashtra,West,UPI,Standard,2024,2,February,0.275
ORD104532,22-04-2024,CUST1322,Customer_0322,P2003,Laptop,Electronics,Computers,1.00,59999.00,59999.00,0.05,2999.95,56999.05,8264.86,Noida,Uttar Pradesh,North,UPI,Express,2024,4,April,0.145
ORD100077,05-06-2024,CUST1053,Customer_0053,P2003,Laptop,Electronics,Computers,1.00,59999.00,59999.00,0.15,8999.85,50999.15,5864.90,Jaipur,Rajasthan,North,Cash on Delivery,Standard,2024,6,June,0.115
ORD101648,04-10-2025,CUST1340,Customer_0340,P2004,Wireless Mouse,Electronics,Accessories,2.00,899.00,1798.00,0.15,269.70,1528.30,175.75,Hyderabad,Telangana,South,Net Banking,Express,2025,10,October,0.115
ORD101936,12-06-2024,CUST1798,Customer_0798,P2012,Sandals,Clothing,Footwear,5.00,1299.00,6495.00,0.00,0.00,6495.00,2078.40,Bengaluru,Karnataka,South,UPI,Same Day,2024,6,June,0.32
ORD102127,27-11-2025,CUST1052,Customer_0052,P2014,Cookware Set,Home & Kitchen,Kitchen,1.00,2999.00,2999.00,0.15,449.85,2549.15,497.08,Lucknow,Uttar Pradesh,North,Debit Card,Same Day,2025,11,November,0.195
ORD102879,08-03-2025,CUST1705,Customer_0705,P2005,Keyboard,Electronics,Accessories,2.00,1299.00,2598.00,0.10,259.80,2338.20,303.97,Kolkata,West Bengal,East,UPI,Standard,2025,3,March,0.13
ORD103856,02-09-2025,CUST1270,Customer_0270,P2023,Dumbbells,Sports,Fitness,1.00,1599.00,1599.00,0.00,0.00,1599.00,447.72,Delhi,Delhi,North,Credit Card,Express,2025,9,September,0.28
ORD104610,06-03-2024,CUST1700,Customer_0700,P2003,Laptop,Electronics,Computers,2.00,59999.00,119998.00,0.25,29999.50,89998.50,7649.87,Ahmedabad,Gujarat,West,Net Banking,Express,2024,3,March,0.085
ORD100125,29-01-2025,CUST1331,Customer_0331,P2017,Office Chair,Home & Kitchen,Furniture,1.00,5999.00,5999.00,0.20,1199.80,4799.20,863.86,Lucknow,Uttar Pradesh,North,Credit Card,Standard,2025,1,January,0.18
ORD100692,25-01-2025,CUST1100,Customer_0100,P2020,Shampoo,Beauty,Haircare,3.00,599.00,1797.00,0.05,89.85,1707.15,623.11,Delhi,Delhi,North,Credit Card,Standard,2025,1,January,0.365
ORD101550,02-09-2025,CUST1224,Customer_0224,P2024,Cricket Bat,Sports,Outdoor,5.00,2499.00,12495.00,0.10,1249.50,11245.50,2811.38,Gurugram,Haryana,North,Credit Card,Express,2025,9,September,0.25
ORD101992,24-04-2025,CUST1783,Customer_0783,P2014,Cookware Set,Home & Kitchen,Kitchen,1.00,2999.00,2999.00,0.15,449.85,2549.15,497.08,Kolkata,West Bengal,East,Debit Card,Standard,2025,4,April,0.195
ORD103762,25-06-2025,CUST1565,Customer_0565,P2016,Bedsheet Set,Home & Kitchen,Home Decor,1.00,999.00,999.00,0.30,299.70,699.30,104.90,Pune,Maharashtra,West,Credit Card,Standard,2025,6,June,0.15
ORD104542,14-09-2024,CUST1622,Customer_0622,P2024,Cricket Bat,Sports,Outdoor,4.00,2499.00,9996.00,0.05,499.80,9496.20,2516.49,Hyderabad,Telangana,South,UPI,Standard,2024,9,September,0.265
ORD104352,20-07-2025,CUST1506,Customer_0506,P2016,Bedsheet Set,Home & Kitchen,Home Decor,1.00,999.00,999.00,0.15,149.85,849.15,165.58,Hyderabad,Telangana,South,Cash on Delivery,Express,2025,7,July,0.195
ORD104547,12-01-2024,CUST1646,Customer_0646,P2009,Kurti,Clothing,Women,3.00,1199.00,3597.00,0.15,539.55,3057.45,840.80,Jaipur,Rajasthan,North,Cash on Delivery,Express,2024,1,January,0.275
ORD104583,27-11-2025,CUST1092,Customer_0092,P2015,Table Lamp,Home & Kitchen,Home Decor,1.00,1299.00,1299.00,0.05,64.95,1234.05,277.66,Noida,Uttar Pradesh,North,Debit Card,Express,2025,11,November,0.225
ORD104766,27-04-2024,CUST1140,Customer_0140,P2010,Dress,Clothing,Women,2.00,1999.00,3998.00,0.20,799.60,3198.40,831.58,Bengaluru,Karnataka,South,Net Banking,Express,2024,4,April,0.26
ORD104924,29-11-2025,CUST1666,Customer_0666,P2011,Sneakers,Clothing,Footwear,2.00,2499.00,4998.00,0.15,749.70,4248.30,1168.28,Gurugram,Haryana,North,UPI,Standard,2025,11,November,0.275
ORD100106,03-07-2025,CUST1740,Customer_0740,P2010,Dress,Clothing,Women,1.00,1999.00,1999.00,0.00,0.00,1999.00,639.68,Chennai,Tamil Nadu,South,Credit Card,Standard,2025,7,July,0.32
ORD100931,30-09-2024,CUST1426,Customer_0426,P2016,Bedsheet Set,Home & Kitchen,Home Decor,1.00,999.00,999.00,0.05,49.95,949.05,213.54,Lucknow,Uttar Pradesh,North,UPI,Express,2024,9,September,0.225
ORD100937,18-10-2025,CUST1243,Customer_0243,P2016,Bedsheet Set,Home & Kitchen,Home Decor,2.00,999.00,1998.00,0.15,299.70,1698.30,331.17,Jaipur,Rajasthan,North,UPI,Standard,2025,10,October,0.195
ORD101544,14-12-2024,CUST1130,Customer_0130,P2005,Keyboard,Electronics,Accessories,2.00,1299.00,2598.00,0.00,0.00,2598.00,415.68,Kolkata,West Bengal,East,UPI,Express,2024,12,December,0.16
ORD101744,24-04-2024,CUST1593,Customer_0593,P2014,Cookware Set,Home & Kitchen,Kitchen,1.00,2999.00,2999.00,0.10,299.90,2699.10,566.81,Pune,Maharashtra,West,UPI,Standard,2024,4,April,0.21
ORD102012,27-10-2024,CUST1088,Customer_0088,P2014,Cookware Set,Home & Kitchen,Kitchen,4.00,2999.00,11996.00,0.15,1799.40,10196.60,1988.34,Chennai,Tamil Nadu,South,UPI,Express,2024,10,October,0.195
ORD102086,21-03-2025,CUST1279,Customer_0279,P2016,Bedsheet Set,Home & Kitchen,Home Decor,2.00,999.00,1998.00,0.25,499.50,1498.50,247.25,Delhi,Delhi,North,Debit Card,Standard,2025,3,March,0.165
ORD103069,10-06-2024,CUST1702,Customer_0702,P2013,Mixer Grinder,Home & Kitchen,Kitchen,1.00,3499.00,3499.00,0.10,349.90,3149.10,661.31,Hyderabad,Telangana,South,Debit Card,Standard,2024,6,June,0.21
ORD100800,09-04-2025,CUST1323,Customer_0323,P2025,Football,Sports,Outdoor,2.00,999.00,1998.00,0.15,299.70,1698.30,399.10,Hyderabad,Telangana,South,Debit Card,Standard,2025,4,April,0.235
ORD101030,04-01-2024,CUST1390,Customer_0390,P2021,Perfume,Beauty,Fragrance,1.00,1499.00,1499.00,0.05,74.95,1424.05,519.78,Mumbai,Maharashtra,West,Credit Card,Standard,2024,1,January,0.365
ORD101036,26-09-2024,CUST1067,Customer_0067,P2006,Power Bank,Electronics,Accessories,2.00,1499.00,2998.00,0.05,149.90,2848.10,412.97,Noida,Uttar Pradesh,North,Credit Card,Same Day,2024,9,September,0.145
ORD101041,27-05-2025,CUST1509,Customer_0509,P2008,Jeans,Clothing,Men,1.00,1799.00,1799.00,0.10,179.90,1619.10,469.54,Noida,Uttar Pradesh,North,Debit Card,Standard,2025,5,May,0.29
ORD104368,01-07-2024,CUST1545,Customer_0545,P2010,Dress,Clothing,Women,1.00,1999.00,1999.00,0.10,199.90,1799.10,521.74,Delhi,Delhi,North,UPI,Standard,2024,7,July,0.29
ORD104871,03-06-2025,CUST1412,Customer_0412,P2017,Office Chair,Home & Kitchen,Furniture,2.00,5999.00,11998.00,0.05,599.90,11398.10,2564.57,Delhi,Delhi,North,Credit Card,Same Day,2025,6,June,0.225
ORD100593,18-04-2024,CUST1053,Customer_0053,P2003,Laptop,Electronics,Computers,1.00,59999.00,59999.00,0.10,5999.90,53999.10,7019.88,Kolkata,West Bengal,East,Debit Card,Express,2024,4,April,0.13
ORD100908,02-10-2025,CUST1745,Customer_0745,P2009,Kurti,Clothing,Women,2.00,1199.00,2398.00,0.20,479.60,1918.40,498.78,Jaipur,Rajasthan,North,Credit Card,Express,2025,10,October,0.26
ORD101570,01-11-2024,CUST1758,Customer_0758,P2006,Power Bank,Electronics,Accessories,3.00,1499.00,4497.00,0.00,0.00,4497.00,719.52,Jaipur,Rajasthan,North,Net Banking,Standard,2024,11,November,0.16
ORD101828,16-10-2025,CUST1510,Customer_0510,P2005,Keyboard,Electronics,Accessories,1.00,1299.00,1299.00,0.15,194.85,1104.15,126.98,Bengaluru,Karnataka,South,UPI,Standard,2025,10,October,0.115
ORD102135,03-06-2025,CUST1570,Customer_0570,P2010,Dress,Clothing,Women,2.00,1999.00,3998.00,0.10,399.80,3598.20,1043.48,Gurugram,Haryana,North,Credit Card,Standard,2025,6,June,0.29
ORD102511,15-09-2025,CUST1192,Customer_0192,P2020,Shampoo,Beauty,Haircare,1.00,599.00,599.00,0.20,119.80,479.20,153.34,Mumbai,Maharashtra,West,Debit Card,Same Day,2025,9,September,0.32
ORD103080,22-07-2024,CUST1596,Customer_0596,P2003,Laptop,Electronics,Computers,1.00,59999.00,59999.00,0.20,11999.80,47999.20,4799.92,Kolkata,West Bengal,East,Credit Card,Same Day,2024,7,July,0.1
ORD104000,05-06-2024,CUST1454,Customer_0454,P2023,Dumbbells,Sports,Fitness,1.00,1599.00,1599.00,0.05,79.95,1519.05,402.55,Pune,Maharashtra,West,Debit Card,Standard,2024,6,June,0.265
ORD104565,17-01-2025,CUST1091,Customer_0091,P2011,Sneakers,Clothing,Footwear,2.00,2499.00,4998.00,0.00,0.00,4998.00,1599.36,Lucknow,Uttar Pradesh,North,UPI,Standard,2025,1,January,0.32
ORD104791,14-06-2024,CUST1147,Customer_0147,P2007,T-Shirt,Clothing,Men,2.00,799.00,1598.00,0.20,319.60,1278.40,332.38,Bengaluru,Karnataka,South,UPI,Standard,2024,6,June,0.26
ORD100020,06-07-2025,CUST1082,Customer_0082,P2019,Sunscreen,Beauty,Skincare,1.00,699.00,699.00,0.15,104.85,594.15,199.04,Gurugram,Haryana,North,UPI,Express,2025,7,July,0.335
ORD100216,27-06-2025,CUST1036,Customer_0036,P2001,Smartphone,Electronics,Mobiles,1.00,24999.00,24999.00,0.25,6249.75,18749.25,1593.69,Pune,Maharashtra,West,UPI,Standard,2025,6,June,0.085
ORD101791,01-01-2024,CUST1631,Customer_0631,P2022,Yoga Mat,Sports,Fitness,1.00,899.00,899.00,0.05,44.95,854.05,226.32,Ahmedabad,Gujarat,West,Credit Card,Standard,2024,1,January,0.265
ORD101892,05-09-2025,CUST1289,Customer_0289,P2015,Table Lamp,Home & Kitchen,Home Decor,2.00,1299.00,2598.00,0.20,519.60,2078.40,374.11,Ahmedabad,Gujarat,West,Debit Card,Standard,2025,9,September,0.18
ORD102207,27-11-2024,CUST1351,Customer_0351,P2017,Office Chair,Home & Kitchen,Furniture,1.00,5999.00,5999.00,0.05,299.95,5699.05,1282.29,Noida,Uttar Pradesh,North,UPI,Standard,2024,11,November,0.225
ORD102885,15-05-2025,CUST1333,Customer_0333,P2011,Sneakers,Clothing,Footwear,1.00,2499.00,2499.00,0.10,249.90,2249.10,652.24,Chennai,Tamil Nadu,South,UPI,Same Day,2025,5,May,0.29
ORD102909,20-01-2024,CUST1740,Customer_0740,P2014,Cookware Set,Home & Kitchen,Kitchen,3.00,2999.00,8997.00,0.25,2249.25,6747.75,1113.38,Lucknow,Uttar Pradesh,North,UPI,Standard,2024,1,January,0.165
ORD102974,24-04-2024,CUST1179,Customer_0179,P2022,Yoga Mat,Sports,Fitness,1.00,899.00,899.00,0.10,89.90,809.10,202.28,Lucknow,Uttar Pradesh,North,Net Banking,Standard,2024,4,April,0.25
ORD103568,06-01-2025,CUST1601,Customer_0601,P2006,Power Bank,Electronics,Accessories,2.00,1499.00,2998.00,0.30,899.40,2098.60,146.90,Bengaluru,Karnataka,South,Net Banking,Standard,2025,1,January,0.07
ORD103739,10-11-2024,CUST1382,Customer_0382,P2020,Shampoo,Beauty,Haircare,1.00,599.00,599.00,0.10,59.90,539.10,188.68,Bengaluru,Karnataka,South,Net Banking,Express,2024,11,November,0.35
ORD104953,02-09-2024,CUST1477,Customer_0477,P2015,Table Lamp,Home & Kitchen,Home Decor,3.00,1299.00,3897.00,0.05,194.85,3702.15,832.98,Noida,Uttar Pradesh,North,UPI,Standard,2024,9,September,0.225
ORD104430,29-02-2024,CUST1015,Customer_0015,P2008,Jeans,Clothing,Men,1.00,1799.00,1799.00,0.25,449.75,1349.25,330.57,Gurugram,Haryana,North,UPI,Express,2024,2,February,0.245
ORD100013,03-09-2024,CUST1024,Customer_0024,P2004,Wireless Mouse,Electronics,Accessories,5.00,899.00,4495.00,0.15,674.25,3820.75,439.39,Hyderabad,Telangana,South,UPI,Express,2024,9,September,0.115
ORD102281,03-08-2025,CUST1282,Customer_0282,P2015,Table Lamp,Home & Kitchen,Home Decor,1.00,1299.00,1299.00,0.20,259.80,1039.20,187.06,Lucknow,Uttar Pradesh,North,Credit Card,Standard,2025,8,August,0.18
ORD102739,21-03-2024,CUST1754,Customer_0754,P2013,Mixer Grinder,Home & Kitchen,Kitchen,3.00,3499.00,10497.00,0.00,0.00,10497.00,2519.28,Jaipur,Rajasthan,North,Debit Card,Express,2024,3,March,0.24
ORD103612,28-03-2024,CUST1742,Customer_0742,P2010,Dress,Clothing,Women,1.00,1999.00,1999.00,0.20,399.80,1599.20,415.79,Jaipur,Rajasthan,North,Net Banking,Standard,2024,3,March,0.26
ORD103711,12-05-2025,CUST1697,Customer_0697,P2006,Power Bank,Electronics,Accessories,2.00,1499.00,2998.00,0.10,299.80,2698.20,350.77,Jaipur,Rajasthan,North,UPI,Standard,2025,5,May,0.13
ORD104216,11-03-2024,CUST1136,Customer_0136,P2004,Wireless Mouse,Electronics,Accessories,2.00,899.00,1798.00,0.25,449.50,1348.50,114.62,Hyderabad,Telangana,South,Net Banking,Same Day,2024,3,March,0.085
ORD104335,29-06-2025,CUST1275,Customer_0275,P2008,Jeans,Clothing,Men,3.00,1799.00,5397.00,0.25,1349.25,4047.75,991.70,Gurugram,Haryana,North,Debit Card,Express,2025,6,June,0.245
ORD100009,08-05-2024,CUST1367,Customer_0367,P2011,Sneakers,Clothing,Footwear,3.00,2499.00,7497.00,0.25,1874.25,5622.75,1377.57,Noida,Uttar Pradesh,North,UPI,Standard,2024,5,May,0.245
ORD100528,11-05-2024,CUST1454,Customer_0454,P2020,Shampoo,Beauty,Haircare,1.00,599.00,599.00,0.10,59.90,539.10,188.68,Ahmedabad,Gujarat,West,UPI,Standard,2024,5,May,0.35
ORD100802,06-11-2025,CUST1146,Customer_0146,P2001,Smartphone,Electronics,Mobiles,2.00,24999.00,49998.00,0.10,4999.80,44998.20,5849.77,Lucknow,Uttar Pradesh,North,Net Banking,Standard,2025,11,November,0.13
ORD100831,01-05-2025,CUST1633,Customer_0633,P2018,Face Wash,Beauty,Skincare,1.00,399.00,399.00,0.15,59.85,339.15,113.62,Jaipur,Rajasthan,North,Net Banking,Express,2025,5,May,0.335
ORD100838,16-07-2025,CUST1277,Customer_0277,P2013,Mixer Grinder,Home & Kitchen,Kitchen,2.00,3499.00,6998.00,0.00,0.00,6998.00,1679.52,Noida,Uttar Pradesh,North,UPI,Standard,2025,7,July,0.24
ORD102383,18-06-2024,CUST1028,Customer_0028,P2022,Yoga Mat,Sports,Fitness,2.00,899.00,1798.00,0.05,89.90,1708.10,452.65,Mumbai,Maharashtra,West,Credit Card,Standard,2024,6,June,0.265
ORD104452,28-09-2024,CUST1363,Customer_0363,P2008,Jeans,Clothing,Men,1.00,1799.00,1799.00,0.10,179.90,1619.10,469.54,Hyderabad,Telangana,South,Net Banking,Same Day,2024,9,September,0.29
ORD104934,24-06-2025,CUST1327,Customer_0327,P2023,Dumbbells,Sports,Fitness,1.00,1599.00,1599.00,0.00,0.00,1599.00,447.72,Ahmedabad,Gujarat,West,UPI,Same Day,2025,6,June,0.28
ORD100829,13-09-2025,CUST1057,Customer_0057,P2009,Kurti,Clothing,Women,2.00,1199.00,2398.00,0.10,239.80,2158.20,625.88,Delhi,Delhi,North,Cash on Delivery,Express,2025,9,September,0.29
ORD102349,09-03-2025,CUST1295,Customer_0295,P2004,Wireless Mouse,Electronics,Accessories,2.00,899.00,1798.00,0.25,449.50,1348.50,114.62,Hyderabad,Telangana,South,Credit Card,Standard,2025,3,March,0.085
ORD102499,04-08-2024,CUST1401,Customer_0401,P2007,T-Shirt,Clothing,Men,1.00,799.00,799.00,0.05,39.95,759.05,231.51,Delhi,Delhi,North,UPI,Standard,2024,8,August,0.305
ORD102853,06-07-2025,CUST1367,Customer_0367,P2014,Cookware Set,Home & Kitchen,Kitchen,3.00,2999.00,8997.00,0.15,1349.55,7647.45,1491.25,Chennai,Tamil Nadu,South,Credit Card,Standard,2025,7,July,0.195
ORD101166,07-12-2025,CUST1597,Customer_0597,P2003,Laptop,Electronics,Computers,1.00,59999.00,59999.00,0.10,5999.90,53999.10,7019.88,Delhi,Delhi,North,Credit Card,Same Day,2025,12,December,0.13
ORD101712,24-07-2024,CUST1262,Customer_0262,P2016,Bedsheet Set,Home & Kitchen,Home Decor,1.00,999.00,999.00,0.15,149.85,849.15,165.58,Noida,Uttar Pradesh,North,Net Banking,Standard,2024,7,July,0.195
ORD101913,31-12-2025,CUST1794,Customer_0794,P2007,T-Shirt,Clothing,Men,2.00,799.00,1598.00,0.20,319.60,1278.40,332.38,Bengaluru,Karnataka,South,Credit Card,Standard,2025,12,December,0.26
ORD103456,15-11-2024,CUST1484,Customer_0484,P2009,Kurti,Clothing,Women,1.00,1199.00,1199.00,0.20,239.80,959.20,249.39,Hyderabad,Telangana,South,UPI,Express,2024,11,November,0.26
ORD103985,12-02-2025,CUST1467,Customer_0467,P2009,Kurti,Clothing,Women,1.00,1199.00,1199.00,0.15,179.85,1019.15,280.27,Noida,Uttar Pradesh,North,Credit Card,Standard,2025,2,February,0.275
ORD104059,18-11-2025,CUST1360,Customer_0360,P2016,Bedsheet Set,Home & Kitchen,Home Decor,1.00,999.00,999.00,0.10,99.90,899.10,188.81,Gurugram,Haryana,North,Debit Card,Same Day,2025,11,November,0.21
ORD104669,27-10-2025,CUST1619,Customer_0619,P2012,Sandals,Clothing,Footwear,1.00,1299.00,1299.00,0.15,194.85,1104.15,303.64,Pune,Maharashtra,West,Credit Card,Standard,2025,10,October,0.275
ORD100840,17-01-2025,CUST1764,Customer_0764,P2014,Cookware Set,Home & Kitchen,Kitchen,3.00,2999.00,8997.00,0.15,1349.55,7647.45,1491.25,Mumbai,Maharashtra,West,Credit Card,Express,2025,1,January,0.195
ORD102280,24-03-2025,CUST1183,Customer_0183,P2003,Laptop,Electronics,Computers,2.00,59999.00,119998.00,0.10,11999.80,107998.20,14039.77,Noida,Uttar Pradesh,North,UPI,Standard,2025,3,March,0.13
ORD102558,13-06-2025,CUST1124,Customer_0124,P2019,Sunscreen,Beauty,Skincare,1.00,699.00,699.00,0.05,34.95,664.05,242.38,Pune,Maharashtra,West,UPI,Same Day,2025,6,June,0.365
ORD104092,07-04-2025,CUST1633,Customer_0633,P2008,Jeans,Clothing,Men,1.00,1799.00,1799.00,0.05,89.95,1709.05,521.26,Chennai,Tamil Nadu,South,UPI,Same Day,2025,4,April,0.305
ORD104411,03-05-2024,CUST1170,Customer_0170,P2002,Wireless Earbuds,Electronics,Mobiles,2.00,2999.00,5998.00,0.15,899.70,5098.30,586.30,Hyderabad,Telangana,South,UPI,Express,2024,5,May,0.115
ORD104667,10-09-2024,CUST1713,Customer_0713,P2013,Mixer Grinder,Home & Kitchen,Kitchen,3.00,3499.00,10497.00,0.20,2099.40,8397.60,1511.57,Mumbai,Maharashtra,West,Debit Card,Same Day,2024,9,September,0.18
ORD100112,18-08-2024,CUST1624,Customer_0624,P2002,Wireless Earbuds,Electronics,Mobiles,1.00,2999.00,2999.00,0.05,149.95,2849.05,413.11,Noida,Uttar Pradesh,North,Credit Card,Standard,2024,8,August,0.145
ORD100410,06-03-2024,CUST1581,Customer_0581,P2017,Office Chair,Home & Kitchen,Furniture,1.00,5999.00,5999.00,0.05,299.95,5699.05,1282.29,Pune,Maharashtra,West,Debit Card,Standard,2024,3,March,0.225
ORD101257,12-12-2024,CUST1553,Customer_0553,P2020,Shampoo,Beauty,Haircare,4.00,599.00,2396.00,0.15,359.40,2036.60,682.26,Ahmedabad,Gujarat,West,Credit Card,Standard,2024,12,December,0.335
ORD101295,22-01-2024,CUST1301,Customer_0301,P2020,Shampoo,Beauty,Haircare,1.00,599.00,599.00,0.15,89.85,509.15,170.57,Gurugram,Haryana,North,Credit Card,Standard,2024,1,January,0.335
ORD101515,25-08-2025,CUST1634,Customer_0634,P2014,Cookware Set,Home & Kitchen,Kitchen,1.00,2999.00,2999.00,0.10,299.90,2699.10,566.81,Mumbai,Maharashtra,West,Credit Card,Standard,2025,8,August,0.21
ORD101983,21-07-2025,CUST1531,Customer_0531,P2006,Power Bank,Electronics,Accessories,3.00,1499.00,4497.00,0.00,0.00,4497.00,719.52,Kolkata,West Bengal,East,UPI,Same Day,2025,7,July,0.16
ORD102046,23-08-2024,CUST1395,Customer_0395,P2018,Face Wash,Beauty,Skincare,2.00,399.00,798.00,0.15,119.70,678.30,227.23,Gurugram,Haryana,North,UPI,Standard,2024,8,August,0.335
ORD103696,25-08-2025,CUST1169,Customer_0169,P2013,Mixer Grinder,Home & Kitchen,Kitchen,3.00,3499.00,10497.00,0.25,2624.25,7872.75,1299.00,Lucknow,Uttar Pradesh,North,UPI,Standard,2025,8,August,0.165
ORD103812,13-08-2024,CUST1715,Customer_0715,P2013,Mixer Grinder,Home & Kitchen,Kitchen,2.00,3499.00,6998.00,0.00,0.00,6998.00,1679.52,Bengaluru,Karnataka,South,Debit Card,Standard,2024,8,August,0.24
ORD100089,08-01-2024,CUST1287,Customer_0287,P2005,Keyboard,Electronics,Accessories,1.00,1299.00,1299.00,0.05,64.95,1234.05,178.94,Pune,Maharashtra,West,Net Banking,Standard,2024,1,January,0.145
ORD101604,13-03-2024,CUST1761,Customer_0761,P2012,Sandals,Clothing,Footwear,1.00,1299.00,1299.00,0.15,194.85,1104.15,303.64,Kolkata,West Bengal,East,UPI,Standard,2024,3,March,0.275
ORD102866,25-12-2025,CUST1086,Customer_0086,P2015,Table Lamp,Home & Kitchen,Home Decor,1.00,1299.00,1299.00,0.05,64.95,1234.05,277.66,Hyderabad,Telangana,South,Net Banking,Standard,2025,12,December,0.225
ORD100438,08-10-2025,CUST1540,Customer_0540,P2014,Cookware Set,Home & Kitchen,Kitchen,1.00,2999.00,2999.00,0.00,0.00,2999.00,719.76,Gurugram,Haryana,North,Debit Card,Standard,2025,10,October,0.24
ORD101341,01-03-2024,CUST1646,Customer_0646,P2014,Cookware Set,Home & Kitchen,Kitchen,1.00,2999.00,2999.00,0.20,599.80,2399.20,431.86,Bengaluru,Karnataka,South,Credit Card,Same Day,2024,3,March,0.18
ORD101463,22-08-2024,CUST1517,Customer_0517,P2013,Mixer Grinder,Home & Kitchen,Kitchen,1.00,3499.00,3499.00,0.10,349.90,3149.10,661.31,Chennai,Tamil Nadu,South,Debit Card,Express,2024,8,August,0.21
ORD102142,10-03-2024,CUST1059,Customer_0059,P2022,Yoga Mat,Sports,Fitness,1.00,899.00,899.00,0.10,89.90,809.10,202.28,Gurugram,Haryana,North,Net Banking,Standard,2024,3,March,0.25
ORD103422,02-02-2024,CUST1084,Customer_0084,P2008,Jeans,Clothing,Men,1.00,1799.00,1799.00,0.25,449.75,1349.25,330.57,Delhi,Delhi,North,Credit Card,Standard,2024,2,February,0.245
ORD103486,04-12-2024,CUST1655,Customer_0655,P2019,Sunscreen,Beauty,Skincare,2.00,699.00,1398.00,0.15,209.70,1188.30,398.08,Kolkata,West Bengal,East,Cash on Delivery,Standard,2024,12,December,0.335
ORD104647,13-03-2024,CUST1091,Customer_0091,P2001,Smartphone,Electronics,Mobiles,1.00,24999.00,24999.00,0.15,3749.85,21249.15,2443.65,Hyderabad,Telangana,South,Net Banking,Standard,2024,3,March,0.115
ORD100343,10-06-2025,CUST1285,Customer_0285,P2004,Wireless Mouse,Electronics,Accessories,1.00,899.00,899.00,0.05,44.95,854.05,123.84,Chennai,Tamil Nadu,South,Credit Card,Express,2025,6,June,0.145
ORD100479,31-08-2024,CUST1218,Customer_0218,P2023,Dumbbells,Sports,Fitness,2.00,1599.00,3198.00,0.30,959.40,2238.60,425.33,Gurugram,Haryana,North,Credit Card,Standard,2024,8,August,0.19
ORD100687,12-10-2024,CUST1775,Customer_0775,P2004,Wireless Mouse,Electronics,Accessories,1.00,899.00,899.00,0.05,44.95,854.05,123.84,Pune,Maharashtra,West,UPI,Express,2024,10,October,0.145
ORD101747,16-11-2025,CUST1309,Customer_0309,P2013,Mixer Grinder,Home & Kitchen,Kitchen,2.00,3499.00,6998.00,0.15,1049.70,5948.30,1159.92,Ahmedabad,Gujarat,West,Credit Card,Express,2025,11,November,0.195
ORD102940,12-05-2025,CUST1260,Customer_0260,P2002,Wireless Earbuds,Electronics,Mobiles,1.00,2999.00,2999.00,0.05,149.95,2849.05,413.11,Bengaluru,Karnataka,South,UPI,Express,2025,5,May,0.145
ORD103017,07-08-2024,CUST1426,Customer_0426,P2010,Dress,Clothing,Women,1.00,1999.00,1999.00,0.15,299.85,1699.15,467.27,Bengaluru,Karnataka,South,Debit Card,Standard,2024,8,August,0.275
ORD103187,06-07-2025,CUST1129,Customer_0129,P2003,Laptop,Electronics,Computers,5.00,59999.00,299995.00,0.20,59999.00,239996.00,23999.60,Jaipur,Rajasthan,North,Credit Card,Express,2025,7,July,0.1
ORD104021,15-05-2024,CUST1271,Customer_0271,P2020,Shampoo,Beauty,Haircare,1.00,599.00,599.00,0.15,89.85,509.15,170.57,Kolkata,West Bengal,East,Credit Card,Express,2024,5,May,0.335
ORD100562,07-08-2025,CUST1606,Customer_0606,P2024,Cricket Bat,Sports,Outdoor,1.00,2499.00,2499.00,0.30,749.70,1749.30,332.37,Gurugram,Haryana,North,Debit Card,Standard,2025,8,August,0.19
ORD100961,13-08-2025,CUST1061,Customer_0061,P2016,Bedsheet Set,Home & Kitchen,Home Decor,1.00,999.00,999.00,0.20,199.80,799.20,143.86,Chennai,Tamil Nadu,South,Credit Card,Express,2025,8,August,0.18
ORD101023,29-04-2025,CUST1706,Customer_0706,P2004,Wireless Mouse,Electronics,Accessories,2.00,899.00,1798.00,0.00,0.00,1798.00,287.68,Hyderabad,Telangana,South,UPI,Standard,2025,4,April,0.16
ORD101212,05-09-2024,CUST1419,Customer_0419,P2002,Wireless Earbuds,Electronics,Mobiles,1.00,2999.00,2999.00,0.20,599.80,2399.20,239.92,Noida,Uttar Pradesh,North,Credit Card,Same Day,2024,9,September,0.1
ORD101221,29-04-2025,CUST1327,Customer_0327,P2007,T-Shirt,Clothing,Men,5.00,799.00,3995.00,0.05,199.75,3795.25,1157.55,Delhi,Delhi,North,Credit Card,Same Day,2025,4,April,0.305
ORD101517,20-02-2025,CUST1120,Customer_0120,P2010,Dress,Clothing,Women,1.00,1999.00,1999.00,0.00,0.00,1999.00,639.68,Noida,Uttar Pradesh,North,UPI,Standard,2025,2,February,0.32
ORD102742,13-07-2024,CUST1508,Customer_0508,P2013,Mixer Grinder,Home & Kitchen,Kitchen,1.00,3499.00,3499.00,0.05,174.95,3324.05,747.91,Ahmedabad,Gujarat,West,Credit Card,Express,2024,7,July,0.225
ORD102966,06-04-2024,CUST1557,Customer_0557,P2005,Keyboard,Electronics,Accessories,1.00,1299.00,1299.00,0.00,0.00,1299.00,207.84,Delhi,Delhi,North,Credit Card,Express,2024,4,April,0.16
ORD103764,09-04-2024,CUST1148,Customer_0148,P2002,Wireless Earbuds,Electronics,Mobiles,2.00,2999.00,5998.00,0.30,1799.40,4198.60,293.90,Gurugram,Haryana,North,UPI,Standard,2024,4,April,0.07
ORD104358,05-11-2025,CUST1413,Customer_0413,P2002,Wireless Earbuds,Electronics,Mobiles,1.00,2999.00,2999.00,0.25,749.75,2249.25,191.19,Delhi,Delhi,North,UPI,Standard,2025,11,November,0.085
ORD104693,17-03-2025,CUST1240,Customer_0240,P2011,Sneakers,Clothing,Footwear,2.00,2499.00,4998.00,0.10,499.80,4498.20,1304.48,Gurugram,Haryana,North,Cash on Delivery,Standard,2025,3,March,0.29
ORD100675,28-12-2024,CUST1229,Customer_0229,P2012,Sandals,Clothing,Footwear,3.00,1299.00,3897.00,0.00,0.00,3897.00,1247.04,Lucknow,Uttar Pradesh,North,Cash on Delivery,Same Day,2024,12,December,0.32
ORD102146,09-03-2025,CUST1325,Customer_0325,P2004,Wireless Mouse,Electronics,Accessories,1.00,899.00,899.00,0.05,44.95,854.05,123.84,Noida,Uttar Pradesh,North,UPI,Same Day,2025,3,March,0.145
ORD102535,24-02-2025,CUST1206,Customer_0206,P2014,Cookware Set,Home & Kitchen,Kitchen,1.00,2999.00,2999.00,0.10,299.90,2699.10,566.81,Lucknow,Uttar Pradesh,North,UPI,Standard,2025,2,February,0.21
ORD102944,23-04-2025,CUST1551,Customer_0551,P2005,Keyboard,Electronics,Accessories,4.00,1299.00,5196.00,0.05,259.80,4936.20,715.75,Lucknow,Uttar Pradesh,North,Credit Card,Express,2025,4,April,0.145
ORD103424,25-02-2024,CUST1074,Customer_0074,P2008,Jeans,Clothing,Men,3.00,1799.00,5397.00,0.00,0.00,5397.00,1727.04,Bengaluru,Karnataka,South,Debit Card,Standard,2024,2,February,0.32
ORD103492,20-11-2025,CUST1111,Customer_0111,P2008,Jeans,Clothing,Men,5.00,1799.00,8995.00,0.05,449.75,8545.25,2606.30,Jaipur,Rajasthan,North,Credit Card,Standard,2025,11,November,0.305
ORD104026,31-10-2025,CUST1526,Customer_0526,P2004,Wireless Mouse,Electronics,Accessories,1.00,899.00,899.00,0.10,89.90,809.10,105.18,Noida,Uttar Pradesh,North,Net Banking,Standard,2025,10,October,0.13
ORD104180,23-10-2025,CUST1242,Customer_0242,P2010,Dress,Clothing,Women,1.00,1999.00,1999.00,0.05,99.95,1899.05,579.21,Ahmedabad,Gujarat,West,Credit Card,Standard,2025,10,October,0.305
ORD104449,10-04-2024,CUST1577,Customer_0577,P2009,Kurti,Clothing,Women,1.00,1199.00,1199.00,0.30,359.70,839.30,193.04,Delhi,Delhi,North,UPI,Same Day,2024,4,April,0.23
ORD100104,03-03-2024,CUST1315,Customer_0315,P2006,Power Bank,Electronics,Accessories,3.00,1499.00,4497.00,0.10,449.70,4047.30,526.15,Lucknow,Uttar Pradesh,North,UPI,Standard,2024,3,March,0.13
ORD100384,16-02-2025,CUST1096,Customer_0096,P2008,Jeans,Clothing,Men,1.00,1799.00,1799.00,0.00,0.00,1799.00,575.68,Gurugram,Haryana,North,Credit Card,Standard,2025,2,February,0.32
ORD100515,13-12-2024,CUST1238,Customer_0238,P2009,Kurti,Clothing,Women,3.00,1199.00,3597.00,0.10,359.70,3237.30,938.82,Lucknow,Uttar Pradesh,North,Debit Card,Standard,2024,12,December,0.29
ORD100779,21-04-2024,CUST1633,Customer_0633,P2003,Laptop,Electronics,Computers,2.00,59999.00,119998.00,0.05,5999.90,113998.10,16529.72,Bengaluru,Karnataka,South,Net Banking,Standard,2024,4,April,0.145
ORD101379,11-09-2024,CUST1070,Customer_0070,P2016,Bedsheet Set,Home & Kitchen,Home Decor,1.00,999.00,999.00,0.25,249.75,749.25,123.63,Mumbai,Maharashtra,West,UPI,Standard,2024,9,September,0.165
ORD101396,15-07-2024,CUST1055,Customer_0055,P2004,Wireless Mouse,Electronics,Accessories,2.00,899.00,1798.00,0.20,359.60,1438.40,143.84,Lucknow,Uttar Pradesh,North,Net Banking,Standard,2024,7,July,0.1
ORD103453,13-07-2024,CUST1705,Customer_0705,P2001,Smartphone,Electronics,Mobiles,1.00,24999.00,24999.00,0.15,3749.85,21249.15,2443.65,Jaipur,Rajasthan,North,UPI,Standard,2024,7,July,0.115
ORD103624,03-07-2025,CUST1633,Customer_0633,P2004,Wireless Mouse,Electronics,Accessories,2.00,899.00,1798.00,0.20,359.60,1438.40,143.84,Kolkata,West Bengal,East,Credit Card,Standard,2025,7,July,0.1
ORD103698,04-04-2025,CUST1479,Customer_0479,P2016,Bedsheet Set,Home & Kitchen,Home Decor,2.00,999.00,1998.00,0.05,99.90,1898.10,427.07,Mumbai,Maharashtra,West,UPI,Standard,2025,4,April,0.225
ORD101786,23-05-2024,CUST1209,Customer_0209,P2012,Sandals,Clothing,Footwear,1.00,1299.00,1299.00,0.05,64.95,1234.05,376.39,Ahmedabad,Gujarat,West,Credit Card,Standard,2024,5,May,0.305
ORD102344,08-03-2025,CUST1216,Customer_0216,P2002,Wireless Earbuds,Electronics,Mobiles,4.00,2999.00,11996.00,0.05,599.80,11396.20,1652.45,Pune,Maharashtra,West,Debit Card,Same Day,2025,3,March,0.145
ORD102759,06-07-2024,CUST1329,Customer_0329,P2001,Smartphone,Electronics,Mobiles,3.00,24999.00,74997.00,0.05,3749.85,71247.15,10330.84,Pune,Maharashtra,West,UPI,Standard,2024,7,July,0.145
ORD103520,12-10-2024,CUST1443,Customer_0443,P2016,Bedsheet Set,Home & Kitchen,Home Decor,1.00,999.00,999.00,0.10,99.90,899.10,188.81,Kolkata,West Bengal,East,Credit Card,Standard,2024,10,October,0.21
ORD103715,18-04-2025,CUST1447,Customer_0447,P2015,Table Lamp,Home & Kitchen,Home Decor,1.00,1299.00,1299.00,0.10,129.90,1169.10,245.51,Delhi,Delhi,North,Debit Card,Express,2025,4,April,0.21
ORD103740,12-09-2024,CUST1731,Customer_0731,P2022,Yoga Mat,Sports,Fitness,1.00,899.00,899.00,0.10,89.90,809.10,202.28,Lucknow,Uttar Pradesh,North,Credit Card,Standard,2024,9,September,0.25
ORD104240,18-03-2024,CUST1681,Customer_0681,P2003,Laptop,Electronics,Computers,2.00,59999.00,119998.00,0.10,11999.80,107998.20,14039.77,Bengaluru,Karnataka,South,Debit Card,Standard,2024,3,March,0.13
ORD104972,29-03-2025,CUST1237,Customer_0237,P2004,Wireless Mouse,Electronics,Accessories,2.00,899.00,1798.00,0.15,269.70,1528.30,175.75,Pune,Maharashtra,West,Credit Card,Standard,2025,3,March,0.115
ORD100365,17-07-2025,CUST1348,Customer_0348,P2021,Perfume,Beauty,Fragrance,1.00,1499.00,1499.00,0.10,149.90,1349.10,472.18,Ahmedabad,Gujarat,West,Cash on Delivery,Standard,2025,7,July,0.35
ORD101548,10-04-2024,CUST1135,Customer_0135,P2018,Face Wash,Beauty,Skincare,1.00,399.00,399.00,0.25,99.75,299.25,91.27,Mumbai,Maharashtra,West,UPI,Standard,2024,4,April,0.305
ORD101608,21-02-2024,CUST1464,Customer_0464,P2006,Power Bank,Electronics,Accessories,2.00,1499.00,2998.00,0.10,299.80,2698.20,350.77,Noida,Uttar Pradesh,North,UPI,Standard,2024,2,February,0.13
ORD101986,29-10-2025,CUST1574,Customer_0574,P2015,Table Lamp,Home & Kitchen,Home Decor,2.00,1299.00,2598.00,0.30,779.40,1818.60,272.79,Kolkata,West Bengal,East,Cash on Delivery,Express,2025,10,October,0.15
ORD102090,07-07-2025,CUST1044,Customer_0044,P2012,Sandals,Clothing,Footwear,1.00,1299.00,1299.00,0.10,129.90,1169.10,339.04,Chennai,Tamil Nadu,South,Debit Card,Express,2025,7,July,0.29
ORD103219,16-01-2024,CUST1043,Customer_0043,P2006,Power Bank,Electronics,Accessories,2.00,1499.00,2998.00,0.05,149.90,2848.10,412.97,Chennai,Tamil Nadu,South,UPI,Standard,2024,1,January,0.145
ORD103321,05-04-2024,CUST1055,Customer_0055,P2007,T-Shirt,Clothing,Men,1.00,799.00,799.00,0.15,119.85,679.15,186.77,Delhi,Delhi,North,UPI,Standard,2024,4,April,0.275
ORD104085,30-08-2024,CUST1584,Customer_0584,P2010,Dress,Clothing,Women,2.00,1999.00,3998.00,0.15,599.70,3398.30,934.53,Jaipur,Rajasthan,North,Credit Card,Standard,2024,8,August,0.275
ORD100440,19-06-2024,CUST1493,Customer_0493,P2010,Dress,Clothing,Women,2.00,1999.00,3998.00,0.00,0.00,3998.00,1279.36,Delhi,Delhi,North,UPI,Express,2024,6,June,0.32
ORD100753,20-02-2025,CUST1307,Customer_0307,P2006,Power Bank,Electronics,Accessories,3.00,1499.00,4497.00,0.20,899.40,3597.60,359.76,Bengaluru,Karnataka,South,Credit Card,Express,2025,2,February,0.1
ORD101150,12-05-2025,CUST1336,Customer_0336,P2021,Perfume,Beauty,Fragrance,2.00,1499.00,2998.00,0.15,449.70,2548.30,853.68,Lucknow,Uttar Pradesh,North,Cash on Delivery,Express,2025,5,May,0.335
ORD101666,07-05-2025,CUST1282,Customer_0282,P2014,Cookware Set,Home & Kitchen,Kitchen,1.00,2999.00,2999.00,0.00,0.00,2999.00,719.76,Noida,Uttar Pradesh,North,UPI,Standard,2025,5,May,0.24
ORD103063,06-08-2024,CUST1247,Customer_0247,P2002,Wireless Earbuds,Electronics,Mobiles,1.00,2999.00,2999.00,0.15,449.85,2549.15,293.15,Kolkata,West Bengal,East,Debit Card,Standard,2024,8,August,0.115
ORD103245,14-02-2025,CUST1745,Customer_0745,P2020,Shampoo,Beauty,Haircare,1.00,599.00,599.00,0.05,29.95,569.05,207.70,Noida,Uttar Pradesh,North,UPI,Standard,2025,2,February,0.365
ORD103964,01-03-2024,CUST1704,Customer_0704,P2018,Face Wash,Beauty,Skincare,1.00,399.00,399.00,0.10,39.90,359.10,125.68,Jaipur,Rajasthan,North,Credit Card,Express,2024,3,March,0.35
ORD100974,17-06-2024,CUST1011,Customer_0011,P2014,Cookware Set,Home & Kitchen,Kitchen,1.00,2999.00,2999.00,0.25,749.75,2249.25,371.13,Chennai,Tamil Nadu,South,UPI,Express,2024,6,June,0.165
ORD102771,23-01-2025,CUST1693,Customer_0693,P2018,Face Wash,Beauty,Skincare,2.00,399.00,798.00,0.10,79.80,718.20,251.37,Lucknow,Uttar Pradesh,North,Credit Card,Standard,2025,1,January,0.35
ORD103650,03-01-2024,CUST1123,Customer_0123,P2016,Bedsheet Set,Home & Kitchen,Home Decor,2.00,999.00,1998.00,0.15,299.70,1698.30,331.17,Noida,Uttar Pradesh,North,Debit Card,Standard,2024,1,January,0.195
ORD104127,03-02-2025,CUST1481,Customer_0481,P2022,Yoga Mat,Sports,Fitness,2.00,899.00,1798.00,0.00,0.00,1798.00,503.44,Pune,Maharashtra,West,Credit Card,Standard,2025,2,February,0.28
ORD104176,28-09-2024,CUST1583,Customer_0583,P2020,Shampoo,Beauty,Haircare,1.00,599.00,599.00,0.15,89.85,509.15,170.57,Noida,Uttar Pradesh,North,UPI,Same Day,2024,9,September,0.335
ORD104525,10-04-2025,CUST1279,Customer_0279,P2007,T-Shirt,Clothing,Men,1.00,799.00,799.00,0.05,39.95,759.05,231.51,Lucknow,Uttar Pradesh,North,UPI,Express,2025,4,April,0.305
ORD104779,19-10-2024,CUST1617,Customer_0617,P2024,Cricket Bat,Sports,Outdoor,3.00,2499.00,7497.00,0.15,1124.55,6372.45,1497.53,Mumbai,Maharashtra,West,Debit Card,Express,2024,10,October,0.235
ORD100067,09-03-2025,CUST1188,Customer_0188,P2005,Keyboard,Electronics,Accessories,1.00,1299.00,1299.00,0.25,324.75,974.25,82.81,Jaipur,Rajasthan,North,Credit Card,Standard,2025,3,March,0.085
ORD101100,14-12-2025,CUST1277,Customer_0277,P2010,Dress,Clothing,Women,2.00,1999.00,3998.00,0.05,199.90,3798.10,1158.42,Lucknow,Uttar Pradesh,North,Net Banking,Standard,2025,12,December,0.305
ORD101802,23-07-2025,CUST1168,Customer_0168,P2005,Keyboard,Electronics,Accessories,1.00,1299.00,1299.00,0.00,0.00,1299.00,207.84,Lucknow,Uttar Pradesh,North,UPI,Same Day,2025,7,July,0.16
ORD102017,08-11-2025,CUST1461,Customer_0461,P2009,Kurti,Clothing,Women,2.00,1199.00,2398.00,0.25,599.50,1798.50,440.63,Kolkata,West Bengal,East,Credit Card,Standard,2025,11,November,0.245
ORD102446,13-05-2025,CUST1192,Customer_0192,P2018,Face Wash,Beauty,Skincare,4.00,399.00,1596.00,0.20,319.20,1276.80,408.58,Bengaluru,Karnataka,South,Net Banking,Same Day,2025,5,May,0.32
ORD102534,07-06-2024,CUST1770,Customer_0770,P2018,Face Wash,Beauty,Skincare,1.00,399.00,399.00,0.10,39.90,359.10,125.68,Hyderabad,Telangana,South,Cash on Delivery,Standard,2024,6,June,0.35
ORD102804,13-07-2024,CUST1087,Customer_0087,P2016,Bedsheet Set,Home & Kitchen,Home Decor,3.00,999.00,2997.00,0.25,749.25,2247.75,370.88,Bengaluru,Karnataka,South,UPI,Standard,2024,7,July,0.165
ORD103455,30-10-2024,CUST1668,Customer_0668,P2017,Office Chair,Home & Kitchen,Furniture,1.00,5999.00,5999.00,0.00,0.00,5999.00,1439.76,Noida,Uttar Pradesh,North,Credit Card,Express,2024,10,October,0.24
ORD101015,10-08-2024,CUST1470,Customer_0470,P2008,Jeans,Clothing,Men,1.00,1799.00,1799.00,0.10,179.90,1619.10,469.54,Mumbai,Maharashtra,West,Credit Card,Express,2024,8,August,0.29
ORD101758,29-02-2024,CUST1166,Customer_0166,P2002,Wireless Earbuds,Electronics,Mobiles,3.00,2999.00,8997.00,0.20,1799.40,7197.60,719.76,Gurugram,Haryana,North,Net Banking,Standard,2024,2,February,0.1
ORD102302,16-08-2025,CUST1423,Customer_0423,P2014,Cookware Set,Home & Kitchen,Kitchen,3.00,2999.00,8997.00,0.15,1349.55,7647.45,1491.25,Delhi,Delhi,North,UPI,Standard,2025,8,August,0.195
ORD102975,09-07-2025,CUST1148,Customer_0148,P2018,Face Wash,Beauty,Skincare,2.00,399.00,798.00,0.20,159.60,638.40,204.29,Kolkata,West Bengal,East,Net Banking,Standard,2025,7,July,0.32
ORD103112,03-03-2024,CUST1745,Customer_0745,P2015,Table Lamp,Home & Kitchen,Home Decor,1.00,1299.00,1299.00,0.05,64.95,1234.05,277.66,Delhi,Delhi,North,Cash on Delivery,Express,2024,3,March,0.225
ORD104187,17-11-2024,CUST1702,Customer_0702,P2003,Laptop,Electronics,Computers,5.00,59999.00,299995.00,0.00,0.00,299995.00,47999.20,Mumbai,Maharashtra,West,Net Banking,Express,2024,11,November,0.16
ORD104489,28-02-2024,CUST1796,Customer_0796,P2009,Kurti,Clothing,Women,1.00,1199.00,1199.00,0.05,59.95,1139.05,347.41,Jaipur,Rajasthan,North,Debit Card,Standard,2024,2,February,0.305
ORD100372,21-02-2024,CUST1238,Customer_0238,P2022,Yoga Mat,Sports,Fitness,1.00,899.00,899.00,0.20,179.80,719.20,158.22,Gurugram,Haryana,North,UPI,Express,2024,2,February,0.22
ORD100946,21-08-2025,CUST1545,Customer_0545,P2005,Keyboard,Electronics,Accessories,1.00,1299.00,1299.00,0.15,194.85,1104.15,126.98,Bengaluru,Karnataka,South,Debit Card,Express,2025,8,August,0.115
ORD101024,03-05-2025,CUST1487,Customer_0487,P2004,Wireless Mouse,Electronics,Accessories,1.00,899.00,899.00,0.15,134.85,764.15,87.88,Bengaluru,Karnataka,South,Credit Card,Standard,2025,5,May,0.115
ORD101532,29-05-2025,CUST1150,Customer_0150,P2016,Bedsheet Set,Home & Kitchen,Home Decor,2.00,999.00,1998.00,0.05,99.90,1898.10,427.07,Ahmedabad,Gujarat,West,Credit Card,Express,2025,5,May,0.225
ORD101619,27-06-2025,CUST1554,Customer_0554,P2007,T-Shirt,Clothing,Men,1.00,799.00,799.00,0.15,119.85,679.15,186.77,Chennai,Tamil Nadu,South,Net Banking,Standard,2025,6,June,0.275
ORD102751,10-06-2024,CUST1024,Customer_0024,P2012,Sandals,Clothing,Footwear,2.00,1299.00,2598.00,0.05,129.90,2468.10,752.77,Jaipur,Rajasthan,North,Net Banking,Same Day,2024,6,June,0.305
ORD103200,28-02-2024,CUST1314,Customer_0314,P2013,Mixer Grinder,Home & Kitchen,Kitchen,1.00,3499.00,3499.00,0.05,174.95,3324.05,747.91,Mumbai,Maharashtra,West,Cash on Delivery,Standard,2024,2,February,0.225
ORD103499,04-06-2025,CUST1426,Customer_0426,P2018,Face Wash,Beauty,Skincare,1.00,399.00,399.00,0.15,59.85,339.15,113.62,Jaipur,Rajasthan,North,Debit Card,Standard,2025,6,June,0.335
ORD103566,23-03-2024,CUST1092,Customer_0092,P2002,Wireless Earbuds,Electronics,Mobiles,1.00,2999.00,2999.00,0.10,299.90,2699.10,350.88,Gurugram,Haryana,North,UPI,Standard,2024,3,March,0.13
ORD104313,09-07-2024,CUST1185,Customer_0185,P2006,Power Bank,Electronics,Accessories,1.00,1499.00,1499.00,0.10,149.90,1349.10,175.38,Lucknow,Uttar Pradesh,North,UPI,Standard,2024,7,July,0.13
ORD100256,11-03-2024,CUST1443,Customer_0443,P2022,Yoga Mat,Sports,Fitness,1.00,899.00,899.00,0.10,89.90,809.10,202.28,Bengaluru,Karnataka,South,UPI,Express,2024,3,March,0.25
ORD100774,01-09-2025,CUST1245,Customer_0245,P2005,Keyboard,Electronics,Accessories,1.00,1299.00,1299.00,0.15,194.85,1104.15,126.98,Ahmedabad,Gujarat,West,Net Banking,Standard,2025,9,September,0.115
ORD101197,10-03-2024,CUST1636,Customer_0636,P2012,Sandals,Clothing,Footwear,4.00,1299.00,5196.00,0.00,0.00,5196.00,1662.72,Jaipur,Rajasthan,North,UPI,Standard,2024,3,March,0.32
ORD101575,22-11-2025,CUST1367,Customer_0367,P2012,Sandals,Clothing,Footwear,1.00,1299.00,1299.00,0.10,129.90,1169.10,339.04,Kolkata,West Bengal,East,Net Banking,Same Day,2025,11,November,0.29
ORD101596,28-08-2024,CUST1597,Customer_0597,P2005,Keyboard,Electronics,Accessories,3.00,1299.00,3897.00,0.20,779.40,3117.60,311.76,Chennai,Tamil Nadu,South,UPI,Same Day,2024,8,August,0.1
ORD104757,17-02-2025,CUST1002,Customer_0002,P2014,Cookware Set,Home & Kitchen,Kitchen,1.00,2999.00,2999.00,0.20,599.80,2399.20,431.86,Mumbai,Maharashtra,West,Credit Card,Same Day,2025,2,February,0.18
ORD100026,02-05-2024,CUST1390,Customer_0390,P2015,Table Lamp,Home & Kitchen,Home Decor,1.00,1299.00,1299.00,0.10,129.90,1169.10,245.51,Mumbai,Maharashtra,West,UPI,Standard,2024,5,May,0.21
ORD100148,06-08-2025,CUST1012,Customer_0012,P2009,Kurti,Clothing,Women,1.00,1199.00,1199.00,0.10,119.90,1079.10,312.94,Chennai,Tamil Nadu,South,UPI,Express,2025,8,August,0.29
ORD101514,09-09-2024,CUST1455,Customer_0455,P2007,T-Shirt,Clothing,Men,3.00,799.00,2397.00,0.25,599.25,1797.75,440.45,Gurugram,Haryana,North,Net Banking,Standard,2024,9,September,0.245
ORD103462,15-08-2025,CUST1771,Customer_0771,P2011,Sneakers,Clothing,Footwear,1.00,2499.00,2499.00,0.10,249.90,2249.10,652.24,Delhi,Delhi,North,Credit Card,Express,2025,8,August,0.29
ORD103536,31-08-2025,CUST1386,Customer_0386,P2009,Kurti,Clothing,Women,2.00,1199.00,2398.00,0.15,359.70,2038.30,560.53,Pune,Maharashtra,West,Net Banking,Express,2025,8,August,0.275
ORD104619,10-02-2024,CUST1617,Customer_0617,P2010,Dress,Clothing,Women,2.00,1999.00,3998.00,0.00,0.00,3998.00,1279.36,Kolkata,West Bengal,East,Cash on Delivery,Standard,2024,2,February,0.32
ORD104801,26-09-2025,CUST1448,Customer_0448,P2022,Yoga Mat,Sports,Fitness,1.00,899.00,899.00,0.15,134.85,764.15,179.58,Ahmedabad,Gujarat,West,UPI,Standard,2025,9,September,0.235
ORD104960,24-03-2024,CUST1787,Customer_0787,P2011,Sneakers,Clothing,Footwear,3.00,2499.00,7497.00,0.10,749.70,6747.30,1956.72,Chennai,Tamil Nadu,South,UPI,Standard,2024,3,March,0.29
ORD100136,05-03-2025,CUST1611,Customer_0611,P2012,Sandals,Clothing,Footwear,1.00,1299.00,1299.00,0.15,194.85,1104.15,303.64,Noida,Uttar Pradesh,North,Credit Card,Express,2025,3,March,0.275
ORD101727,04-11-2025,CUST1632,Customer_0632,P2013,Mixer Grinder,Home & Kitchen,Kitchen,3.00,3499.00,10497.00,0.20,2099.40,8397.60,1511.57,Bengaluru,Karnataka,South,UPI,Express,2025,11,November,0.18
ORD102833,20-08-2025,CUST1276,Customer_0276,P2013,Mixer Grinder,Home & Kitchen,Kitchen,4.00,3499.00,13996.00,0.05,699.80,13296.20,2991.64,Delhi,Delhi,North,Net Banking,Standard,2025,8,August,0.225
ORD103254,01-08-2025,CUST1480,Customer_0480,P2002,Wireless Earbuds,Electronics,Mobiles,1.00,2999.00,2999.00,0.15,449.85,2549.15,293.15,Pune,Maharashtra,West,Credit Card,Standard,2025,8,August,0.115
ORD103609,19-06-2025,CUST1361,Customer_0361,P2020,Shampoo,Beauty,Haircare,1.00,599.00,599.00,0.00,0.00,599.00,227.62,Hyderabad,Telangana,South,Debit Card,Standard,2025,6,June,0.38
ORD103780,19-11-2024,CUST1166,Customer_0166,P2017,Office Chair,Home & Kitchen,Furniture,3.00,5999.00,17997.00,0.15,2699.55,15297.45,2983.00,Chennai,Tamil Nadu,South,Credit Card,Express,2024,11,November,0.195
ORD104066,24-09-2024,CUST1572,Customer_0572,P2018,Face Wash,Beauty,Skincare,1.00,399.00,399.00,0.30,119.70,279.30,81.00,Ahmedabad,Gujarat,West,Net Banking,Standard,2024,9,September,0.29
ORD104691,28-07-2024,CUST1705,Customer_0705,P2004,Wireless Mouse,Electronics,Accessories,4.00,899.00,3596.00,0.15,539.40,3056.60,351.51,Ahmedabad,Gujarat,West,Debit Card,Standard,2024,7,July,0.115
ORD100040,16-11-2025,CUST1217,Customer_0217,P2025,Football,Sports,Outdoor,1.00,999.00,999.00,0.15,149.85,849.15,199.55,Noida,Uttar Pradesh,North,Credit Card,Standard,2025,11,November,0.235
ORD100951,17-11-2024,CUST1004,Customer_0004,P2006,Power Bank,Electronics,Accessories,1.00,1499.00,1499.00,0.20,299.80,1199.20,119.92,Mumbai,Maharashtra,West,Credit Card,Standard,2024,11,November,0.1
ORD101178,01-09-2024,CUST1270,Customer_0270,P2022,Yoga Mat,Sports,Fitness,1.00,899.00,899.00,0.00,0.00,899.00,251.72,Lucknow,Uttar Pradesh,North,UPI,Standard,2024,9,September,0.28
ORD101916,28-09-2024,CUST1599,Customer_0599,P2008,Jeans,Clothing,Men,2.00,1799.00,3598.00,0.30,1079.40,2518.60,579.28,Ahmedabad,Gujarat,West,Credit Card,Express,2024,9,September,0.23
ORD102373,09-02-2025,CUST1352,Customer_0352,P2015,Table Lamp,Home & Kitchen,Home Decor,1.00,1299.00,1299.00,0.20,259.80,1039.20,187.06,Mumbai,Maharashtra,West,UPI,Standard,2025,2,February,0.18
ORD102384,14-05-2024,CUST1615,Customer_0615,P2025,Football,Sports,Outdoor,1.00,999.00,999.00,0.15,149.85,849.15,199.55,Lucknow,Uttar Pradesh,North,UPI,Standard,2024,5,May,0.235
ORD102398,18-11-2025,CUST1040,Customer_0040,P2023,Dumbbells,Sports,Fitness,4.00,1599.00,6396.00,0.25,1599.00,4797.00,983.39,Bengaluru,Karnataka,South,Debit Card,Standard,2025,11,November,0.205
ORD103349,22-10-2025,CUST1305,Customer_0305,P2003,Laptop,Electronics,Computers,3.00,59999.00,179997.00,0.20,35999.40,143997.60,14399.76,Jaipur,Rajasthan,North,UPI,Standard,2025,10,October,0.1
ORD103617,03-11-2024,CUST1549,Customer_0549,P2004,Wireless Mouse,Electronics,Accessories,1.00,899.00,899.00,0.15,134.85,764.15,87.88,Ahmedabad,Gujarat,West,UPI,Standard,2024,11,November,0.115
ORD104937,13-04-2025,CUST1462,Customer_0462,P2003,Laptop,Electronics,Computers,1.00,59999.00,59999.00,0.10,5999.90,53999.10,7019.88,Jaipur,Rajasthan,North,Debit Card,Standard,2025,4,April,0.13
ORD100768,19-11-2024,CUST1043,Customer_0043,P2009,Kurti,Clothing,Women,2.00,1199.00,2398.00,0.15,359.70,2038.30,560.53,Gurugram,Haryana,North,Credit Card,Express,2024,11,November,0.275
ORD101353,15-03-2024,CUST1037,Customer_0037,P2003,Laptop,Electronics,Computers,1.00,59999.00,59999.00,0.25,14999.75,44999.25,3824.94,Pune,Maharashtra,West,Credit Card,Standard,2024,3,March,0.085
ORD101704,10-01-2024,CUST1650,Customer_0650,P2023,Dumbbells,Sports,Fitness,3.00,1599.00,4797.00,0.00,0.00,4797.00,1343.16,Jaipur,Rajasthan,North,Credit Card,Same Day,2024,1,January,0.28
ORD102765,14-04-2025,CUST1245,Customer_0245,P2012,Sandals,Clothing,Footwear,2.00,1299.00,2598.00,0.20,519.60,2078.40,540.38,Kolkata,West Bengal,East,Credit Card,Standard,2025,4,April,0.26
ORD103346,28-09-2025,CUST1276,Customer_0276,P2014,Cookware Set,Home & Kitchen,Kitchen,1.00,2999.00,2999.00,0.05,149.95,2849.05,641.04,Bengaluru,Karnataka,South,UPI,Express,2025,9,September,0.225
ORD103841,30-07-2025,CUST1650,Customer_0650,P2023,Dumbbells,Sports,Fitness,1.00,1599.00,1599.00,0.00,0.00,1599.00,447.72,Kolkata,West Bengal,East,Credit Card,Express,2025,7,July,0.28
ORD104414,12-04-2024,CUST1505,Customer_0505,P2024,Cricket Bat,Sports,Outdoor,1.00,2499.00,2499.00,0.10,249.90,2249.10,562.28,Mumbai,Maharashtra,West,Credit Card,Standard,2024,4,April,0.25
ORD100855,16-03-2024,CUST1539,Customer_0539,P2007,T-Shirt,Clothing,Men,1.00,799.00,799.00,0.00,0.00,799.00,255.68,Chennai,Tamil Nadu,South,Debit Card,Standard,2024,3,March,0.32
ORD101441,04-07-2025,CUST1016,Customer_0016,P2003,Laptop,Electronics,Computers,3.00,59999.00,179997.00,0.30,53999.10,125997.90,8819.85,Delhi,Delhi,North,Credit Card,Standard,2025,7,July,0.07
ORD102855,06-08-2024,CUST1095,Customer_0095,P2010,Dress,Clothing,Women,1.00,1999.00,1999.00,0.10,199.90,1799.10,521.74,Pune,Maharashtra,West,UPI,Standard,2024,8,August,0.29
ORD103353,02-06-2025,CUST1748,Customer_0748,P2005,Keyboard,Electronics,Accessories,2.00,1299.00,2598.00,0.15,389.70,2208.30,253.95,Jaipur,Rajasthan,North,UPI,Standard,2025,6,June,0.115
ORD103495,28-09-2024,CUST1181,Customer_0181,P2009,Kurti,Clothing,Women,1.00,1199.00,1199.00,0.10,119.90,1079.10,312.94,Mumbai,Maharashtra,West,UPI,Express,2024,9,September,0.29
ORD103959,15-05-2024,CUST1581,Customer_0581,P2023,Dumbbells,Sports,Fitness,1.00,1599.00,1599.00,0.05,79.95,1519.05,402.55,Mumbai,Maharashtra,West,UPI,Standard,2024,5,May,0.265
ORD104047,23-12-2024,CUST1415,Customer_0415,P2003,Laptop,Electronics,Computers,2.00,59999.00,119998.00,0.05,5999.90,113998.10,16529.72,Lucknow,Uttar Pradesh,North,Credit Card,Express,2024,12,December,0.145
ORD104473,11-03-2024,CUST1736,Customer_0736,P2013,Mixer Grinder,Home & Kitchen,Kitchen,2.00,3499.00,6998.00,0.10,699.80,6298.20,1322.62,Jaipur,Rajasthan,North,Net Banking,Standard,2024,3,March,0.21
ORD100864,07-09-2024,CUST1301,Customer_0301,P2003,Laptop,Electronics,Computers,2.00,59999.00,119998.00,0.20,23999.60,95998.40,9599.84,Delhi,Delhi,North,Credit Card,Standard,2024,9,September,0.1
ORD100879,13-01-2025,CUST1431,Customer_0431,P2014,Cookware Set,Home & Kitchen,Kitchen,1.00,2999.00,2999.00,0.15,449.85,2549.15,497.08,Kolkata,West Bengal,East,Net Banking,Standard,2025,1,January,0.195
ORD101361,18-10-2024,CUST1271,Customer_0271,P2010,Dress,Clothing,Women,1.00,1999.00,1999.00,0.15,299.85,1699.15,467.27,Hyderabad,Telangana,South,Debit Card,Express,2024,10,October,0.275
ORD101425,10-06-2024,CUST1746,Customer_0746,P2003,Laptop,Electronics,Computers,1.00,59999.00,59999.00,0.10,5999.90,53999.10,7019.88,Delhi,Delhi,North,Net Banking,Express,2024,6,June,0.13
ORD102004,24-03-2025,CUST1642,Customer_0642,P2011,Sneakers,Clothing,Footwear,3.00,2499.00,7497.00,0.05,374.85,7122.15,2172.26,Kolkata,West Bengal,East,UPI,Standard,2025,3,March,0.305
ORD102144,10-07-2025,CUST1033,Customer_0033,P2012,Sandals,Clothing,Footwear,1.00,1299.00,1299.00,0.05,64.95,1234.05,376.39,Lucknow,Uttar Pradesh,North,Credit Card,Standard,2025,7,July,0.305
ORD102848,21-12-2025,CUST1471,Customer_0471,P2020,Shampoo,Beauty,Haircare,2.00,599.00,1198.00,0.15,179.70,1018.30,341.13,Pune,Maharashtra,West,Debit Card,Standard,2025,12,December,0.335
ORD102998,05-11-2024,CUST1200,Customer_0200,P2003,Laptop,Electronics,Computers,4.00,59999.00,239996.00,0.05,11999.80,227996.20,33059.45,Noida,Uttar Pradesh,North,Debit Card,Express,2024,11,November,0.145
ORD103565,18-09-2025,CUST1770,Customer_0770,P2017,Office Chair,Home & Kitchen,Furniture,2.00,5999.00,11998.00,0.05,599.90,11398.10,2564.57,Gurugram,Haryana,North,Credit Card,Standard,2025,9,September,0.225
ORD104022,31-10-2025,CUST1272,Customer_0272,P2014,Cookware Set,Home & Kitchen,Kitchen,1.00,2999.00,2999.00,0.15,449.85,2549.15,497.08,Kolkata,West Bengal,East,UPI,Same Day,2025,10,October,0.195
ORD104277,25-06-2025,CUST1226,Customer_0226,P2003,Laptop,Electronics,Computers,3.00,59999.00,179997.00,0.10,17999.70,161997.30,21059.65,Ahmedabad,Gujarat,West,UPI,Standard,2025,6,June,0.13
ORD104511,09-01-2024,CUST1109,Customer_0109,P2014,Cookware Set,Home & Kitchen,Kitchen,1.00,2999.00,2999.00,0.00,0.00,2999.00,719.76,Delhi,Delhi,North,Debit Card,Standard,2024,1,January,0.24
ORD104800,14-11-2025,CUST1369,Customer_0369,P2025,Football,Sports,Outdoor,1.00,999.00,999.00,0.10,99.90,899.10,224.78,Jaipur,Rajasthan,North,UPI,Standard,2025,11,November,0.25
ORD100523,21-07-2025,CUST1680,Customer_0680,P2002,Wireless Earbuds,Electronics,Mobiles,2.00,2999.00,5998.00,0.10,599.80,5398.20,701.77,Noida,Uttar Pradesh,North,UPI,Standard,2025,7,July,0.13
ORD100527,02-11-2024,CUST1518,Customer_0518,P2011,Sneakers,Clothing,Footwear,4.00,2499.00,9996.00,0.30,2998.80,6997.20,1609.36,Jaipur,Rajasthan,North,UPI,Express,2024,11,November,0.23
ORD100866,10-11-2025,CUST1244,Customer_0244,P2008,Jeans,Clothing,Men,2.00,1799.00,3598.00,0.05,179.90,3418.10,1042.52,Delhi,Delhi,North,Net Banking,Standard,2025,11,November,0.305
ORD101801,16-04-2024,CUST1054,Customer_0054,P2008,Jeans,Clothing,Men,1.00,1799.00,1799.00,0.15,269.85,1529.15,420.52,Delhi,Delhi,North,Debit Card,Express,2024,4,April,0.275
ORD102091,17-05-2024,CUST1243,Customer_0243,P2021,Perfume,Beauty,Fragrance,3.00,1499.00,4497.00,0.20,899.40,3597.60,1151.23,Noida,Uttar Pradesh,North,UPI,Standard,2024,5,May,0.32
ORD102374,27-09-2024,CUST1790,Customer_0790,P2003,Laptop,Electronics,Computers,1.00,59999.00,59999.00,0.05,2999.95,56999.05,8264.86,Ahmedabad,Gujarat,West,UPI,Standard,2024,9,September,0.145
ORD102457,28-04-2024,CUST1664,Customer_0664,P2007,T-Shirt,Clothing,Men,1.00,799.00,799.00,0.25,199.75,599.25,146.82,Delhi,Delhi,North,Debit Card,Standard,2024,4,April,0.245
ORD102932,19-04-2024,CUST1111,Customer_0111,P2013,Mixer Grinder,Home & Kitchen,Kitchen,2.00,3499.00,6998.00,0.20,1399.60,5598.40,1007.71,Jaipur,Rajasthan,North,UPI,Standard,2024,4,April,0.18
ORD103045,20-07-2025,CUST1031,Customer_0031,P2013,Mixer Grinder,Home & Kitchen,Kitchen,1.00,3499.00,3499.00,0.00,0.00,3499.00,839.76,Lucknow,Uttar Pradesh,North,Debit Card,Express,2025,7,July,0.24
ORD100481,08-06-2024,CUST1750,Customer_0750,P2005,Keyboard,Electronics,Accessories,1.00,1299.00,1299.00,0.25,324.75,974.25,82.81,Ahmedabad,Gujarat,West,UPI,Standard,2024,6,June,0.085
ORD100708,05-10-2024,CUST1430,Customer_0430,P2024,Cricket Bat,Sports,Outdoor,1.00,2499.00,2499.00,0.10,249.90,2249.10,562.28,Hyderabad,Telangana,South,Net Banking,Express,2024,10,October,0.25
ORD102038,15-10-2024,CUST1455,Customer_0455,P2002,Wireless Earbuds,Electronics,Mobiles,1.00,2999.00,2999.00,0.10,299.90,2699.10,350.88,Delhi,Delhi,North,Cash on Delivery,Standard,2024,10,October,0.13
ORD102251,11-09-2025,CUST1105,Customer_0105,P2017,Office Chair,Home & Kitchen,Furniture,1.00,5999.00,5999.00,0.00,0.00,5999.00,1439.76,Jaipur,Rajasthan,North,Debit Card,Express,2025,9,September,0.24
ORD102348,03-08-2024,CUST1702,Customer_0702,P2010,Dress,Clothing,Women,3.00,1999.00,5997.00,0.00,0.00,5997.00,1919.04,Lucknow,Uttar Pradesh,North,Credit Card,Standard,2024,8,August,0.32
ORD103110,17-12-2024,CUST1468,Customer_0468,P2016,Bedsheet Set,Home & Kitchen,Home Decor,2.00,999.00,1998.00,0.10,199.80,1798.20,377.62,Ahmedabad,Gujarat,West,Debit Card,Express,2024,12,December,0.21
ORD103325,27-07-2024,CUST1387,Customer_0387,P2002,Wireless Earbuds,Electronics,Mobiles,2.00,2999.00,5998.00,0.00,0.00,5998.00,959.68,Jaipur,Rajasthan,North,UPI,Standard,2024,7,July,0.16
ORD103795,04-12-2025,CUST1546,Customer_0546,P2013,Mixer Grinder,Home & Kitchen,Kitchen,2.00,3499.00,6998.00,0.15,1049.70,5948.30,1159.92,Mumbai,Maharashtra,West,Credit Card,Standard,2025,12,December,0.195
ORD104222,11-10-2025,CUST1669,Customer_0669,P2013,Mixer Grinder,Home & Kitchen,Kitchen,2.00,3499.00,6998.00,0.15,1049.70,5948.30,1159.92,Chennai,Tamil Nadu,South,UPI,Express,2025,10,October,0.195
ORD104420,27-09-2024,CUST1228,Customer_0228,P2019,Sunscreen,Beauty,Skincare,2.00,699.00,1398.00,0.25,349.50,1048.50,319.79,Gurugram,Haryana,North,UPI,Standard,2024,9,September,0.305
ORD104776,01-06-2025,CUST1638,Customer_0638,P2015,Table Lamp,Home & Kitchen,Home Decor,1.00,1299.00,1299.00,0.15,194.85,1104.15,215.31,Noida,Uttar Pradesh,North,Net Banking,Standard,2025,6,June,0.195
ORD104829,15-05-2025,CUST1092,Customer_0092,P2023,Dumbbells,Sports,Fitness,2.00,1599.00,3198.00,0.10,319.80,2878.20,719.55,Delhi,Delhi,North,UPI,Same Day,2025,5,May,0.25
ORD100698,14-09-2024,CUST1511,Customer_0511,P2015,Table Lamp,Home & Kitchen,Home Decor,1.00,1299.00,1299.00,0.25,324.75,974.25,160.75,Delhi,Delhi,North,Net Banking,Standard,2024,9,September,0.165
ORD101389,22-02-2024,CUST1119,Customer_0119,P2024,Cricket Bat,Sports,Outdoor,1.00,2499.00,2499.00,0.10,249.90,2249.10,562.28,Lucknow,Uttar Pradesh,North,UPI,Standard,2024,2,February,0.25
ORD101493,04-04-2024,CUST1443,Customer_0443,P2007,T-Shirt,Clothing,Men,2.00,799.00,1598.00,0.30,479.40,1118.60,257.28,Lucknow,Uttar Pradesh,North,Debit Card,Express,2024,4,April,0.23
ORD101721,11-10-2025,CUST1031,Customer_0031,P2001,Smartphone,Electronics,Mobiles,3.00,24999.00,74997.00,0.10,7499.70,67497.30,8774.65,Delhi,Delhi,North,UPI,Standard,2025,10,October,0.13
ORD101767,09-03-2025,CUST1645,Customer_0645,P2006,Power Bank,Electronics,Accessories,2.00,1499.00,2998.00,0.10,299.80,2698.20,350.77,Hyderabad,Telangana,South,UPI,Standard,2025,3,March,0.13
ORD102402,10-10-2024,CUST1622,Customer_0622,P2019,Sunscreen,Beauty,Skincare,1.00,699.00,699.00,0.15,104.85,594.15,199.04,Pune,Maharashtra,West,UPI,Express,2024,10,October,0.335
ORD103242,15-02-2024,CUST1713,Customer_0713,P2019,Sunscreen,Beauty,Skincare,1.00,699.00,699.00,0.20,139.80,559.20,178.94,Noida,Uttar Pradesh,North,UPI,Standard,2024,2,February,0.32
ORD103368,04-01-2024,CUST1547,Customer_0547,P2016,Bedsheet Set,Home & Kitchen,Home Decor,2.00,999.00,1998.00,0.05,99.90,1898.10,427.07,Bengaluru,Karnataka,South,UPI,Standard,2024,1,January,0.225
ORD104186,07-12-2024,CUST1396,Customer_0396,P2004,Wireless Mouse,Electronics,Accessories,1.00,899.00,899.00,0.15,134.85,764.15,87.88,Kolkata,West Bengal,East,UPI,Same Day,2024,12,December,0.115
ORD102650,13-05-2024,CUST1263,Customer_0263,P2014,Cookware Set,Home & Kitchen,Kitchen,5.00,2999.00,14995.00,0.05,749.75,14245.25,3205.18,Delhi,Delhi,North,Debit Card,Standard,2024,5,May,0.225
ORD103048,14-10-2025,CUST1503,Customer_0503,P2010,Dress,Clothing,Women,2.00,1999.00,3998.00,0.15,599.70,3398.30,934.53,Ahmedabad,Gujarat,West,UPI,Standard,2025,10,October,0.275
ORD103215,25-09-2024,CUST1107,Customer_0107,P2021,Perfume,Beauty,Fragrance,1.00,1499.00,1499.00,0.10,149.90,1349.10,472.18,Jaipur,Rajasthan,North,Credit Card,Express,2024,9,September,0.35
ORD104509,14-06-2024,CUST1800,Customer_0800,P2015,Table Lamp,Home & Kitchen,Home Decor,1.00,1299.00,1299.00,0.15,194.85,1104.15,215.31,Bengaluru,Karnataka,South,Cash on Delivery,Standard,2024,6,June,0.195
ORD100804,28-03-2025,CUST1721,Customer_0721,P2002,Wireless Earbuds,Electronics,Mobiles,3.00,2999.00,8997.00,0.15,1349.55,7647.45,879.46,Pune,Maharashtra,West,Net Banking,Standard,2025,3,March,0.115
ORD101004,18-07-2025,CUST1207,Customer_0207,P2016,Bedsheet Set,Home & Kitchen,Home Decor,1.00,999.00,999.00,0.15,149.85,849.15,165.58,Pune,Maharashtra,West,Debit Card,Standard,2025,7,July,0.195
ORD101214,23-12-2025,CUST1466,Customer_0466,P2011,Sneakers,Clothing,Footwear,2.00,2499.00,4998.00,0.20,999.60,3998.40,1039.58,Noida,Uttar Pradesh,North,Net Banking,Standard,2025,12,December,0.26
ORD101450,13-03-2025,CUST1061,Customer_0061,P2007,T-Shirt,Clothing,Men,1.00,799.00,799.00,0.10,79.90,719.10,208.54,Delhi,Delhi,North,Credit Card,Express,2025,3,March,0.29
ORD102536,28-07-2025,CUST1431,Customer_0431,P2012,Sandals,Clothing,Footwear,1.00,1299.00,1299.00,0.05,64.95,1234.05,376.39,Chennai,Tamil Nadu,South,Credit Card,Same Day,2025,7,July,0.305
ORD102802,10-01-2024,CUST1423,Customer_0423,P2025,Football,Sports,Outdoor,2.00,999.00,1998.00,0.15,299.70,1698.30,399.10,Lucknow,Uttar Pradesh,North,Credit Card,Same Day,2024,1,January,0.235
ORD103049,24-04-2024,CUST1513,Customer_0513,P2016,Bedsheet Set,Home & Kitchen,Home Decor,2.00,999.00,1998.00,0.25,499.50,1498.50,247.25,Pune,Maharashtra,West,Credit Card,Express,2024,4,April,0.165
ORD103320,18-03-2024,CUST1750,Customer_0750,P2012,Sandals,Clothing,Footwear,3.00,1299.00,3897.00,0.15,584.55,3312.45,910.92,Ahmedabad,Gujarat,West,Credit Card,Standard,2024,3,March,0.275
ORD104057,08-12-2025,CUST1301,Customer_0301,P2013,Mixer Grinder,Home & Kitchen,Kitchen,1.00,3499.00,3499.00,0.10,349.90,3149.10,661.31,Mumbai,Maharashtra,West,UPI,Standard,2025,12,December,0.21
ORD100053,01-06-2024,CUST1251,Customer_0251,P2014,Cookware Set,Home & Kitchen,Kitchen,1.00,2999.00,2999.00,0.30,899.70,2099.30,314.90,Delhi,Delhi,North,Credit Card,Standard,2024,6,June,0.15
ORD102726,12-07-2025,CUST1075,Customer_0075,P2007,T-Shirt,Clothing,Men,2.00,799.00,1598.00,0.20,319.60,1278.40,332.38,Bengaluru,Karnataka,South,Credit Card,Standard,2025,7,July,0.26
ORD104605,06-02-2024,CUST1704,Customer_0704,P2013,Mixer Grinder,Home & Kitchen,Kitchen,2.00,3499.00,6998.00,0.30,2099.40,4898.60,734.79,Kolkata,West Bengal,East,Net Banking,Standard,2024,2,February,0.15
ORD104782,13-01-2025,CUST1308,Customer_0308,P2014,Cookware Set,Home & Kitchen,Kitchen,1.00,2999.00,2999.00,0.10,299.90,2699.10,566.81,Noida,Uttar Pradesh,North,Credit Card,Standard,2025,1,January,0.21
ORD104979,19-08-2025,CUST1227,Customer_0227,P2005,Keyboard,Electronics,Accessories,1.00,1299.00,1299.00,0.15,194.85,1104.15,126.98,Ahmedabad,Gujarat,West,UPI,Standard,2025,8,August,0.115
ORD100546,19-07-2025,CUST1032,Customer_0032,P2015,Table Lamp,Home & Kitchen,Home Decor,1.00,1299.00,1299.00,0.00,0.00,1299.00,311.76,Jaipur,Rajasthan,North,Debit Card,Standard,2025,7,July,0.24
ORD103175,31-05-2024,CUST1104,Customer_0104,P2004,Wireless Mouse,Electronics,Accessories,1.00,899.00,899.00,0.00,0.00,899.00,143.84,Jaipur,Rajasthan,North,UPI,Express,2024,5,May,0.16
ORD103301,16-03-2025,CUST1429,Customer_0429,P2004,Wireless Mouse,Electronics,Accessories,1.00,899.00,899.00,0.25,224.75,674.25,57.31,Kolkata,West Bengal,East,Cash on Delivery,Standard,2025,3,March,0.085
ORD103535,10-05-2024,CUST1003,Customer_0003,P2022,Yoga Mat,Sports,Fitness,2.00,899.00,1798.00,0.20,359.60,1438.40,316.45,Bengaluru,Karnataka,South,UPI,Standard,2024,5,May,0.22
ORD104237,12-02-2024,CUST1571,Customer_0571,P2007,T-Shirt,Clothing,Men,2.00,799.00,1598.00,0.10,159.80,1438.20,417.08,Lucknow,Uttar Pradesh,North,Net Banking,Express,2024,2,February,0.29
ORD104383,11-11-2024,CUST1640,Customer_0640,P2004,Wireless Mouse,Electronics,Accessories,1.00,899.00,899.00,0.15,134.85,764.15,87.88,Mumbai,Maharashtra,West,UPI,Express,2024,11,November,0.115
ORD100742,08-01-2025,CUST1190,Customer_0190,P2005,Keyboard,Electronics,Accessories,2.00,1299.00,2598.00,0.10,259.80,2338.20,303.97,Kolkata,West Bengal,East,UPI,Standard,2025,1,January,0.13
ORD101964,10-02-2024,CUST1451,Customer_0451,P2012,Sandals,Clothing,Footwear,1.00,1299.00,1299.00,0.10,129.90,1169.10,339.04,Delhi,Delhi,North,UPI,Standard,2024,2,February,0.29
ORD103585,01-01-2025,CUST1760,Customer_0760,P2021,Perfume,Beauty,Fragrance,2.00,1499.00,2998.00,0.15,449.70,2548.30,853.68,Lucknow,Uttar Pradesh,North,Debit Card,Express,2025,1,January,0.335
ORD103620,03-08-2024,CUST1490,Customer_0490,P2008,Jeans,Clothing,Men,3.00,1799.00,5397.00,0.05,269.85,5127.15,1563.78,Bengaluru,Karnataka,South,UPI,Standard,2024,8,August,0.305
ORD104155,29-11-2025,CUST1555,Customer_0555,P2012,Sandals,Clothing,Footwear,1.00,1299.00,1299.00,0.20,259.80,1039.20,270.19,Chennai,Tamil Nadu,South,UPI,Express,2025,11,November,0.26
ORD100607,12-09-2024,CUST1081,Customer_0081,P2004,Wireless Mouse,Electronics,Accessories,2.00,899.00,1798.00,0.05,89.90,1708.10,247.67,Ahmedabad,Gujarat,West,Credit Card,Standard,2024,9,September,0.145
ORD100903,13-11-2025,CUST1348,Customer_0348,P2008,Jeans,Clothing,Men,1.00,1799.00,1799.00,0.15,269.85,1529.15,420.52,Lucknow,Uttar Pradesh,North,UPI,Standard,2025,11,November,0.275
ORD101773,15-04-2024,CUST1539,Customer_0539,P2015,Table Lamp,Home & Kitchen,Home Decor,3.00,1299.00,3897.00,0.10,389.70,3507.30,736.53,Jaipur,Rajasthan,North,Debit Card,Standard,2024,4,April,0.21
ORD102013,28-12-2024,CUST1449,Customer_0449,P2005,Keyboard,Electronics,Accessories,1.00,1299.00,1299.00,0.05,64.95,1234.05,178.94,Ahmedabad,Gujarat,West,UPI,Standard,2024,12,December,0.145
ORD102235,27-07-2025,CUST1524,Customer_0524,P2018,Face Wash,Beauty,Skincare,1.00,399.00,399.00,0.05,19.95,379.05,138.35,Lucknow,Uttar Pradesh,North,Credit Card,Standard,2025,7,July,0.365
ORD102634,20-02-2025,CUST1639,Customer_0639,P2001,Smartphone,Electronics,Mobiles,1.00,24999.00,24999.00,0.05,1249.95,23749.05,3443.61,Kolkata,West Bengal,East,Debit Card,Standard,2025,2,February,0.145
ORD103183,27-09-2025,CUST1248,Customer_0248,P2016,Bedsheet Set,Home & Kitchen,Home Decor,1.00,999.00,999.00,0.15,149.85,849.15,165.58,Jaipur,Rajasthan,North,Credit Card,Standard,2025,9,September,0.195
ORD103247,07-06-2024,CUST1218,Customer_0218,P2008,Jeans,Clothing,Men,2.00,1799.00,3598.00,0.15,539.70,3058.30,841.03,Lucknow,Uttar Pradesh,North,Net Banking,Standard,2024,6,June,0.275
ORD103487,30-08-2024,CUST1276,Customer_0276,P2008,Jeans,Clothing,Men,1.00,1799.00,1799.00,0.10,179.90,1619.10,469.54,Mumbai,Maharashtra,West,Debit Card,Standard,2024,8,August,0.29
ORD104012,15-06-2024,CUST1630,Customer_0630,P2006,Power Bank,Electronics,Accessories,4.00,1499.00,5996.00,0.20,1199.20,4796.80,479.68,Noida,Uttar Pradesh,North,UPI,Standard,2024,6,June,0.1
ORD104868,30-06-2024,CUST1315,Customer_0315,P2019,Sunscreen,Beauty,Skincare,2.00,699.00,1398.00,0.15,209.70,1188.30,398.08,Bengaluru,Karnataka,South,Credit Card,Standard,2024,6,June,0.335
ORD104876,26-02-2025,CUST1270,Customer_0270,P2019,Sunscreen,Beauty,Skincare,1.00,699.00,699.00,0.10,69.90,629.10,220.18,Jaipur,Rajasthan,North,UPI,Standard,2025,2,February,0.35
ORD101930,26-01-2024,CUST1054,Customer_0054,P2025,Football,Sports,Outdoor,2.00,999.00,1998.00,0.15,299.70,1698.30,399.10,Bengaluru,Karnataka,South,Credit Card,Standard,2024,1,January,0.235
ORD102121,02-07-2024,CUST1418,Customer_0418,P2011,Sneakers,Clothing,Footwear,2.00,2499.00,4998.00,0.15,749.70,4248.30,1168.28,Lucknow,Uttar Pradesh,North,UPI,Standard,2024,7,July,0.275
ORD102986,06-12-2024,CUST1202,Customer_0202,P2002,Wireless Earbuds,Electronics,Mobiles,2.00,2999.00,5998.00,0.15,899.70,5098.30,586.30,Bengaluru,Karnataka,South,Credit Card,Express,2024,12,December,0.115
ORD103402,25-02-2025,CUST1266,Customer_0266,P2020,Shampoo,Beauty,Haircare,3.00,599.00,1797.00,0.00,0.00,1797.00,682.86,Ahmedabad,Gujarat,West,UPI,Standard,2025,2,February,0.38
ORD104079,16-11-2025,CUST1543,Customer_0543,P2024,Cricket Bat,Sports,Outdoor,3.00,2499.00,7497.00,0.15,1124.55,6372.45,1497.53,Pune,Maharashtra,West,Credit Card,Standard,2025,11,November,0.235
ORD100291,11-09-2024,CUST1756,Customer_0756,P2003,Laptop,Electronics,Computers,3.00,59999.00,179997.00,0.20,35999.40,143997.60,14399.76,Pune,Maharashtra,West,Credit Card,Same Day,2024,9,September,0.1
ORD100306,30-09-2024,CUST1025,Customer_0025,P2001,Smartphone,Electronics,Mobiles,2.00,24999.00,49998.00,0.00,0.00,49998.00,7999.68,Jaipur,Rajasthan,North,Debit Card,Express,2024,9,September,0.16
ORD100420,12-06-2024,CUST1517,Customer_0517,P2018,Face Wash,Beauty,Skincare,2.00,399.00,798.00,0.20,159.60,638.40,204.29,Noida,Uttar Pradesh,North,Cash on Delivery,Standard,2024,6,June,0.32
ORD101253,19-12-2025,CUST1452,Customer_0452,P2018,Face Wash,Beauty,Skincare,1.00,399.00,399.00,0.00,0.00,399.00,151.62,Delhi,Delhi,North,UPI,Standard,2025,12,December,0.38
ORD101443,20-04-2024,CUST1028,Customer_0028,P2013,Mixer Grinder,Home & Kitchen,Kitchen,2.00,3499.00,6998.00,0.00,0.00,6998.00,1679.52,Chennai,Tamil Nadu,South,UPI,Standard,2024,4,April,0.24
ORD101816,26-01-2025,CUST1210,Customer_0210,P2001,Smartphone,Electronics,Mobiles,3.00,24999.00,74997.00,0.15,11249.55,63747.45,7330.96,Ahmedabad,Gujarat,West,Cash on Delivery,Standard,2025,1,January,0.115
ORD102429,09-02-2024,CUST1765,Customer_0765,P2002,Wireless Earbuds,Electronics,Mobiles,1.00,2999.00,2999.00,0.05,149.95,2849.05,413.11,Hyderabad,Telangana,South,Net Banking,Standard,2024,2,February,0.145
ORD102610,26-04-2025,CUST1228,Customer_0228,P2009,Kurti,Clothing,Women,2.00,1199.00,2398.00,0.30,719.40,1678.60,386.08,Mumbai,Maharashtra,West,Debit Card,Express,2025,4,April,0.23
ORD103181,15-08-2024,CUST1270,Customer_0270,P2003,Laptop,Electronics,Computers,1.00,59999.00,59999.00,0.25,14999.75,44999.25,3824.94,Jaipur,Rajasthan,North,Credit Card,Express,2024,8,August,0.085
ORD103537,23-07-2024,CUST1654,Customer_0654,P2024,Cricket Bat,Sports,Outdoor,1.00,2499.00,2499.00,0.00,0.00,2499.00,699.72,Noida,Uttar Pradesh,North,Net Banking,Standard,2024,7,July,0.28
ORD103545,16-04-2025,CUST1185,Customer_0185,P2006,Power Bank,Electronics,Accessories,3.00,1499.00,4497.00,0.10,449.70,4047.30,526.15,Bengaluru,Karnataka,South,UPI,Express,2025,4,April,0.13
ORD104502,24-12-2024,CUST1160,Customer_0160,P2016,Bedsheet Set,Home & Kitchen,Home Decor,1.00,999.00,999.00,0.15,149.85,849.15,165.58,Pune,Maharashtra,West,Cash on Delivery,Express,2024,12,December,0.195
ORD104771,08-11-2024,CUST1300,Customer_0300,P2006,Power Bank,Electronics,Accessories,3.00,1499.00,4497.00,0.00,0.00,4497.00,719.52,Kolkata,West Bengal,East,Net Banking,Standard,2024,11,November,0.16
ORD100389,21-08-2024,CUST1714,Customer_0714,P2015,Table Lamp,Home & Kitchen,Home Decor,5.00,1299.00,6495.00,0.15,974.25,5520.75,1076.55,Kolkata,West Bengal,East,Credit Card,Express,2024,8,August,0.195
ORD101594,16-08-2024,CUST1277,Customer_0277,P2005,Keyboard,Electronics,Accessories,2.00,1299.00,2598.00,0.00,0.00,2598.00,415.68,Chennai,Tamil Nadu,South,Cash on Delivery,Standard,2024,8,August,0.16
ORD102409,25-01-2024,CUST1346,Customer_0346,P2001,Smartphone,Electronics,Mobiles,1.00,24999.00,24999.00,0.25,6249.75,18749.25,1593.69,Chennai,Tamil Nadu,South,UPI,Same Day,2024,1,January,0.085
ORD102933,06-11-2025,CUST1671,Customer_0671,P2005,Keyboard,Electronics,Accessories,1.00,1299.00,1299.00,0.20,259.80,1039.20,103.92,Delhi,Delhi,North,Net Banking,Express,2025,11,November,0.1
ORD103057,16-07-2024,CUST1125,Customer_0125,P2009,Kurti,Clothing,Women,2.00,1199.00,2398.00,0.10,239.80,2158.20,625.88,Hyderabad,Telangana,South,UPI,Express,2024,7,July,0.29
ORD103079,12-02-2025,CUST1737,Customer_0737,P2025,Football,Sports,Outdoor,1.00,999.00,999.00,0.25,249.75,749.25,153.60,Ahmedabad,Gujarat,West,Credit Card,Standard,2025,2,February,0.205
ORD104563,02-12-2024,CUST1382,Customer_0382,P2002,Wireless Earbuds,Electronics,Mobiles,1.00,2999.00,2999.00,0.15,449.85,2549.15,293.15,Jaipur,Rajasthan,North,Credit Card,Standard,2024,12,December,0.115
ORD104917,12-10-2024,CUST1342,Customer_0342,P2022,Yoga Mat,Sports,Fitness,2.00,899.00,1798.00,0.15,269.70,1528.30,359.15,Hyderabad,Telangana,South,UPI,Standard,2024,10,October,0.235
ORD100239,12-03-2024,CUST1449,Customer_0449,P2015,Table Lamp,Home & Kitchen,Home Decor,1.00,1299.00,1299.00,0.15,194.85,1104.15,215.31,Mumbai,Maharashtra,West,Credit Card,Express,2024,3,March,0.195
ORD101713,12-10-2024,CUST1765,Customer_0765,P2012,Sandals,Clothing,Footwear,1.00,1299.00,1299.00,0.15,194.85,1104.15,303.64,Noida,Uttar Pradesh,North,Net Banking,Same Day,2024,10,October,0.275
ORD102075,25-12-2024,CUST1794,Customer_0794,P2012,Sandals,Clothing,Footwear,2.00,1299.00,2598.00,0.05,129.90,2468.10,752.77,Noida,Uttar Pradesh,North,Net Banking,Standard,2024,12,December,0.305
ORD102265,18-10-2025,CUST1305,Customer_0305,P2014,Cookware Set,Home & Kitchen,Kitchen,1.00,2999.00,2999.00,0.15,449.85,2549.15,497.08,Chennai,Tamil Nadu,South,Credit Card,Express,2025,10,October,0.195
ORD102531,05-06-2025,CUST1451,Customer_0451,P2010,Dress,Clothing,Women,1.00,1999.00,1999.00,0.00,0.00,1999.00,639.68,Mumbai,Maharashtra,West,Credit Card,Standard,2025,6,June,0.32
ORD100065,13-02-2025,CUST1201,Customer_0201,P2003,Laptop,Electronics,Computers,2.00,59999.00,119998.00,0.25,29999.50,89998.50,7649.87,Kolkata,West Bengal,East,UPI,Express,2025,2,February,0.085
ORD100526,26-11-2025,CUST1294,Customer_0294,P2020,Shampoo,Beauty,Haircare,2.00,599.00,1198.00,0.25,299.50,898.50,274.04,Bengaluru,Karnataka,South,Credit Card,Standard,2025,11,November,0.305
ORD100676,03-07-2025,CUST1639,Customer_0639,P2005,Keyboard,Electronics,Accessories,3.00,1299.00,3897.00,0.05,194.85,3702.15,536.81,Gurugram,Haryana,North,UPI,Same Day,2025,7,July,0.145
ORD101651,05-12-2024,CUST1758,Customer_0758,P2013,Mixer Grinder,Home & Kitchen,Kitchen,3.00,3499.00,10497.00,0.00,0.00,10497.00,2519.28,Chennai,Tamil Nadu,South,Credit Card,Express,2024,12,December,0.24
ORD101673,29-01-2024,CUST1255,Customer_0255,P2020,Shampoo,Beauty,Haircare,2.00,599.00,1198.00,0.10,119.80,1078.20,377.37,Noida,Uttar Pradesh,North,Net Banking,Standard,2024,1,January,0.35
ORD101863,28-04-2024,CUST1277,Customer_0277,P2009,Kurti,Clothing,Women,1.00,1199.00,1199.00,0.15,179.85,1019.15,280.27,Delhi,Delhi,North,UPI,Standard,2024,4,April,0.275
ORD102056,24-09-2024,CUST1609,Customer_0609,P2012,Sandals,Clothing,Footwear,1.00,1299.00,1299.00,0.05,64.95,1234.05,376.39,Hyderabad,Telangana,South,Credit Card,Standard,2024,9,September,0.305
ORD102089,01-07-2024,CUST1450,Customer_0450,P2002,Wireless Earbuds,Electronics,Mobiles,1.00,2999.00,2999.00,0.05,149.95,2849.05,413.11,Gurugram,Haryana,North,Credit Card,Same Day,2024,7,July,0.145
ORD102295,17-08-2025,CUST1287,Customer_0287,P2005,Keyboard,Electronics,Accessories,1.00,1299.00,1299.00,0.30,389.70,909.30,63.65,Lucknow,Uttar Pradesh,North,UPI,Standard,2025,8,August,0.07
ORD102631,28-09-2024,CUST1058,Customer_0058,P2002,Wireless Earbuds,Electronics,Mobiles,1.00,2999.00,2999.00,0.10,299.90,2699.10,350.88,Delhi,Delhi,North,Credit Card,Standard,2024,9,September,0.13
ORD102729,09-02-2024,CUST1740,Customer_0740,P2007,T-Shirt,Clothing,Men,1.00,799.00,799.00,0.05,39.95,759.05,231.51,Mumbai,Maharashtra,West,UPI,Express,2024,2,February,0.305
ORD103055,21-04-2024,CUST1772,Customer_0772,P2011,Sneakers,Clothing,Footwear,1.00,2499.00,2499.00,0.20,499.80,1999.20,519.79,Hyderabad,Telangana,South,Credit Card,Same Day,2024,4,April,0.26
ORD103295,02-09-2025,CUST1779,Customer_0779,P2003,Laptop,Electronics,Computers,1.00,59999.00,59999.00,0.00,0.00,59999.00,9599.84,Ahmedabad,Gujarat,West,UPI,Standard,2025,9,September,0.16
ORD104536,20-03-2025,CUST1603,Customer_0603,P2007,T-Shirt,Clothing,Men,1.00,799.00,799.00,0.15,119.85,679.15,186.77,Mumbai,Maharashtra,West,Debit Card,Standard,2025,3,March,0.275
ORD104830,19-12-2024,CUST1634,Customer_0634,P2005,Keyboard,Electronics,Accessories,1.00,1299.00,1299.00,0.15,194.85,1104.15,126.98,Hyderabad,Telangana,South,Credit Card,Standard,2024,12,December,0.115
ORD100156,17-11-2024,CUST1295,Customer_0295,P2005,Keyboard,Electronics,Accessories,1.00,1299.00,1299.00,0.05,64.95,1234.05,178.94,Gurugram,Haryana,North,UPI,Standard,2024,11,November,0.145
ORD100308,22-03-2025,CUST1248,Customer_0248,P2022,Yoga Mat,Sports,Fitness,2.00,899.00,1798.00,0.15,269.70,1528.30,359.15,Kolkata,West Bengal,East,UPI,Standard,2025,3,March,0.235
ORD100665,12-09-2025,CUST1398,Customer_0398,P2007,T-Shirt,Clothing,Men,1.00,799.00,799.00,0.30,239.70,559.30,128.64,Mumbai,Maharashtra,West,Debit Card,Standard,2025,9,September,0.23
ORD101147,07-06-2025,CUST1034,Customer_0034,P2002,Wireless Earbuds,Electronics,Mobiles,3.00,2999.00,8997.00,0.00,0.00,8997.00,1439.52,Kolkata,West Bengal,East,Credit Card,Express,2025,6,June,0.16
ORD101552,28-04-2024,CUST1622,Customer_0622,P2004,Wireless Mouse,Electronics,Accessories,2.00,899.00,1798.00,0.05,89.90,1708.10,247.67,Mumbai,Maharashtra,West,Net Banking,Express,2024,4,April,0.145
ORD101739,29-01-2025,CUST1742,Customer_0742,P2009,Kurti,Clothing,Women,3.00,1199.00,3597.00,0.10,359.70,3237.30,938.82,Kolkata,West Bengal,East,UPI,Express,2025,1,January,0.29
ORD102314,13-08-2025,CUST1790,Customer_0790,P2023,Dumbbells,Sports,Fitness,1.00,1599.00,1599.00,0.20,319.80,1279.20,281.42,Gurugram,Haryana,North,Credit Card,Standard,2025,8,August,0.22
ORD102369,13-07-2024,CUST1147,Customer_0147,P2015,Table Lamp,Home & Kitchen,Home Decor,1.00,1299.00,1299.00,0.25,324.75,974.25,160.75,Jaipur,Rajasthan,North,UPI,Standard,2024,7,July,0.165
ORD102498,17-09-2024,CUST1394,Customer_0394,P2022,Yoga Mat,Sports,Fitness,3.00,899.00,2697.00,0.20,539.40,2157.60,474.67,Pune,Maharashtra,West,Debit Card,Standard,2024,9,September,0.22
ORD103636,15-02-2024,CUST1141,Customer_0141,P2003,Laptop,Electronics,Computers,1.00,59999.00,59999.00,0.20,11999.80,47999.20,4799.92,Chennai,Tamil Nadu,South,Credit Card,Standard,2024,2,February,0.1
ORD104476,26-12-2025,CUST1037,Customer_0037,P2003,Laptop,Electronics,Computers,5.00,59999.00,299995.00,0.25,74998.75,224996.25,19124.68,Lucknow,Uttar Pradesh,North,UPI,Standard,2025,12,December,0.085
ORD104833,22-03-2025,CUST1159,Customer_0159,P2006,Power Bank,Electronics,Accessories,2.00,1499.00,2998.00,0.00,0.00,2998.00,479.68,Pune,Maharashtra,West,Credit Card,Standard,2025,3,March,0.16
ORD104859,02-01-2024,CUST1145,Customer_0145,P2013,Mixer Grinder,Home & Kitchen,Kitchen,3.00,3499.00,10497.00,0.00,0.00,10497.00,2519.28,Lucknow,Uttar Pradesh,North,Net Banking,Standard,2024,1,January,0.24
ORD100184,16-06-2025,CUST1056,Customer_0056,P2001,Smartphone,Electronics,Mobiles,1.00,24999.00,24999.00,0.10,2499.90,22499.10,2924.88,Gurugram,Haryana,North,UPI,Standard,2025,6,June,0.13
ORD100762,05-07-2025,CUST1196,Customer_0196,P2017,Office Chair,Home & Kitchen,Furniture,1.00,5999.00,5999.00,0.00,0.00,5999.00,1439.76,Mumbai,Maharashtra,West,Cash on Delivery,Standard,2025,7,July,0.24
ORD102720,04-12-2025,CUST1753,Customer_0753,P2005,Keyboard,Electronics,Accessories,1.00,1299.00,1299.00,0.05,64.95,1234.05,178.94,Chennai,Tamil Nadu,South,Credit Card,Standard,2025,12,December,0.145
ORD102908,17-11-2025,CUST1307,Customer_0307,P2007,T-Shirt,Clothing,Men,1.00,799.00,799.00,0.15,119.85,679.15,186.77,Lucknow,Uttar Pradesh,North,Net Banking,Express,2025,11,November,0.275
ORD102977,20-07-2024,CUST1547,Customer_0547,P2001,Smartphone,Electronics,Mobiles,1.00,24999.00,24999.00,0.15,3749.85,21249.15,2443.65,Pune,Maharashtra,West,Debit Card,Express,2024,7,July,0.115
ORD103196,07-01-2025,CUST1502,Customer_0502,P2005,Keyboard,Electronics,Accessories,3.00,1299.00,3897.00,0.00,0.00,3897.00,623.52,Lucknow,Uttar Pradesh,North,UPI,Standard,2025,1,January,0.16
ORD103538,17-03-2025,CUST1377,Customer_0377,P2007,T-Shirt,Clothing,Men,1.00,799.00,799.00,0.25,199.75,599.25,146.82,Ahmedabad,Gujarat,West,UPI,Standard,2025,3,March,0.245
ORD104083,12-03-2024,CUST1544,Customer_0544,P2016,Bedsheet Set,Home & Kitchen,Home Decor,2.00,999.00,1998.00,0.00,0.00,1998.00,479.52,Mumbai,Maharashtra,West,Debit Card,Express,2024,3,March,0.24
ORD104161,11-11-2025,CUST1284,Customer_0284,P2016,Bedsheet Set,Home & Kitchen,Home Decor,1.00,999.00,999.00,0.20,199.80,799.20,143.86,Chennai,Tamil Nadu,South,Net Banking,Standard,2025,11,November,0.18
ORD104207,04-12-2024,CUST1197,Customer_0197,P2007,T-Shirt,Clothing,Men,1.00,799.00,799.00,0.15,119.85,679.15,186.77,Ahmedabad,Gujarat,West,UPI,Express,2024,12,December,0.275
ORD104723,30-09-2025,CUST1536,Customer_0536,P2010,Dress,Clothing,Women,1.00,1999.00,1999.00,0.15,299.85,1699.15,467.27,Lucknow,Uttar Pradesh,North,Net Banking,Standard,2025,9,September,0.275
ORD100080,17-11-2024,CUST1782,Customer_0782,P2017,Office Chair,Home & Kitchen,Furniture,1.00,5999.00,5999.00,0.15,899.85,5099.15,994.33,Lucknow,Uttar Pradesh,North,Credit Card,Standard,2024,11,November,0.195
ORD100258,10-11-2025,CUST1391,Customer_0391,P2010,Dress,Clothing,Women,1.00,1999.00,1999.00,0.05,99.95,1899.05,579.21,Delhi,Delhi,North,Credit Card,Standard,2025,11,November,0.305
ORD100875,07-05-2024,CUST1069,Customer_0069,P2022,Yoga Mat,Sports,Fitness,4.00,899.00,3596.00,0.15,539.40,3056.60,718.30,Bengaluru,Karnataka,South,Credit Card,Standard,2024,5,May,0.235
ORD101075,03-11-2024,CUST1285,Customer_0285,P2006,Power Bank,Electronics,Accessories,1.00,1499.00,1499.00,0.15,224.85,1274.15,146.53,Chennai,Tamil Nadu,South,Credit Card,Standard,2024,11,November,0.115
ORD101203,03-06-2025,CUST1332,Customer_0332,P2010,Dress,Clothing,Women,1.00,1999.00,1999.00,0.05,99.95,1899.05,579.21,Noida,Uttar Pradesh,North,UPI,Express,2025,6,June,0.305
ORD101572,12-11-2024,CUST1518,Customer_0518,P2009,Kurti,Clothing,Women,2.00,1199.00,2398.00,0.10,239.80,2158.20,625.88,Hyderabad,Telangana,South,Credit Card,Standard,2024,11,November,0.29
ORD101692,13-11-2025,CUST1157,Customer_0157,P2010,Dress,Clothing,Women,3.00,1999.00,5997.00,0.15,899.55,5097.45,1401.80,Noida,Uttar Pradesh,North,Debit Card,Standard,2025,11,November,0.275
ORD101963,22-02-2025,CUST1480,Customer_0480,P2020,Shampoo,Beauty,Haircare,1.00,599.00,599.00,0.05,29.95,569.05,207.70,Delhi,Delhi,North,Credit Card,Express,2025,2,February,0.365
ORD104351,30-11-2024,CUST1425,Customer_0425,P2002,Wireless Earbuds,Electronics,Mobiles,2.00,2999.00,5998.00,0.10,599.80,5398.20,701.77,Pune,Maharashtra,West,Debit Card,Standard,2024,11,November,0.13
ORD104931,16-02-2025,CUST1122,Customer_0122,P2019,Sunscreen,Beauty,Skincare,1.00,699.00,699.00,0.15,104.85,594.15,199.04,Chennai,Tamil Nadu,South,UPI,Standard,2025,2,February,0.335
ORD100128,14-12-2025,CUST1278,Customer_0278,P2011,Sneakers,Clothing,Footwear,2.00,2499.00,4998.00,0.05,249.90,4748.10,1448.17,Mumbai,Maharashtra,West,UPI,Standard,2025,12,December,0.305
ORD100175,29-10-2024,CUST1348,Customer_0348,P2007,T-Shirt,Clothing,Men,2.00,799.00,1598.00,0.10,159.80,1438.20,417.08,Mumbai,Maharashtra,West,Credit Card,Standard,2024,10,October,0.29
ORD100661,21-07-2025,CUST1154,Customer_0154,P2003,Laptop,Electronics,Computers,2.00,59999.00,119998.00,0.10,11999.80,107998.20,14039.77,Lucknow,Uttar Pradesh,North,Credit Card,Standard,2025,7,July,0.13
ORD100737,10-05-2024,CUST1403,Customer_0403,P2010,Dress,Clothing,Women,2.00,1999.00,3998.00,0.10,399.80,3598.20,1043.48,Noida,Uttar Pradesh,North,Credit Card,Standard,2024,5,May,0.29
ORD102221,15-07-2024,CUST1496,Customer_0496,P2010,Dress,Clothing,Women,2.00,1999.00,3998.00,0.05,199.90,3798.10,1158.42,Bengaluru,Karnataka,South,UPI,Standard,2024,7,July,0.305
ORD102226,06-03-2025,CUST1019,Customer_0019,P2019,Sunscreen,Beauty,Skincare,3.00,699.00,2097.00,0.10,209.70,1887.30,660.56,Hyderabad,Telangana,South,UPI,Standard,2025,3,March,0.35
ORD103792,11-11-2025,CUST1153,Customer_0153,P2025,Football,Sports,Outdoor,1.00,999.00,999.00,0.05,49.95,949.05,251.50,Delhi,Delhi,North,Net Banking,Standard,2025,11,November,0.265
ORD104954,23-01-2025,CUST1240,Customer_0240,P2009,Kurti,Clothing,Women,1.00,1199.00,1199.00,0.15,179.85,1019.15,280.27,Lucknow,Uttar Pradesh,North,UPI,Same Day,2025,1,January,0.275
ORD102000,24-11-2025,CUST1335,Customer_0335,P2016,Bedsheet Set,Home & Kitchen,Home Decor,1.00,999.00,999.00,0.10,99.90,899.10,188.81,Noida,Uttar Pradesh,North,UPI,Express,2025,11,November,0.21
ORD100488,27-06-2024,CUST1110,Customer_0110,P2006,Power Bank,Electronics,Accessories,2.00,1499.00,2998.00,0.10,299.80,2698.20,350.77,Gurugram,Haryana,North,UPI,Express,2024,6,June,0.13
ORD100585,22-09-2025,CUST1344,Customer_0344,P2007,T-Shirt,Clothing,Men,1.00,799.00,799.00,0.05,39.95,759.05,231.51,Mumbai,Maharashtra,West,UPI,Same Day,2025,9,September,0.305
ORD101451,05-08-2025,CUST1213,Customer_0213,P2008,Jeans,Clothing,Men,1.00,1799.00,1799.00,0.00,0.00,1799.00,575.68,Mumbai,Maharashtra,West,Credit Card,Express,2025,8,August,0.32
ORD101661,04-11-2024,CUST1513,Customer_0513,P2016,Bedsheet Set,Home & Kitchen,Home Decor,1.00,999.00,999.00,0.15,149.85,849.15,165.58,Jaipur,Rajasthan,North,Net Banking,Express,2024,11,November,0.195
ORD102315,19-02-2025,CUST1665,Customer_0665,P2019,Sunscreen,Beauty,Skincare,1.00,699.00,699.00,0.00,0.00,699.00,265.62,Lucknow,Uttar Pradesh,North,UPI,Standard,2025,2,February,0.38
ORD102503,15-07-2025,CUST1077,Customer_0077,P2013,Mixer Grinder,Home & Kitchen,Kitchen,1.00,3499.00,3499.00,0.15,524.85,2974.15,579.96,Kolkata,West Bengal,East,UPI,Standard,2025,7,July,0.195
ORD102609,01-01-2024,CUST1689,Customer_0689,P2003,Laptop,Electronics,Computers,4.00,59999.00,239996.00,0.00,0.00,239996.00,38399.36,Jaipur,Rajasthan,North,Net Banking,Standard,2024,1,January,0.16
ORD103099,07-11-2024,CUST1753,Customer_0753,P2018,Face Wash,Beauty,Skincare,5.00,399.00,1995.00,0.20,399.00,1596.00,510.72,Pune,Maharashtra,West,UPI,Standard,2024,11,November,0.32
ORD100048,20-10-2024,CUST1135,Customer_0135,P2016,Bedsheet Set,Home & Kitchen,Home Decor,1.00,999.00,999.00,0.20,199.80,799.20,143.86,Pune,Maharashtra,West,Credit Card,Standard,2024,10,October,0.18
ORD103351,03-08-2024,CUST1583,Customer_0583,P2001,Smartphone,Electronics,Mobiles,3.00,24999.00,74997.00,0.25,18749.25,56247.75,4781.06,Pune,Maharashtra,West,UPI,Standard,2024,8,August,0.085
ORD104523,16-03-2025,CUST1398,Customer_0398,P2010,Dress,Clothing,Women,3.00,1999.00,5997.00,0.05,299.85,5697.15,1737.63,Mumbai,Maharashtra,West,Credit Card,Standard,2025,3,March,0.305
ORD100889,16-08-2025,CUST1010,Customer_0010,P2004,Wireless Mouse,Electronics,Accessories,2.00,899.00,1798.00,0.05,89.90,1708.10,247.67,Hyderabad,Telangana,South,Debit Card,Standard,2025,8,August,0.145
ORD102219,13-09-2025,CUST1529,Customer_0529,P2009,Kurti,Clothing,Women,1.00,1199.00,1199.00,0.10,119.90,1079.10,312.94,Mumbai,Maharashtra,West,UPI,Express,2025,9,September,0.29
ORD104072,01-11-2025,CUST1319,Customer_0319,P2025,Football,Sports,Outdoor,4.00,999.00,3996.00,0.20,799.20,3196.80,703.30,Gurugram,Haryana,North,Credit Card,Express,2025,11,November,0.22
ORD104159,25-11-2024,CUST1051,Customer_0051,P2017,Office Chair,Home & Kitchen,Furniture,2.00,5999.00,11998.00,0.30,3599.40,8398.60,1259.79,Bengaluru,Karnataka,South,Credit Card,Standard,2024,11,November,0.15
ORD104784,21-04-2025,CUST1297,Customer_0297,P2013,Mixer Grinder,Home & Kitchen,Kitchen,1.00,3499.00,3499.00,0.00,0.00,3499.00,839.76,Lucknow,Uttar Pradesh,North,Debit Card,Express,2025,4,April,0.24
ORD100056,28-03-2025,CUST1024,Customer_0024,P2004,Wireless Mouse,Electronics,Accessories,2.00,899.00,1798.00,0.10,179.80,1618.20,210.37,Bengaluru,Karnataka,South,Cash on Delivery,Standard,2025,3,March,0.13
ORD100326,28-03-2025,CUST1189,Customer_0189,P2010,Dress,Clothing,Women,2.00,1999.00,3998.00,0.00,0.00,3998.00,1279.36,Bengaluru,Karnataka,South,UPI,Express,2025,3,March,0.32
ORD100583,22-11-2025,CUST1367,Customer_0367,P2015,Table Lamp,Home & Kitchen,Home Decor,2.00,1299.00,2598.00,0.00,0.00,2598.00,623.52,Noida,Uttar Pradesh,North,Net Banking,Express,2025,11,November,0.24
ORD100968,06-08-2024,CUST1362,Customer_0362,P2024,Cricket Bat,Sports,Outdoor,1.00,2499.00,2499.00,0.15,374.85,2124.15,499.18,Delhi,Delhi,North,UPI,Same Day,2024,8,August,0.235
ORD101588,07-06-2025,CUST1190,Customer_0190,P2002,Wireless Earbuds,Electronics,Mobiles,1.00,2999.00,2999.00,0.15,449.85,2549.15,293.15,Pune,Maharashtra,West,UPI,Same Day,2025,6,June,0.115
ORD101687,29-04-2025,CUST1094,Customer_0094,P2005,Keyboard,Electronics,Accessories,1.00,1299.00,1299.00,0.05,64.95,1234.05,178.94,Kolkata,West Bengal,East,Debit Card,Standard,2025,4,April,0.145
ORD102259,22-06-2024,CUST1087,Customer_0087,P2022,Yoga Mat,Sports,Fitness,1.00,899.00,899.00,0.10,89.90,809.10,202.28,Pune,Maharashtra,West,Debit Card,Standard,2024,6,June,0.25
ORD102304,05-11-2025,CUST1635,Customer_0635,P2022,Yoga Mat,Sports,Fitness,1.00,899.00,899.00,0.20,179.80,719.20,158.22,Mumbai,Maharashtra,West,Credit Card,Standard,2025,11,November,0.22
ORD102400,27-03-2024,CUST1071,Customer_0071,P2007,T-Shirt,Clothing,Men,1.00,799.00,799.00,0.10,79.90,719.10,208.54,Jaipur,Rajasthan,North,UPI,Standard,2024,3,March,0.29
ORD103467,17-10-2024,CUST1324,Customer_0324,P2013,Mixer Grinder,Home & Kitchen,Kitchen,3.00,3499.00,10497.00,0.10,1049.70,9447.30,1983.93,Bengaluru,Karnataka,South,UPI,Standard,2024,10,October,0.21
ORD100733,11-06-2025,CUST1217,Customer_0217,P2016,Bedsheet Set,Home & Kitchen,Home Decor,3.00,999.00,2997.00,0.15,449.55,2547.45,496.75,Noida,Uttar Pradesh,North,UPI,Standard,2025,6,June,0.195
ORD101063,10-11-2025,CUST1364,Customer_0364,P2002,Wireless Earbuds,Electronics,Mobiles,1.00,2999.00,2999.00,0.25,749.75,2249.25,191.19,Lucknow,Uttar Pradesh,North,UPI,Same Day,2025,11,November,0.085
ORD101287,10-10-2025,CUST1717,Customer_0717,P2013,Mixer Grinder,Home & Kitchen,Kitchen,4.00,3499.00,13996.00,0.15,2099.40,11896.60,2319.84,Noida,Uttar Pradesh,North,Credit Card,Same Day,2025,10,October,0.195
ORD102812,26-09-2025,CUST1022,Customer_0022,P2008,Jeans,Clothing,Men,1.00,1799.00,1799.00,0.10,179.90,1619.10,469.54,Gurugram,Haryana,North,Cash on Delivery,Express,2025,9,September,0.29
ORD102864,09-12-2024,CUST1279,Customer_0279,P2006,Power Bank,Electronics,Accessories,2.00,1499.00,2998.00,0.15,449.70,2548.30,293.05,Pune,Maharashtra,West,UPI,Standard,2024,12,December,0.115
ORD103061,05-04-2024,CUST1565,Customer_0565,P2016,Bedsheet Set,Home & Kitchen,Home Decor,1.00,999.00,999.00,0.05,49.95,949.05,213.54,Noida,Uttar Pradesh,North,Debit Card,Standard,2024,4,April,0.225
ORD103391,28-08-2024,CUST1391,Customer_0391,P2011,Sneakers,Clothing,Footwear,2.00,2499.00,4998.00,0.15,749.70,4248.30,1168.28,Bengaluru,Karnataka,South,UPI,Express,2024,8,August,0.275
ORD104636,19-11-2025,CUST1614,Customer_0614,P2011,Sneakers,Clothing,Footwear,1.00,2499.00,2499.00,0.10,249.90,2249.10,652.24,Noida,Uttar Pradesh,North,Credit Card,Same Day,2025,11,November,0.29
ORD104858,13-11-2024,CUST1381,Customer_0381,P2013,Mixer Grinder,Home & Kitchen,Kitchen,4.00,3499.00,13996.00,0.05,699.80,13296.20,2991.64,Lucknow,Uttar Pradesh,North,UPI,Express,2024,11,November,0.225
ORD100003,18-08-2024,CUST1318,Customer_0318,P2005,Keyboard,Electronics,Accessories,2.00,1299.00,2598.00,0.20,519.60,2078.40,207.84,Jaipur,Rajasthan,North,Credit Card,Standard,2024,8,August,0.1
ORD100340,22-07-2024,CUST1553,Customer_0553,P2019,Sunscreen,Beauty,Skincare,1.00,699.00,699.00,0.20,139.80,559.20,178.94,Lucknow,Uttar Pradesh,North,Credit Card,Express,2024,7,July,0.32
ORD100603,30-05-2024,CUST1328,Customer_0328,P2015,Table Lamp,Home & Kitchen,Home Decor,1.00,1299.00,1299.00,0.10,129.90,1169.10,245.51,Hyderabad,Telangana,South,Credit Card,Express,2024,5,May,0.21
ORD100954,26-01-2024,CUST1290,Customer_0290,P2009,Kurti,Clothing,Women,2.00,1199.00,2398.00,0.20,479.60,1918.40,498.78,Noida,Uttar Pradesh,North,Debit Card,Standard,2024,1,January,0.26
ORD102886,17-02-2024,CUST1100,Customer_0100,P2005,Keyboard,Electronics,Accessories,2.00,1299.00,2598.00,0.00,0.00,2598.00,415.68,Jaipur,Rajasthan,North,Credit Card,Express,2024,2,February,0.16
ORD104769,07-09-2024,CUST1468,Customer_0468,P2003,Laptop,Electronics,Computers,1.00,59999.00,59999.00,0.15,8999.85,50999.15,5864.90,Mumbai,Maharashtra,West,Net Banking,Express,2024,9,September,0.115
ORD100557,01-05-2025,CUST1768,Customer_0768,P2014,Cookware Set,Home & Kitchen,Kitchen,1.00,2999.00,2999.00,0.25,749.75,2249.25,371.13,Hyderabad,Telangana,South,Debit Card,Standard,2025,5,May,0.165
ORD101305,17-09-2025,CUST1048,Customer_0048,P2021,Perfume,Beauty,Fragrance,3.00,1499.00,4497.00,0.05,224.85,4272.15,1559.33,Lucknow,Uttar Pradesh,North,UPI,Express,2025,9,September,0.365
ORD101315,15-03-2024,CUST1736,Customer_0736,P2012,Sandals,Clothing,Footwear,1.00,1299.00,1299.00,0.25,324.75,974.25,238.69,Hyderabad,Telangana,South,Credit Card,Standard,2024,3,March,0.245
ORD101843,11-04-2025,CUST1643,Customer_0643,P2002,Wireless Earbuds,Electronics,Mobiles,2.00,2999.00,5998.00,0.15,899.70,5098.30,586.30,Bengaluru,Karnataka,South,Net Banking,Standard,2025,4,April,0.115
ORD102780,28-02-2025,CUST1056,Customer_0056,P2001,Smartphone,Electronics,Mobiles,1.00,24999.00,24999.00,0.20,4999.80,19999.20,1999.92,Chennai,Tamil Nadu,South,UPI,Express,2025,2,February,0.1
ORD102811,06-10-2025,CUST1721,Customer_0721,P2004,Wireless Mouse,Electronics,Accessories,1.00,899.00,899.00,0.15,134.85,764.15,87.88,Ahmedabad,Gujarat,West,UPI,Standard,2025,10,October,0.115
ORD102976,12-08-2025,CUST1022,Customer_0022,P2019,Sunscreen,Beauty,Skincare,4.00,699.00,2796.00,0.25,699.00,2097.00,639.58,Pune,Maharashtra,West,Debit Card,Express,2025,8,August,0.305
ORD103514,18-07-2024,CUST1795,Customer_0795,P2006,Power Bank,Electronics,Accessories,2.00,1499.00,2998.00,0.25,749.50,2248.50,191.12,Gurugram,Haryana,North,Debit Card,Same Day,2024,7,July,0.085
ORD103615,14-12-2025,CUST1708,Customer_0708,P2008,Jeans,Clothing,Men,1.00,1799.00,1799.00,0.20,359.80,1439.20,374.19,Gurugram,Haryana,North,Credit Card,Express,2025,12,December,0.26
ORD103948,28-01-2025,CUST1109,Customer_0109,P2005,Keyboard,Electronics,Accessories,1.00,1299.00,1299.00,0.05,64.95,1234.05,178.94,Chennai,Tamil Nadu,South,UPI,Standard,2025,1,January,0.145
ORD104134,21-05-2025,CUST1163,Customer_0163,P2021,Perfume,Beauty,Fragrance,1.00,1499.00,1499.00,0.15,224.85,1274.15,426.84,Mumbai,Maharashtra,West,UPI,Standard,2025,5,May,0.335
ORD100055,13-02-2025,CUST1170,Customer_0170,P2007,T-Shirt,Clothing,Men,1.00,799.00,799.00,0.20,159.80,639.20,166.19,Jaipur,Rajasthan,North,Credit Card,Standard,2025,2,February,0.26
ORD100952,06-09-2024,CUST1793,Customer_0793,P2010,Dress,Clothing,Women,2.00,1999.00,3998.00,0.00,0.00,3998.00,1279.36,Ahmedabad,Gujarat,West,UPI,Same Day,2024,9,September,0.32
ORD101067,31-05-2024,CUST1686,Customer_0686,P2005,Keyboard,Electronics,Accessories,1.00,1299.00,1299.00,0.05,64.95,1234.05,178.94,Ahmedabad,Gujarat,West,Debit Card,Standard,2024,5,May,0.145
ORD101211,02-11-2025,CUST1427,Customer_0427,P2008,Jeans,Clothing,Men,1.00,1799.00,1799.00,0.20,359.80,1439.20,374.19,Hyderabad,Telangana,South,Net Banking,Standard,2025,11,November,0.26
ORD102159,05-12-2025,CUST1704,Customer_0704,P2008,Jeans,Clothing,Men,2.00,1799.00,3598.00,0.25,899.50,2698.50,661.13,Chennai,Tamil Nadu,South,Net Banking,Standard,2025,12,December,0.245
ORD102490,06-01-2024,CUST1213,Customer_0213,P2025,Football,Sports,Outdoor,1.00,999.00,999.00,0.25,249.75,749.25,153.60,Noida,Uttar Pradesh,North,Net Banking,Standard,2024,1,January,0.205
ORD103263,19-04-2024,CUST1272,Customer_0272,P2019,Sunscreen,Beauty,Skincare,1.00,699.00,699.00,0.15,104.85,594.15,199.04,Gurugram,Haryana,North,UPI,Standard,2024,4,April,0.335
ORD103996,11-03-2025,CUST1571,Customer_0571,P2015,Table Lamp,Home & Kitchen,Home Decor,1.00,1299.00,1299.00,0.05,64.95,1234.05,277.66,Jaipur,Rajasthan,North,Credit Card,Express,2025,3,March,0.225
ORD100474,12-08-2024,CUST1559,Customer_0559,P2007,T-Shirt,Clothing,Men,1.00,799.00,799.00,0.15,119.85,679.15,186.77,Jaipur,Rajasthan,North,UPI,Express,2024,8,August,0.275
ORD100647,29-06-2024,CUST1208,Customer_0208,P2014,Cookware Set,Home & Kitchen,Kitchen,1.00,2999.00,2999.00,0.25,749.75,2249.25,371.13,Pune,Maharashtra,West,Debit Card,Express,2024,6,June,0.165
ORD101682,13-12-2025,CUST1442,Customer_0442,P2013,Mixer Grinder,Home & Kitchen,Kitchen,1.00,3499.00,3499.00,0.05,174.95,3324.05,747.91,Chennai,Tamil Nadu,South,UPI,Standard,2025,12,December,0.225
ORD104014,14-06-2025,CUST1352,Customer_0352,P2002,Wireless Earbuds,Electronics,Mobiles,2.00,2999.00,5998.00,0.10,599.80,5398.20,701.77,Jaipur,Rajasthan,North,UPI,Standard,2025,6,June,0.13
ORD104631,20-04-2025,CUST1755,Customer_0755,P2025,Football,Sports,Outdoor,3.00,999.00,2997.00,0.15,449.55,2547.45,598.65,Hyderabad,Telangana,South,Debit Card,Standard,2025,4,April,0.235
ORD104920,21-02-2024,CUST1335,Customer_0335,P2023,Dumbbells,Sports,Fitness,1.00,1599.00,1599.00,0.10,159.90,1439.10,359.78,Noida,Uttar Pradesh,North,Net Banking,Same Day,2024,2,February,0.25
ORD100290,24-07-2025,CUST1200,Customer_0200,P2025,Football,Sports,Outdoor,1.00,999.00,999.00,0.05,49.95,949.05,251.50,Kolkata,West Bengal,East,Credit Card,Same Day,2025,7,July,0.265
ORD101549,12-09-2024,CUST1306,Customer_0306,P2009,Kurti,Clothing,Women,1.00,1199.00,1199.00,0.10,119.90,1079.10,312.94,Jaipur,Rajasthan,North,UPI,Standard,2024,9,September,0.29
ORD102011,04-05-2024,CUST1069,Customer_0069,P2001,Smartphone,Electronics,Mobiles,1.00,24999.00,24999.00,0.05,1249.95,23749.05,3443.61,Chennai,Tamil Nadu,South,Net Banking,Same Day,2024,5,May,0.145
ORD102275,12-04-2025,CUST1466,Customer_0466,P2014,Cookware Set,Home & Kitchen,Kitchen,1.00,2999.00,2999.00,0.15,449.85,2549.15,497.08,Noida,Uttar Pradesh,North,Net Banking,Standard,2025,4,April,0.195
ORD102786,16-05-2024,CUST1792,Customer_0792,P2009,Kurti,Clothing,Women,1.00,1199.00,1199.00,0.10,119.90,1079.10,312.94,Noida,Uttar Pradesh,North,UPI,Same Day,2024,5,May,0.29
ORD104458,20-04-2025,CUST1158,Customer_0158,P2014,Cookware Set,Home & Kitchen,Kitchen,2.00,2999.00,5998.00,0.20,1199.60,4798.40,863.71,Gurugram,Haryana,North,Credit Card,Same Day,2025,4,April,0.18
ORD104462,14-11-2025,CUST1438,Customer_0438,P2002,Wireless Earbuds,Electronics,Mobiles,3.00,2999.00,8997.00,0.05,449.85,8547.15,1239.34,Ahmedabad,Gujarat,West,Credit Card,Express,2025,11,November,0.145
ORD101058,27-06-2025,CUST1189,Customer_0189,P2018,Face Wash,Beauty,Skincare,1.00,399.00,399.00,0.00,0.00,399.00,151.62,Mumbai,Maharashtra,West,Credit Card,Same Day,2025,6,June,0.38
ORD102392,26-07-2025,CUST1115,Customer_0115,P2016,Bedsheet Set,Home & Kitchen,Home Decor,2.00,999.00,1998.00,0.25,499.50,1498.50,247.25,Kolkata,West Bengal,East,UPI,Same Day,2025,7,July,0.165
ORD102698,01-09-2025,CUST1678,Customer_0678,P2006,Power Bank,Electronics,Accessories,2.00,1499.00,2998.00,0.00,0.00,2998.00,479.68,Jaipur,Rajasthan,North,Net Banking,Standard,2025,9,September,0.16
ORD102734,20-11-2024,CUST1687,Customer_0687,P2010,Dress,Clothing,Women,2.00,1999.00,3998.00,0.05,199.90,3798.10,1158.42,Gurugram,Haryana,North,Net Banking,Standard,2024,11,November,0.305
ORD104641,29-03-2025,CUST1466,Customer_0466,P2008,Jeans,Clothing,Men,1.00,1799.00,1799.00,0.05,89.95,1709.05,521.26,Mumbai,Maharashtra,West,Cash on Delivery,Express,2025,3,March,0.305
ORD104878,19-09-2025,CUST1110,Customer_0110,P2007,T-Shirt,Clothing,Men,1.00,799.00,799.00,0.20,159.80,639.20,166.19,Noida,Uttar Pradesh,North,Credit Card,Same Day,2025,9,September,0.26
ORD100729,31-05-2025,CUST1782,Customer_0782,P2019,Sunscreen,Beauty,Skincare,1.00,699.00,699.00,0.30,209.70,489.30,141.90,Bengaluru,Karnataka,South,Net Banking,Standard,2025,5,May,0.29
ORD100775,12-03-2025,CUST1756,Customer_0756,P2024,Cricket Bat,Sports,Outdoor,2.00,2499.00,4998.00,0.10,499.80,4498.20,1124.55,Hyderabad,Telangana,South,Credit Card,Standard,2025,3,March,0.25
ORD101470,15-07-2025,CUST1444,Customer_0444,P2024,Cricket Bat,Sports,Outdoor,2.00,2499.00,4998.00,0.25,1249.50,3748.50,768.44,Mumbai,Maharashtra,West,Cash on Delivery,Standard,2025,7,July,0.205
ORD102308,01-04-2025,CUST1064,Customer_0064,P2017,Office Chair,Home & Kitchen,Furniture,2.00,5999.00,11998.00,0.20,2399.60,9598.40,1727.71,Pune,Maharashtra,West,Debit Card,Standard,2025,4,April,0.18
ORD102408,11-06-2024,CUST1266,Customer_0266,P2013,Mixer Grinder,Home & Kitchen,Kitchen,2.00,3499.00,6998.00,0.15,1049.70,5948.30,1159.92,Kolkata,West Bengal,East,UPI,Standard,2024,6,June,0.195
ORD103909,01-05-2025,CUST1088,Customer_0088,P2016,Bedsheet Set,Home & Kitchen,Home Decor,2.00,999.00,1998.00,0.20,399.60,1598.40,287.71,Bengaluru,Karnataka,South,UPI,Standard,2025,5,May,0.18
ORD101858,05-04-2025,CUST1683,Customer_0683,P2020,Shampoo,Beauty,Haircare,1.00,599.00,599.00,0.05,29.95,569.05,207.70,Bengaluru,Karnataka,South,Net Banking,Standard,2025,4,April,0.365
ORD101860,22-09-2024,CUST1045,Customer_0045,P2010,Dress,Clothing,Women,2.00,1999.00,3998.00,0.20,799.60,3198.40,831.58,Mumbai,Maharashtra,West,Credit Card,Standard,2024,9,September,0.26
ORD104263,10-09-2024,CUST1229,Customer_0229,P2009,Kurti,Clothing,Women,1.00,1199.00,1199.00,0.15,179.85,1019.15,280.27,Chennai,Tamil Nadu,South,Cash on Delivery,Standard,2024,9,September,0.275
ORD104470,14-10-2025,CUST1752,Customer_0752,P2003,Laptop,Electronics,Computers,1.00,59999.00,59999.00,0.00,0.00,59999.00,9599.84,Jaipur,Rajasthan,North,UPI,Standard,2025,10,October,0.16
ORD100096,10-10-2024,CUST1053,Customer_0053,P2004,Wireless Mouse,Electronics,Accessories,1.00,899.00,899.00,0.10,89.90,809.10,105.18,Ahmedabad,Gujarat,West,UPI,Express,2024,10,October,0.13
ORD100210,17-06-2025,CUST1046,Customer_0046,P2006,Power Bank,Electronics,Accessories,3.00,1499.00,4497.00,0.05,224.85,4272.15,619.46,Delhi,Delhi,North,Credit Card,Standard,2025,6,June,0.145
ORD103167,11-05-2025,CUST1357,Customer_0357,P2014,Cookware Set,Home & Kitchen,Kitchen,4.00,2999.00,11996.00,0.10,1199.60,10796.40,2267.24,Mumbai,Maharashtra,West,UPI,Express,2025,5,May,0.21
ORD104089,03-10-2025,CUST1191,Customer_0191,P2012,Sandals,Clothing,Footwear,1.00,1299.00,1299.00,0.05,64.95,1234.05,376.39,Hyderabad,Telangana,South,UPI,Same Day,2025,10,October,0.305
ORD104348,01-09-2024,CUST1439,Customer_0439,P2006,Power Bank,Electronics,Accessories,3.00,1499.00,4497.00,0.00,0.00,4497.00,719.52,Noida,Uttar Pradesh,North,Credit Card,Standard,2024,9,September,0.16
ORD104840,08-10-2024,CUST1144,Customer_0144,P2011,Sneakers,Clothing,Footwear,4.00,2499.00,9996.00,0.05,499.80,9496.20,2896.34,Bengaluru,Karnataka,South,UPI,Standard,2024,10,October,0.305
ORD100509,26-03-2025,CUST1609,Customer_0609,P2009,Kurti,Clothing,Women,2.00,1199.00,2398.00,0.20,479.60,1918.40,498.78,Pune,Maharashtra,West,Debit Card,Standard,2025,3,March,0.26
ORD101325,20-03-2024,CUST1606,Customer_0606,P2025,Football,Sports,Outdoor,4.00,999.00,3996.00,0.25,999.00,2997.00,614.38,Bengaluru,Karnataka,South,UPI,Standard,2024,3,March,0.205
ORD101756,31-12-2025,CUST1647,Customer_0647,P2013,Mixer Grinder,Home & Kitchen,Kitchen,1.00,3499.00,3499.00,0.20,699.80,2799.20,503.86,Ahmedabad,Gujarat,West,Net Banking,Same Day,2025,12,December,0.18
ORD101982,19-10-2024,CUST1357,Customer_0357,P2013,Mixer Grinder,Home & Kitchen,Kitchen,1.00,3499.00,3499.00,0.10,349.90,3149.10,661.31,Ahmedabad,Gujarat,West,Net Banking,Express,2024,10,October,0.21
ORD103678,28-08-2024,CUST1624,Customer_0624,P2009,Kurti,Clothing,Women,2.00,1199.00,2398.00,0.15,359.70,2038.30,560.53,Pune,Maharashtra,West,UPI,Standard,2024,8,August,0.275
ORD103680,05-10-2024,CUST1724,Customer_0724,P2024,Cricket Bat,Sports,Outdoor,3.00,2499.00,7497.00,0.10,749.70,6747.30,1686.82,Bengaluru,Karnataka,South,Credit Card,Standard,2024,10,October,0.25
ORD104084,09-12-2024,CUST1571,Customer_0571,P2022,Yoga Mat,Sports,Fitness,1.00,899.00,899.00,0.15,134.85,764.15,179.58,Noida,Uttar Pradesh,North,Net Banking,Standard,2024,12,December,0.235
ORD104570,23-11-2024,CUST1426,Customer_0426,P2003,Laptop,Electronics,Computers,1.00,59999.00,59999.00,0.00,0.00,59999.00,9599.84,Ahmedabad,Gujarat,West,Net Banking,Standard,2024,11,November,0.16
ORD100516,07-07-2025,CUST1023,Customer_0023,P2017,Office Chair,Home & Kitchen,Furniture,3.00,5999.00,17997.00,0.10,1799.70,16197.30,3401.43,Jaipur,Rajasthan,North,UPI,Same Day,2025,7,July,0.21
ORD101350,23-03-2024,CUST1749,Customer_0749,P2007,T-Shirt,Clothing,Men,1.00,799.00,799.00,0.20,159.80,639.20,166.19,Jaipur,Rajasthan,North,UPI,Standard,2024,3,March,0.26
ORD102842,21-05-2024,CUST1254,Customer_0254,P2002,Wireless Earbuds,Electronics,Mobiles,1.00,2999.00,2999.00,0.10,299.90,2699.10,350.88,Mumbai,Maharashtra,West,Net Banking,Same Day,2024,5,May,0.13
ORD103318,03-06-2024,CUST1207,Customer_0207,P2011,Sneakers,Clothing,Footwear,1.00,2499.00,2499.00,0.20,499.80,1999.20,519.79,Ahmedabad,Gujarat,West,Credit Card,Express,2024,6,June,0.26
ORD101757,24-08-2024,CUST1410,Customer_0410,P2006,Power Bank,Electronics,Accessories,1.00,1499.00,1499.00,0.00,0.00,1499.00,239.84,Ahmedabad,Gujarat,West,Net Banking,Standard,2024,8,August,0.16
ORD102423,27-01-2025,CUST1092,Customer_0092,P2021,Perfume,Beauty,Fragrance,1.00,1499.00,1499.00,0.20,299.80,1199.20,383.74,Pune,Maharashtra,West,UPI,Standard,2025,1,January,0.32
ORD103673,11-12-2025,CUST1727,Customer_0727,P2015,Table Lamp,Home & Kitchen,Home Decor,1.00,1299.00,1299.00,0.15,194.85,1104.15,215.31,Ahmedabad,Gujarat,West,Credit Card,Standard,2025,12,December,0.195
ORD103953,05-06-2024,CUST1773,Customer_0773,P2016,Bedsheet Set,Home & Kitchen,Home Decor,2.00,999.00,1998.00,0.10,199.80,1798.20,377.62,Pune,Maharashtra,West,Debit Card,Same Day,2024,6,June,0.21
ORD104393,24-12-2025,CUST1646,Customer_0646,P2022,Yoga Mat,Sports,Fitness,1.00,899.00,899.00,0.30,269.70,629.30,119.57,Delhi,Delhi,North,Net Banking,Express,2025,12,December,0.19
ORD104756,07-08-2024,CUST1164,Customer_0164,P2008,Jeans,Clothing,Men,2.00,1799.00,3598.00,0.10,359.80,3238.20,939.08,Noida,Uttar Pradesh,North,UPI,Standard,2024,8,August,0.29
ORD100119,06-03-2024,CUST1062,Customer_0062,P2006,Power Bank,Electronics,Accessories,1.00,1499.00,1499.00,0.05,74.95,1424.05,206.49,Delhi,Delhi,North,Net Banking,Standard,2024,3,March,0.145
ORD101057,28-02-2025,CUST1474,Customer_0474,P2012,Sandals,Clothing,Footwear,2.00,1299.00,2598.00,0.10,259.80,2338.20,678.08,Noida,Uttar Pradesh,North,Credit Card,Standard,2025,2,February,0.29
ORD101820,21-02-2025,CUST1698,Customer_0698,P2006,Power Bank,Electronics,Accessories,1.00,1499.00,1499.00,0.20,299.80,1199.20,119.92,Ahmedabad,Gujarat,West,UPI,Express,2025,2,February,0.1
ORD102567,04-12-2024,CUST1298,Customer_0298,P2022,Yoga Mat,Sports,Fitness,1.00,899.00,899.00,0.20,179.80,719.20,158.22,Jaipur,Rajasthan,North,Debit Card,Standard,2024,12,December,0.22
ORD100960,09-07-2025,CUST1449,Customer_0449,P2016,Bedsheet Set,Home & Kitchen,Home Decor,1.00,999.00,999.00,0.00,0.00,999.00,239.76,Noida,Uttar Pradesh,North,Net Banking,Express,2025,7,July,0.24
ORD104116,22-04-2025,CUST1663,Customer_0663,P2002,Wireless Earbuds,Electronics,Mobiles,2.00,2999.00,5998.00,0.05,299.90,5698.10,826.22,Noida,Uttar Pradesh,North,UPI,Standard,2025,4,April,0.145
ORD104676,01-03-2025,CUST1299,Customer_0299,P2009,Kurti,Clothing,Women,2.00,1199.00,2398.00,0.20,479.60,1918.40,498.78,Delhi,Delhi,North,UPI,Standard,2025,3,March,0.26
ORD104897,04-03-2024,CUST1450,Customer_0450,P2012,Sandals,Clothing,Footwear,1.00,1299.00,1299.00,0.15,194.85,1104.15,303.64,Hyderabad,Telangana,South,UPI,Same Day,2024,3,March,0.275
ORD101013,30-07-2024,CUST1701,Customer_0701,P2007,T-Shirt,Clothing,Men,1.00,799.00,799.00,0.05,39.95,759.05,231.51,Gurugram,Haryana,North,UPI,Express,2024,7,July,0.305
ORD101832,06-03-2025,CUST1545,Customer_0545,P2002,Wireless Earbuds,Electronics,Mobiles,2.00,2999.00,5998.00,0.10,599.80,5398.20,701.77,Bengaluru,Karnataka,South,UPI,Express,2025,3,March,0.13
ORD102245,02-02-2025,CUST1419,Customer_0419,P2010,Dress,Clothing,Women,1.00,1999.00,1999.00,0.05,99.95,1899.05,579.21,Mumbai,Maharashtra,West,Net Banking,Standard,2025,2,February,0.305
ORD102333,21-08-2025,CUST1347,Customer_0347,P2005,Keyboard,Electronics,Accessories,1.00,1299.00,1299.00,0.20,259.80,1039.20,103.92,Noida,Uttar Pradesh,North,Net Banking,Standard,2025,8,August,0.1
ORD103273,13-12-2025,CUST1498,Customer_0498,P2014,Cookware Set,Home & Kitchen,Kitchen,2.00,2999.00,5998.00,0.15,899.70,5098.30,994.17,Hyderabad,Telangana,South,Net Banking,Express,2025,12,December,0.195
ORD104069,21-01-2024,CUST1413,Customer_0413,P2001,Smartphone,Electronics,Mobiles,4.00,24999.00,99996.00,0.10,9999.60,89996.40,11699.53,Bengaluru,Karnataka,South,Credit Card,Express,2024,1,January,0.13
ORD104173,12-08-2025,CUST1028,Customer_0028,P2017,Office Chair,Home & Kitchen,Furniture,5.00,5999.00,29995.00,0.10,2999.50,26995.50,5669.05,Ahmedabad,Gujarat,West,Credit Card,Same Day,2025,8,August,0.21
ORD101839,24-01-2025,CUST1163,Customer_0163,P2002,Wireless Earbuds,Electronics,Mobiles,1.00,2999.00,2999.00,0.15,449.85,2549.15,293.15,Chennai,Tamil Nadu,South,UPI,Standard,2025,1,January,0.115
ORD102160,03-05-2025,CUST1419,Customer_0419,P2015,Table Lamp,Home & Kitchen,Home Decor,1.00,1299.00,1299.00,0.00,0.00,1299.00,311.76,Ahmedabad,Gujarat,West,Credit Card,Standard,2025,5,May,0.24
ORD104794,07-01-2024,CUST1778,Customer_0778,P2025,Football,Sports,Outdoor,1.00,999.00,999.00,0.05,49.95,949.05,251.50,Pune,Maharashtra,West,Debit Card,Standard,2024,1,January,0.265
ORD100218,26-12-2024,CUST1380,Customer_0380,P2016,Bedsheet Set,Home & Kitchen,Home Decor,3.00,999.00,2997.00,0.05,149.85,2847.15,640.61,Ahmedabad,Gujarat,West,UPI,Standard,2024,12,December,0.225
ORD100280,01-11-2024,CUST1498,Customer_0498,P2014,Cookware Set,Home & Kitchen,Kitchen,1.00,2999.00,2999.00,0.00,0.00,2999.00,719.76,Delhi,Delhi,North,UPI,Standard,2024,11,November,0.24
ORD100305,03-02-2025,CUST1446,Customer_0446,P2022,Yoga Mat,Sports,Fitness,2.00,899.00,1798.00,0.15,269.70,1528.30,359.15,Chennai,Tamil Nadu,South,Debit Card,Standard,2025,2,February,0.235
ORD100738,05-03-2025,CUST1074,Customer_0074,P2009,Kurti,Clothing,Women,2.00,1199.00,2398.00,0.15,359.70,2038.30,560.53,Lucknow,Uttar Pradesh,North,UPI,Express,2025,3,March,0.275
ORD101348,05-07-2025,CUST1619,Customer_0619,P2012,Sandals,Clothing,Footwear,1.00,1299.00,1299.00,0.20,259.80,1039.20,270.19,Noida,Uttar Pradesh,North,Cash on Delivery,Same Day,2025,7,July,0.26
ORD101782,13-07-2025,CUST1604,Customer_0604,P2003,Laptop,Electronics,Computers,3.00,59999.00,179997.00,0.15,26999.55,152997.45,17594.71,Hyderabad,Telangana,South,Cash on Delivery,Standard,2025,7,July,0.115
ORD102652,09-09-2025,CUST1005,Customer_0005,P2020,Shampoo,Beauty,Haircare,1.00,599.00,599.00,0.15,89.85,509.15,170.57,Jaipur,Rajasthan,North,UPI,Express,2025,9,September,0.335
ORD103873,13-08-2024,CUST1110,Customer_0110,P2020,Shampoo,Beauty,Haircare,1.00,599.00,599.00,0.25,149.75,449.25,137.02,Gurugram,Haryana,North,Credit Card,Standard,2024,8,August,0.305
ORD104169,14-05-2025,CUST1133,Customer_0133,P2017,Office Chair,Home & Kitchen,Furniture,1.00,5999.00,5999.00,0.00,0.00,5999.00,1439.76,Jaipur,Rajasthan,North,UPI,Standard,2025,5,May,0.24
ORD100311,12-08-2024,CUST1488,Customer_0488,P2025,Football,Sports,Outdoor,2.00,999.00,1998.00,0.10,199.80,1798.20,449.55,Gurugram,Haryana,North,UPI,Standard,2024,8,August,0.25
ORD103583,06-10-2024,CUST1155,Customer_0155,P2002,Wireless Earbuds,Electronics,Mobiles,3.00,2999.00,8997.00,0.15,1349.55,7647.45,879.46,Noida,Uttar Pradesh,North,Net Banking,Standard,2024,10,October,0.115
ORD104926,22-03-2025,CUST1659,Customer_0659,P2006,Power Bank,Electronics,Accessories,2.00,1499.00,2998.00,0.10,299.80,2698.20,350.77,Hyderabad,Telangana,South,Credit Card,Standard,2025,3,March,0.13
ORD100102,12-05-2025,CUST1478,Customer_0478,P2011,Sneakers,Clothing,Footwear,2.00,2499.00,4998.00,0.10,499.80,4498.20,1304.48,Noida,Uttar Pradesh,North,Debit Card,Same Day,2025,5,May,0.29
ORD100637,30-01-2024,CUST1657,Customer_0657,P2016,Bedsheet Set,Home & Kitchen,Home Decor,1.00,999.00,999.00,0.25,249.75,749.25,123.63,Jaipur,Rajasthan,North,Cash on Delivery,Standard,2024,1,January,0.165
ORD101096,02-02-2025,CUST1556,Customer_0556,P2002,Wireless Earbuds,Electronics,Mobiles,3.00,2999.00,8997.00,0.10,899.70,8097.30,1052.65,Gurugram,Haryana,North,Cash on Delivery,Express,2025,2,February,0.13
ORD102602,10-12-2024,CUST1549,Customer_0549,P2010,Dress,Clothing,Women,2.00,1999.00,3998.00,0.10,399.80,3598.20,1043.48,Delhi,Delhi,North,Credit Card,Standard,2024,12,December,0.29
ORD103522,15-11-2025,CUST1385,Customer_0385,P2002,Wireless Earbuds,Electronics,Mobiles,3.00,2999.00,8997.00,0.30,2699.10,6297.90,440.85,Delhi,Delhi,North,UPI,Express,2025,11,November,0.07
ORD103981,26-11-2025,CUST1733,Customer_0733,P2010,Dress,Clothing,Women,1.00,1999.00,1999.00,0.00,0.00,1999.00,639.68,Bengaluru,Karnataka,South,UPI,Standard,2025,11,November,0.32
ORD104123,18-02-2025,CUST1684,Customer_0684,P2006,Power Bank,Electronics,Accessories,1.00,1499.00,1499.00,0.00,0.00,1499.00,239.84,Mumbai,Maharashtra,West,UPI,Standard,2025,2,February,0.16
ORD102510,18-06-2024,CUST1020,Customer_0020,P2025,Football,Sports,Outdoor,1.00,999.00,999.00,0.25,249.75,749.25,153.60,Hyderabad,Telangana,South,UPI,Standard,2024,6,June,0.205
ORD103819,23-04-2025,CUST1632,Customer_0632,P2011,Sneakers,Clothing,Footwear,2.00,2499.00,4998.00,0.10,499.80,4498.20,1304.48,Noida,Uttar Pradesh,North,UPI,Express,2025,4,April,0.29
ORD104136,10-05-2024,CUST1267,Customer_0267,P2012,Sandals,Clothing,Footwear,2.00,1299.00,2598.00,0.20,519.60,2078.40,540.38,Mumbai,Maharashtra,West,UPI,Standard,2024,5,May,0.26
ORD104942,29-09-2025,CUST1058,Customer_0058,P2012,Sandals,Clothing,Footwear,4.00,1299.00,5196.00,0.10,519.60,4676.40,1356.16,Bengaluru,Karnataka,South,UPI,Same Day,2025,9,September,0.29
ORD100120,30-06-2025,CUST1206,Customer_0206,P2022,Yoga Mat,Sports,Fitness,4.00,899.00,3596.00,0.05,179.80,3416.20,905.29,Jaipur,Rajasthan,North,Net Banking,Standard,2025,6,June,0.265
ORD100597,28-01-2024,CUST1668,Customer_0668,P2022,Yoga Mat,Sports,Fitness,1.00,899.00,899.00,0.25,224.75,674.25,138.22,Ahmedabad,Gujarat,West,UPI,Express,2024,1,January,0.205
ORD100720,07-02-2025,CUST1486,Customer_0486,P2011,Sneakers,Clothing,Footwear,2.00,2499.00,4998.00,0.15,749.70,4248.30,1168.28,Hyderabad,Telangana,South,UPI,Standard,2025,2,February,0.275
ORD101129,29-08-2025,CUST1212,Customer_0212,P2004,Wireless Mouse,Electronics,Accessories,3.00,899.00,2697.00,0.00,0.00,2697.00,431.52,Lucknow,Uttar Pradesh,North,Cash on Delivery,Express,2025,8,August,0.16
ORD101540,31-07-2025,CUST1502,Customer_0502,P2014,Cookware Set,Home & Kitchen,Kitchen,2.00,2999.00,5998.00,0.15,899.70,5098.30,994.17,Delhi,Delhi,North,UPI,Standard,2025,7,July,0.195
ORD102092,09-11-2025,CUST1089,Customer_0089,P2017,Office Chair,Home & Kitchen,Furniture,1.00,5999.00,5999.00,0.10,599.90,5399.10,1133.81,Bengaluru,Karnataka,South,UPI,Same Day,2025,11,November,0.21
ORD102224,28-01-2024,CUST1099,Customer_0099,P2003,Laptop,Electronics,Computers,3.00,59999.00,179997.00,0.15,26999.55,152997.45,17594.71,Jaipur,Rajasthan,North,Credit Card,Standard,2024,1,January,0.115
ORD103264,26-03-2024,CUST1121,Customer_0121,P2004,Wireless Mouse,Electronics,Accessories,3.00,899.00,2697.00,0.05,134.85,2562.15,371.51,Pune,Maharashtra,West,UPI,Standard,2024,3,March,0.145
ORD103439,20-10-2025,CUST1115,Customer_0115,P2010,Dress,Clothing,Women,2.00,1999.00,3998.00,0.20,799.60,3198.40,831.58,Gurugram,Haryana,North,Credit Card,Same Day,2025,10,October,0.26
ORD103543,14-03-2025,CUST1411,Customer_0411,P2014,Cookware Set,Home & Kitchen,Kitchen,2.00,2999.00,5998.00,0.15,899.70,5098.30,994.17,Chennai,Tamil Nadu,South,Net Banking,Standard,2025,3,March,0.195
ORD103621,18-05-2024,CUST1090,Customer_0090,P2014,Cookware Set,Home & Kitchen,Kitchen,2.00,2999.00,5998.00,0.10,599.80,5398.20,1133.62,Ahmedabad,Gujarat,West,Net Banking,Express,2024,5,May,0.21
ORD103877,17-04-2025,CUST1447,Customer_0447,P2008,Jeans,Clothing,Men,2.00,1799.00,3598.00,0.20,719.60,2878.40,748.38,Bengaluru,Karnataka,South,UPI,Express,2025,4,April,0.26
ORD104572,05-07-2024,CUST1129,Customer_0129,P2002,Wireless Earbuds,Electronics,Mobiles,1.00,2999.00,2999.00,0.10,299.90,2699.10,350.88,Delhi,Delhi,North,Debit Card,Standard,2024,7,July,0.13
ORD100108,21-02-2024,CUST1612,Customer_0612,P2008,Jeans,Clothing,Men,4.00,1799.00,7196.00,0.05,359.80,6836.20,2085.04,Ahmedabad,Gujarat,West,Credit Card,Standard,2024,2,February,0.305
ORD100325,23-09-2024,CUST1163,Customer_0163,P2008,Jeans,Clothing,Men,2.00,1799.00,3598.00,0.05,179.90,3418.10,1042.52,Bengaluru,Karnataka,South,UPI,Standard,2024,9,September,0.305
ORD100533,23-01-2025,CUST1454,Customer_0454,P2015,Table Lamp,Home & Kitchen,Home Decor,4.00,1299.00,5196.00,0.10,519.60,4676.40,982.04,Chennai,Tamil Nadu,South,Credit Card,Standard,2025,1,January,0.21
ORD101731,01-12-2024,CUST1333,Customer_0333,P2002,Wireless Earbuds,Electronics,Mobiles,2.00,2999.00,5998.00,0.00,0.00,5998.00,959.68,Delhi,Delhi,North,Credit Card,Standard,2024,12,December,0.16
ORD102178,04-08-2024,CUST1204,Customer_0204,P2008,Jeans,Clothing,Men,1.00,1799.00,1799.00,0.20,359.80,1439.20,374.19,Delhi,Delhi,North,Net Banking,Express,2024,8,August,0.26
ORD102937,10-04-2025,CUST1078,Customer_0078,P2003,Laptop,Electronics,Computers,4.00,59999.00,239996.00,0.15,35999.40,203996.60,23459.61,Chennai,Tamil Nadu,South,UPI,Same Day,2025,4,April,0.115
ORD103365,30-11-2024,CUST1526,Customer_0526,P2011,Sneakers,Clothing,Footwear,4.00,2499.00,9996.00,0.05,499.80,9496.20,2896.34,Kolkata,West Bengal,East,Credit Card,Standard,2024,11,November,0.305
ORD103848,11-12-2024,CUST1002,Customer_0002,P2005,Keyboard,Electronics,Accessories,1.00,1299.00,1299.00,0.25,324.75,974.25,82.81,Lucknow,Uttar Pradesh,North,UPI,Express,2024,12,December,0.085
ORD104685,23-01-2025,CUST1185,Customer_0185,P2021,Perfume,Beauty,Fragrance,3.00,1499.00,4497.00,0.15,674.55,3822.45,1280.52,Mumbai,Maharashtra,West,Credit Card,Same Day,2025,1,January,0.335
ORD100459,11-10-2024,CUST1729,Customer_0729,P2018,Face Wash,Beauty,Skincare,2.00,399.00,798.00,0.00,0.00,798.00,303.24,Delhi,Delhi,North,UPI,Express,2024,10,October,0.38
ORD101626,07-03-2025,CUST1718,Customer_0718,P2014,Cookware Set,Home & Kitchen,Kitchen,1.00,2999.00,2999.00,0.15,449.85,2549.15,497.08,Gurugram,Haryana,North,Net Banking,Standard,2025,3,March,0.195
ORD101665,15-09-2024,CUST1474,Customer_0474,P2012,Sandals,Clothing,Footwear,1.00,1299.00,1299.00,0.00,0.00,1299.00,415.68,Pune,Maharashtra,West,Credit Card,Standard,2024,9,September,0.32
ORD102346,24-03-2024,CUST1053,Customer_0053,P2022,Yoga Mat,Sports,Fitness,2.00,899.00,1798.00,0.10,179.80,1618.20,404.55,Jaipur,Rajasthan,North,Credit Card,Standard,2024,3,March,0.25
ORD103491,26-04-2025,CUST1308,Customer_0308,P2008,Jeans,Clothing,Men,1.00,1799.00,1799.00,0.00,0.00,1799.00,575.68,Chennai,Tamil Nadu,South,Credit Card,Standard,2025,4,April,0.32
ORD101263,20-01-2024,CUST1106,Customer_0106,P2008,Jeans,Clothing,Men,2.00,1799.00,3598.00,0.10,359.80,3238.20,939.08,Gurugram,Haryana,North,UPI,Standard,2024,1,January,0.29
ORD101288,06-07-2025,CUST1602,Customer_0602,P2001,Smartphone,Electronics,Mobiles,1.00,24999.00,24999.00,0.15,3749.85,21249.15,2443.65,Delhi,Delhi,North,UPI,Standard,2025,7,July,0.115
ORD102414,23-02-2024,CUST1124,Customer_0124,P2008,Jeans,Clothing,Men,1.00,1799.00,1799.00,0.05,89.95,1709.05,521.26,Bengaluru,Karnataka,South,UPI,Standard,2024,2,February,0.305
ORD101412,24-12-2024,CUST1592,Customer_0592,P2010,Dress,Clothing,Women,3.00,1999.00,5997.00,0.00,0.00,5997.00,1919.04,Noida,Uttar Pradesh,North,UPI,Standard,2024,12,December,0.32
ORD102077,17-08-2024,CUST1638,Customer_0638,P2008,Jeans,Clothing,Men,2.00,1799.00,3598.00,0.20,719.60,2878.40,748.38,Jaipur,Rajasthan,North,UPI,Standard,2024,8,August,0.26
ORD102395,27-10-2025,CUST1005,Customer_0005,P2011,Sneakers,Clothing,Footwear,1.00,2499.00,2499.00,0.25,624.75,1874.25,459.19,Chennai,Tamil Nadu,South,Net Banking,Standard,2025,10,October,0.245
ORD103253,11-03-2024,CUST1249,Customer_0249,P2024,Cricket Bat,Sports,Outdoor,4.00,2499.00,9996.00,0.25,2499.00,7497.00,1536.89,Hyderabad,Telangana,South,Credit Card,Same Day,2024,3,March,0.205
ORD103308,29-10-2025,CUST1528,Customer_0528,P2004,Wireless Mouse,Electronics,Accessories,2.00,899.00,1798.00,0.10,179.80,1618.20,210.37,Chennai,Tamil Nadu,South,Debit Card,Express,2025,10,October,0.13
ORD104524,11-02-2024,CUST1370,Customer_0370,P2004,Wireless Mouse,Electronics,Accessories,2.00,899.00,1798.00,0.00,0.00,1798.00,287.68,Kolkata,West Bengal,East,Debit Card,Standard,2024,2,February,0.16
ORD102021,01-02-2024,CUST1644,Customer_0644,P2014,Cookware Set,Home & Kitchen,Kitchen,2.00,2999.00,5998.00,0.00,0.00,5998.00,1439.52,Mumbai,Maharashtra,West,UPI,Standard,2024,2,February,0.24
ORD103335,10-09-2024,CUST1325,Customer_0325,P2004,Wireless Mouse,Electronics,Accessories,1.00,899.00,899.00,0.30,269.70,629.30,44.05,Ahmedabad,Gujarat,West,Debit Card,Express,2024,9,September,0.07
ORD103387,23-07-2024,CUST1331,Customer_0331,P2007,T-Shirt,Clothing,Men,1.00,799.00,799.00,0.10,79.90,719.10,208.54,Lucknow,Uttar Pradesh,North,Cash on Delivery,Express,2024,7,July,0.29
ORD103427,21-01-2024,CUST1426,Customer_0426,P2021,Perfume,Beauty,Fragrance,1.00,1499.00,1499.00,0.00,0.00,1499.00,569.62,Pune,Maharashtra,West,Debit Card,Standard,2024,1,January,0.38
ORD103822,28-09-2025,CUST1496,Customer_0496,P2004,Wireless Mouse,Electronics,Accessories,2.00,899.00,1798.00,0.30,539.40,1258.60,88.10,Pune,Maharashtra,West,UPI,Same Day,2025,9,September,0.07
ORD104113,05-06-2024,CUST1366,Customer_0366,P2001,Smartphone,Electronics,Mobiles,2.00,24999.00,49998.00,0.05,2499.90,47498.10,6887.22,Hyderabad,Telangana,South,UPI,Express,2024,6,June,0.145
ORD104132,01-09-2024,CUST1339,Customer_0339,P2023,Dumbbells,Sports,Fitness,2.00,1599.00,3198.00,0.05,159.90,3038.10,805.10,Noida,Uttar Pradesh,North,Cash on Delivery,Standard,2024,9,September,0.265
ORD104499,09-05-2024,CUST1320,Customer_0320,P2025,Football,Sports,Outdoor,3.00,999.00,2997.00,0.15,449.55,2547.45,598.65,Delhi,Delhi,North,UPI,Standard,2024,5,May,0.235
ORD101265,29-04-2025,CUST1049,Customer_0049,P2016,Bedsheet Set,Home & Kitchen,Home Decor,2.00,999.00,1998.00,0.00,0.00,1998.00,479.52,Hyderabad,Telangana,South,Debit Card,Express,2025,4,April,0.24
ORD101929,16-11-2025,CUST1596,Customer_0596,P2020,Shampoo,Beauty,Haircare,3.00,599.00,1797.00,0.00,0.00,1797.00,682.86,Lucknow,Uttar Pradesh,North,Net Banking,Express,2025,11,November,0.38
ORD102523,27-04-2024,CUST1478,Customer_0478,P2001,Smartphone,Electronics,Mobiles,3.00,24999.00,74997.00,0.05,3749.85,71247.15,10330.84,Kolkata,West Bengal,East,UPI,Standard,2024,4,April,0.145
ORD104567,31-07-2025,CUST1395,Customer_0395,P2001,Smartphone,Electronics,Mobiles,2.00,24999.00,49998.00,0.05,2499.90,47498.10,6887.22,Lucknow,Uttar Pradesh,North,Cash on Delivery,Standard,2025,7,July,0.145
ORD100181,11-08-2024,CUST1212,Customer_0212,P2008,Jeans,Clothing,Men,1.00,1799.00,1799.00,0.25,449.75,1349.25,330.57,Hyderabad,Telangana,South,UPI,Standard,2024,8,August,0.245
ORD100214,21-04-2025,CUST1620,Customer_0620,P2024,Cricket Bat,Sports,Outdoor,1.00,2499.00,2499.00,0.10,249.90,2249.10,562.28,Lucknow,Uttar Pradesh,North,Debit Card,Standard,2025,4,April,0.25
ORD100489,17-12-2025,CUST1185,Customer_0185,P2011,Sneakers,Clothing,Footwear,2.00,2499.00,4998.00,0.30,1499.40,3498.60,804.68,Chennai,Tamil Nadu,South,Cash on Delivery,Standard,2025,12,December,0.23
ORD100599,19-09-2024,CUST1733,Customer_0733,P2008,Jeans,Clothing,Men,5.00,1799.00,8995.00,0.20,1799.00,7196.00,1870.96,Mumbai,Maharashtra,West,Net Banking,Standard,2024,9,September,0.26
ORD100885,12-01-2025,CUST1456,Customer_0456,P2007,T-Shirt,Clothing,Men,2.00,799.00,1598.00,0.15,239.70,1358.30,373.53,Gurugram,Haryana,North,Debit Card,Express,2025,1,January,0.275
ORD101298,20-06-2024,CUST1445,Customer_0445,P2019,Sunscreen,Beauty,Skincare,3.00,699.00,2097.00,0.10,209.70,1887.30,660.56,Jaipur,Rajasthan,North,Debit Card,Express,2024,6,June,0.35
ORD101668,12-09-2025,CUST1675,Customer_0675,P2015,Table Lamp,Home & Kitchen,Home Decor,1.00,1299.00,1299.00,0.15,194.85,1104.15,215.31,Gurugram,Haryana,North,UPI,Same Day,2025,9,September,0.195
ORD103311,13-09-2025,CUST1689,Customer_0689,P2025,Football,Sports,Outdoor,1.00,999.00,999.00,0.20,199.80,799.20,175.82,Gurugram,Haryana,North,Credit Card,Standard,2025,9,September,0.22
ORD103791,27-04-2024,CUST1404,Customer_0404,P2020,Shampoo,Beauty,Haircare,1.00,599.00,599.00,0.10,59.90,539.10,188.68,Gurugram,Haryana,North,UPI,Express,2024,4,April,0.35
ORD103830,16-06-2024,CUST1090,Customer_0090,P2001,Smartphone,Electronics,Mobiles,1.00,24999.00,24999.00,0.10,2499.90,22499.10,2924.88,Mumbai,Maharashtra,West,UPI,Same Day,2024,6,June,0.13
ORD101324,14-11-2024,CUST1212,Customer_0212,P2017,Office Chair,Home & Kitchen,Furniture,1.00,5999.00,5999.00,0.20,1199.80,4799.20,863.86,Noida,Uttar Pradesh,North,UPI,Express,2024,11,November,0.18
ORD102042,20-04-2024,CUST1641,Customer_0641,P2007,T-Shirt,Clothing,Men,1.00,799.00,799.00,0.25,199.75,599.25,146.82,Hyderabad,Telangana,South,Credit Card,Standard,2024,4,April,0.245
ORD103015,15-08-2025,CUST1173,Customer_0173,P2008,Jeans,Clothing,Men,2.00,1799.00,3598.00,0.10,359.80,3238.20,939.08,Noida,Uttar Pradesh,North,Credit Card,Express,2025,8,August,0.29
ORD104761,27-01-2024,CUST1735,Customer_0735,P2019,Sunscreen,Beauty,Skincare,1.00,699.00,699.00,0.15,104.85,594.15,199.04,Mumbai,Maharashtra,West,UPI,Standard,2024,1,January,0.335
ORD100352,15-11-2024,CUST1607,Customer_0607,P2012,Sandals,Clothing,Footwear,2.00,1299.00,2598.00,0.05,129.90,2468.10,752.77,Jaipur,Rajasthan,North,UPI,Standard,2024,11,November,0.305
ORD101112,12-08-2025,CUST1727,Customer_0727,P2022,Yoga Mat,Sports,Fitness,1.00,899.00,899.00,0.05,44.95,854.05,226.32,Noida,Uttar Pradesh,North,Credit Card,Standard,2025,8,August,0.265
ORD103588,24-11-2025,CUST1427,Customer_0427,P2020,Shampoo,Beauty,Haircare,1.00,599.00,599.00,0.15,89.85,509.15,170.57,Mumbai,Maharashtra,West,Debit Card,Standard,2025,11,November,0.335
ORD103916,19-01-2025,CUST1332,Customer_0332,P2013,Mixer Grinder,Home & Kitchen,Kitchen,1.00,3499.00,3499.00,0.05,174.95,3324.05,747.91,Lucknow,Uttar Pradesh,North,Credit Card,Standard,2025,1,January,0.225
ORD104081,10-02-2025,CUST1213,Customer_0213,P2013,Mixer Grinder,Home & Kitchen,Kitchen,4.00,3499.00,13996.00,0.05,699.80,13296.20,2991.64,Bengaluru,Karnataka,South,Debit Card,Standard,2025,2,February,0.225
ORD104110,22-07-2024,CUST1682,Customer_0682,P2006,Power Bank,Electronics,Accessories,2.00,1499.00,2998.00,0.20,599.60,2398.40,239.84,Mumbai,Maharashtra,West,UPI,Express,2024,7,July,0.1
ORD104752,18-03-2024,CUST1623,Customer_0623,P2001,Smartphone,Electronics,Mobiles,1.00,24999.00,24999.00,0.05,1249.95,23749.05,3443.61,Jaipur,Rajasthan,North,UPI,Standard,2024,3,March,0.145
ORD104804,29-08-2025,CUST1765,Customer_0765,P2005,Keyboard,Electronics,Accessories,3.00,1299.00,3897.00,0.15,584.55,3312.45,380.93,Noida,Uttar Pradesh,North,Credit Card,Standard,2025,8,August,0.115
ORD100321,08-12-2025,CUST1633,Customer_0633,P2023,Dumbbells,Sports,Fitness,2.00,1599.00,3198.00,0.00,0.00,3198.00,895.44,Chennai,Tamil Nadu,South,UPI,Standard,2025,12,December,0.28
ORD100905,04-10-2025,CUST1759,Customer_0759,P2006,Power Bank,Electronics,Accessories,2.00,1499.00,2998.00,0.20,599.60,2398.40,239.84,Noida,Uttar Pradesh,North,Cash on Delivery,Express,2025,10,October,0.1
ORD100936,05-09-2024,CUST1151,Customer_0151,P2012,Sandals,Clothing,Footwear,1.00,1299.00,1299.00,0.10,129.90,1169.10,339.04,Noida,Uttar Pradesh,North,UPI,Express,2024,9,September,0.29
ORD101702,14-04-2024,CUST1189,Customer_0189,P2002,Wireless Earbuds,Electronics,Mobiles,2.00,2999.00,5998.00,0.15,899.70,5098.30,586.30,Lucknow,Uttar Pradesh,North,Credit Card,Standard,2024,4,April,0.115
ORD102111,14-12-2025,CUST1572,Customer_0572,P2014,Cookware Set,Home & Kitchen,Kitchen,3.00,2999.00,8997.00,0.20,1799.40,7197.60,1295.57,Lucknow,Uttar Pradesh,North,Credit Card,Standard,2025,12,December,0.18
ORD102507,04-11-2024,CUST1695,Customer_0695,P2005,Keyboard,Electronics,Accessories,2.00,1299.00,2598.00,0.10,259.80,2338.20,303.97,Ahmedabad,Gujarat,West,Debit Card,Standard,2024,11,November,0.13
ORD103546,01-12-2025,CUST1127,Customer_0127,P2001,Smartphone,Electronics,Mobiles,1.00,24999.00,24999.00,0.10,2499.90,22499.10,2924.88,Pune,Maharashtra,West,Debit Card,Standard,2025,12,December,0.13
ORD104738,06-09-2025,CUST1235,Customer_0235,P2002,Wireless Earbuds,Electronics,Mobiles,1.00,2999.00,2999.00,0.10,299.90,2699.10,350.88,Chennai,Tamil Nadu,South,UPI,Same Day,2025,9,September,0.13
ORD100824,03-05-2024,CUST1329,Customer_0329,P2022,Yoga Mat,Sports,Fitness,1.00,899.00,899.00,0.05,44.95,854.05,226.32,Pune,Maharashtra,West,Net Banking,Express,2024,5,May,0.265
ORD101225,02-08-2025,CUST1057,Customer_0057,P2001,Smartphone,Electronics,Mobiles,1.00,24999.00,24999.00,0.25,6249.75,18749.25,1593.69,Gurugram,Haryana,North,UPI,Standard,2025,8,August,0.085
ORD102130,12-02-2024,CUST1599,Customer_0599,P2021,Perfume,Beauty,Fragrance,2.00,1499.00,2998.00,0.15,449.70,2548.30,853.68,Lucknow,Uttar Pradesh,North,Net Banking,Standard,2024,2,February,0.335
ORD103449,21-12-2024,CUST1081,Customer_0081,P2014,Cookware Set,Home & Kitchen,Kitchen,1.00,2999.00,2999.00,0.15,449.85,2549.15,497.08,Delhi,Delhi,North,Credit Card,Standard,2024,12,December,0.195
ORD104460,29-06-2025,CUST1150,Customer_0150,P2009,Kurti,Clothing,Women,1.00,1199.00,1199.00,0.30,359.70,839.30,193.04,Lucknow,Uttar Pradesh,North,UPI,Express,2025,6,June,0.23
ORD104575,14-03-2025,CUST1481,Customer_0481,P2006,Power Bank,Electronics,Accessories,2.00,1499.00,2998.00,0.15,449.70,2548.30,293.05,Hyderabad,Telangana,South,Cash on Delivery,Express,2025,3,March,0.115
ORD100435,08-11-2025,CUST1323,Customer_0323,P2016,Bedsheet Set,Home & Kitchen,Home Decor,1.00,999.00,999.00,0.05,49.95,949.05,213.54,Hyderabad,Telangana,South,Cash on Delivery,Express,2025,11,November,0.225
ORD101495,14-01-2025,CUST1687,Customer_0687,P2016,Bedsheet Set,Home & Kitchen,Home Decor,5.00,999.00,4995.00,0.10,499.50,4495.50,944.06,Gurugram,Haryana,North,UPI,Standard,2025,1,January,0.21
ORD103362,11-03-2024,CUST1338,Customer_0338,P2023,Dumbbells,Sports,Fitness,4.00,1599.00,6396.00,0.10,639.60,5756.40,1439.10,Ahmedabad,Gujarat,West,UPI,Standard,2024,3,March,0.25
ORD103438,02-06-2025,CUST1194,Customer_0194,P2001,Smartphone,Electronics,Mobiles,1.00,24999.00,24999.00,0.00,0.00,24999.00,3999.84,Chennai,Tamil Nadu,South,UPI,Standard,2025,6,June,0.16
ORD103556,25-10-2025,CUST1216,Customer_0216,P2025,Football,Sports,Outdoor,1.00,999.00,999.00,0.20,199.80,799.20,175.82,Mumbai,Maharashtra,West,Debit Card,Standard,2025,10,October,0.22
ORD103968,15-12-2024,CUST1506,Customer_0506,P2002,Wireless Earbuds,Electronics,Mobiles,2.00,2999.00,5998.00,0.05,299.90,5698.10,826.22,Delhi,Delhi,North,Debit Card,Standard,2024,12,December,0.145
ORD100213,13-01-2024,CUST1026,Customer_0026,P2007,T-Shirt,Clothing,Men,1.00,799.00,799.00,0.15,119.85,679.15,186.77,Jaipur,Rajasthan,North,UPI,Standard,2024,1,January,0.275
ORD100785,06-03-2025,CUST1509,Customer_0509,P2005,Keyboard,Electronics,Accessories,1.00,1299.00,1299.00,0.05,64.95,1234.05,178.94,Delhi,Delhi,North,UPI,Express,2025,3,March,0.145
ORD101479,16-05-2025,CUST1278,Customer_0278,P2020,Shampoo,Beauty,Haircare,5.00,599.00,2995.00,0.15,449.25,2545.75,852.83,Hyderabad,Telangana,South,UPI,Standard,2025,5,May,0.335
ORD102211,18-04-2024,CUST1271,Customer_0271,P2007,T-Shirt,Clothing,Men,3.00,799.00,2397.00,0.25,599.25,1797.75,440.45,Hyderabad,Telangana,South,Net Banking,Standard,2024,4,April,0.245
ORD102403,19-03-2025,CUST1426,Customer_0426,P2006,Power Bank,Electronics,Accessories,1.00,1499.00,1499.00,0.10,149.90,1349.10,175.38,Pune,Maharashtra,West,UPI,Standard,2025,3,March,0.13
ORD102873,05-01-2025,CUST1768,Customer_0768,P2003,Laptop,Electronics,Computers,1.00,59999.00,59999.00,0.15,8999.85,50999.15,5864.90,Kolkata,West Bengal,East,Net Banking,Standard,2025,1,January,0.115
ORD102911,12-10-2025,CUST1415,Customer_0415,P2007,T-Shirt,Clothing,Men,3.00,799.00,2397.00,0.20,479.40,1917.60,498.58,Noida,Uttar Pradesh,North,Credit Card,Same Day,2025,10,October,0.26
ORD103540,15-04-2025,CUST1044,Customer_0044,P2011,Sneakers,Clothing,Footwear,4.00,2499.00,9996.00,0.25,2499.00,7497.00,1836.76,Ahmedabad,Gujarat,West,Net Banking,Standard,2025,4,April,0.245
ORD103584,25-12-2025,CUST1479,Customer_0479,P2007,T-Shirt,Clothing,Men,1.00,799.00,799.00,0.20,159.80,639.20,166.19,Jaipur,Rajasthan,North,UPI,Standard,2025,12,December,0.26
ORD101012,05-06-2024,CUST1738,Customer_0738,P2023,Dumbbells,Sports,Fitness,2.00,1599.00,3198.00,0.25,799.50,2398.50,491.69,Chennai,Tamil Nadu,South,Credit Card,Standard,2024,6,June,0.205
ORD101317,21-03-2025,CUST1740,Customer_0740,P2017,Office Chair,Home & Kitchen,Furniture,2.00,5999.00,11998.00,0.05,599.90,11398.10,2564.57,Bengaluru,Karnataka,South,Credit Card,Express,2025,3,March,0.225
ORD102766,29-06-2024,CUST1374,Customer_0374,P2016,Bedsheet Set,Home & Kitchen,Home Decor,1.00,999.00,999.00,0.25,249.75,749.25,123.63,Jaipur,Rajasthan,North,UPI,Standard,2024,6,June,0.165
ORD103607,18-06-2025,CUST1515,Customer_0515,P2018,Face Wash,Beauty,Skincare,4.00,399.00,1596.00,0.05,79.80,1516.20,553.41,Ahmedabad,Gujarat,West,UPI,Standard,2025,6,June,0.365
ORD100073,28-10-2025,CUST1049,Customer_0049,P2020,Shampoo,Beauty,Haircare,3.00,599.00,1797.00,0.20,359.40,1437.60,460.03,Chennai,Tamil Nadu,South,Net Banking,Standard,2025,10,October,0.32
ORD100648,03-10-2024,CUST1497,Customer_0497,P2006,Power Bank,Electronics,Accessories,2.00,1499.00,2998.00,0.00,0.00,2998.00,479.68,Delhi,Delhi,North,Cash on Delivery,Standard,2024,10,October,0.16
ORD102156,22-09-2025,CUST1551,Customer_0551,P2020,Shampoo,Beauty,Haircare,1.00,599.00,599.00,0.20,119.80,479.20,153.34,Chennai,Tamil Nadu,South,Credit Card,Express,2025,9,September,0.32
ORD102290,05-07-2025,CUST1138,Customer_0138,P2003,Laptop,Electronics,Computers,1.00,59999.00,59999.00,0.10,5999.90,53999.10,7019.88,Mumbai,Maharashtra,West,Credit Card,Express,2025,7,July,0.13
ORD102692,10-05-2025,CUST1680,Customer_0680,P2007,T-Shirt,Clothing,Men,3.00,799.00,2397.00,0.05,119.85,2277.15,694.53,Pune,Maharashtra,West,UPI,Standard,2025,5,May,0.305
ORD103767,21-04-2025,CUST1257,Customer_0257,P2002,Wireless Earbuds,Electronics,Mobiles,2.00,2999.00,5998.00,0.10,599.80,5398.20,701.77,Jaipur,Rajasthan,North,UPI,Standard,2025,4,April,0.13
ORD104193,22-03-2025,CUST1766,Customer_0766,P2002,Wireless Earbuds,Electronics,Mobiles,3.00,2999.00,8997.00,0.15,1349.55,7647.45,879.46,Kolkata,West Bengal,East,Cash on Delivery,Standard,2025,3,March,0.115
ORD104225,29-08-2025,CUST1266,Customer_0266,P2006,Power Bank,Electronics,Accessories,2.00,1499.00,2998.00,0.00,0.00,2998.00,479.68,Jaipur,Rajasthan,North,UPI,Standard,2025,8,August,0.16
ORD104443,01-10-2024,CUST1218,Customer_0218,P2010,Dress,Clothing,Women,1.00,1999.00,1999.00,0.30,599.70,1399.30,321.84,Pune,Maharashtra,West,Net Banking,Same Day,2024,10,October,0.23
ORD101498,26-11-2024,CUST1713,Customer_0713,P2011,Sneakers,Clothing,Footwear,2.00,2499.00,4998.00,0.10,499.80,4498.20,1304.48,Noida,Uttar Pradesh,North,UPI,Standard,2024,11,November,0.29
ORD101566,08-09-2024,CUST1742,Customer_0742,P2014,Cookware Set,Home & Kitchen,Kitchen,5.00,2999.00,14995.00,0.30,4498.50,10496.50,1574.48,Pune,Maharashtra,West,Credit Card,Standard,2024,9,September,0.15
ORD104973,29-03-2024,CUST1771,Customer_0771,P2009,Kurti,Clothing,Women,1.00,1199.00,1199.00,0.20,239.80,959.20,249.39,Delhi,Delhi,North,Debit Card,Standard,2024,3,March,0.26
ORD101074,12-10-2024,CUST1655,Customer_0655,P2021,Perfume,Beauty,Fragrance,1.00,1499.00,1499.00,0.10,149.90,1349.10,472.18,Noida,Uttar Pradesh,North,Debit Card,Standard,2024,10,October,0.35
ORD102736,06-04-2025,CUST1028,Customer_0028,P2003,Laptop,Electronics,Computers,1.00,59999.00,59999.00,0.15,8999.85,50999.15,5864.90,Lucknow,Uttar Pradesh,North,Net Banking,Standard,2025,4,April,0.115
ORD104189,06-09-2024,CUST1226,Customer_0226,P2017,Office Chair,Home & Kitchen,Furniture,2.00,5999.00,11998.00,0.20,2399.60,9598.40,1727.71,Kolkata,West Bengal,East,UPI,Standard,2024,9,September,0.18
ORD100719,20-04-2025,CUST1469,Customer_0469,P2009,Kurti,Clothing,Women,1.00,1199.00,1199.00,0.10,119.90,1079.10,312.94,Hyderabad,Telangana,South,Net Banking,Standard,2025,4,April,0.29
ORD100994,06-08-2025,CUST1635,Customer_0635,P2014,Cookware Set,Home & Kitchen,Kitchen,1.00,2999.00,2999.00,0.10,299.90,2699.10,566.81,Mumbai,Maharashtra,West,UPI,Standard,2025,8,August,0.21
ORD102996,16-09-2025,CUST1568,Customer_0568,P2010,Dress,Clothing,Women,1.00,1999.00,1999.00,0.05,99.95,1899.05,579.21,Delhi,Delhi,North,Credit Card,Standard,2025,9,September,0.305
ORD103905,15-11-2025,CUST1411,Customer_0411,P2014,Cookware Set,Home & Kitchen,Kitchen,2.00,2999.00,5998.00,0.10,599.80,5398.20,1133.62,Hyderabad,Telangana,South,Credit Card,Same Day,2025,11,November,0.21
ORD104656,23-01-2025,CUST1603,Customer_0603,P2001,Smartphone,Electronics,Mobiles,1.00,24999.00,24999.00,0.15,3749.85,21249.15,2443.65,Gurugram,Haryana,North,Net Banking,Express,2025,1,January,0.115
ORD100025,10-12-2024,CUST1705,Customer_0705,P2017,Office Chair,Home & Kitchen,Furniture,5.00,5999.00,29995.00,0.25,7498.75,22496.25,3711.88,Mumbai,Maharashtra,West,UPI,Standard,2024,12,December,0.165
ORD100155,30-01-2024,CUST1359,Customer_0359,P2002,Wireless Earbuds,Electronics,Mobiles,2.00,2999.00,5998.00,0.15,899.70,5098.30,586.30,Lucknow,Uttar Pradesh,North,Credit Card,Same Day,2024,1,January,0.115
ORD100390,21-05-2025,CUST1061,Customer_0061,P2004,Wireless Mouse,Electronics,Accessories,3.00,899.00,2697.00,0.15,404.55,2292.45,263.63,Chennai,Tamil Nadu,South,Debit Card,Standard,2025,5,May,0.115
ORD100872,28-11-2024,CUST1283,Customer_0283,P2009,Kurti,Clothing,Women,2.00,1199.00,2398.00,0.05,119.90,2278.10,694.82,Chennai,Tamil Nadu,South,Credit Card,Standard,2024,11,November,0.305
ORD101196,05-07-2024,CUST1514,Customer_0514,P2001,Smartphone,Electronics,Mobiles,2.00,24999.00,49998.00,0.05,2499.90,47498.10,6887.22,Gurugram,Haryana,North,UPI,Same Day,2024,7,July,0.145
ORD101259,14-05-2025,CUST1618,Customer_0618,P2005,Keyboard,Electronics,Accessories,1.00,1299.00,1299.00,0.00,0.00,1299.00,207.84,Bengaluru,Karnataka,South,Cash on Delivery,Express,2025,5,May,0.16
ORD101688,05-08-2024,CUST1364,Customer_0364,P2018,Face Wash,Beauty,Skincare,1.00,399.00,399.00,0.15,59.85,339.15,113.62,Hyderabad,Telangana,South,Net Banking,Standard,2024,8,August,0.335
ORD102145,29-12-2024,CUST1597,Customer_0597,P2004,Wireless Mouse,Electronics,Accessories,2.00,899.00,1798.00,0.15,269.70,1528.30,175.75,Pune,Maharashtra,West,Credit Card,Express,2024,12,December,0.115
ORD103521,21-09-2024,CUST1229,Customer_0229,P2013,Mixer Grinder,Home & Kitchen,Kitchen,2.00,3499.00,6998.00,0.15,1049.70,5948.30,1159.92,Ahmedabad,Gujarat,West,Cash on Delivery,Standard,2024,9,September,0.195
ORD104444,14-12-2024,CUST1253,Customer_0253,P2014,Cookware Set,Home & Kitchen,Kitchen,2.00,2999.00,5998.00,0.20,1199.60,4798.40,863.71,Mumbai,Maharashtra,West,UPI,Express,2024,12,December,0.18
ORD100131,13-10-2024,CUST1473,Customer_0473,P2002,Wireless Earbuds,Electronics,Mobiles,5.00,2999.00,14995.00,0.00,0.00,14995.00,2399.20,Bengaluru,Karnataka,South,Credit Card,Standard,2024,10,October,0.16
ORD101312,02-09-2025,CUST1694,Customer_0694,P2009,Kurti,Clothing,Women,1.00,1199.00,1199.00,0.00,0.00,1199.00,383.68,Chennai,Tamil Nadu,South,UPI,Express,2025,9,September,0.32
ORD101326,19-12-2025,CUST1320,Customer_0320,P2006,Power Bank,Electronics,Accessories,1.00,1499.00,1499.00,0.15,224.85,1274.15,146.53,Ahmedabad,Gujarat,West,Credit Card,Standard,2025,12,December,0.115
ORD101437,09-10-2024,CUST1067,Customer_0067,P2009,Kurti,Clothing,Women,2.00,1199.00,2398.00,0.10,239.80,2158.20,625.88,Gurugram,Haryana,North,Credit Card,Standard,2024,10,October,0.29
ORD102293,23-07-2025,CUST1782,Customer_0782,P2015,Table Lamp,Home & Kitchen,Home Decor,2.00,1299.00,2598.00,0.05,129.90,2468.10,555.32,Delhi,Delhi,North,Credit Card,Standard,2025,7,July,0.225
ORD102529,11-01-2024,CUST1350,Customer_0350,P2025,Football,Sports,Outdoor,1.00,999.00,999.00,0.25,249.75,749.25,153.60,Lucknow,Uttar Pradesh,North,Net Banking,Same Day,2024,1,January,0.205
ORD103037,13-06-2025,CUST1797,Customer_0797,P2024,Cricket Bat,Sports,Outdoor,1.00,2499.00,2499.00,0.00,0.00,2499.00,699.72,Bengaluru,Karnataka,South,UPI,Express,2025,6,June,0.28
ORD103512,14-07-2024,CUST1508,Customer_0508,P2006,Power Bank,Electronics,Accessories,1.00,1499.00,1499.00,0.20,299.80,1199.20,119.92,Lucknow,Uttar Pradesh,North,UPI,Express,2024,7,July,0.1
ORD104197,28-03-2024,CUST1112,Customer_0112,P2002,Wireless Earbuds,Electronics,Mobiles,1.00,2999.00,2999.00,0.15,449.85,2549.15,293.15,Noida,Uttar Pradesh,North,UPI,Express,2024,3,March,0.115
ORD104312,04-09-2024,CUST1711,Customer_0711,P2018,Face Wash,Beauty,Skincare,2.00,399.00,798.00,0.30,239.40,558.60,161.99,Chennai,Tamil Nadu,South,Credit Card,Standard,2024,9,September,0.29
ORD104655,20-02-2025,CUST1488,Customer_0488,P2018,Face Wash,Beauty,Skincare,2.00,399.00,798.00,0.15,119.70,678.30,227.23,Mumbai,Maharashtra,West,Credit Card,Express,2025,2,February,0.335
ORD104809,15-05-2025,CUST1461,Customer_0461,P2003,Laptop,Electronics,Computers,3.00,59999.00,179997.00,0.05,8999.85,170997.15,24794.59,Mumbai,Maharashtra,West,Cash on Delivery,Standard,2025,5,May,0.145
ORD100938,22-07-2025,CUST1201,Customer_0201,P2010,Dress,Clothing,Women,1.00,1999.00,1999.00,0.25,499.75,1499.25,367.32,Chennai,Tamil Nadu,South,Debit Card,Standard,2025,7,July,0.245
ORD101455,03-09-2024,CUST1056,Customer_0056,P2007,T-Shirt,Clothing,Men,3.00,799.00,2397.00,0.20,479.40,1917.60,498.58,Pune,Maharashtra,West,Credit Card,Express,2024,9,September,0.26
ORD101545,08-12-2025,CUST1301,Customer_0301,P2002,Wireless Earbuds,Electronics,Mobiles,2.00,2999.00,5998.00,0.10,599.80,5398.20,701.77,Gurugram,Haryana,North,UPI,Express,2025,12,December,0.13
ORD101547,02-05-2025,CUST1577,Customer_0577,P2008,Jeans,Clothing,Men,2.00,1799.00,3598.00,0.15,539.70,3058.30,841.03,Bengaluru,Karnataka,South,Net Banking,Express,2025,5,May,0.275
ORD101667,23-10-2025,CUST1762,Customer_0762,P2005,Keyboard,Electronics,Accessories,1.00,1299.00,1299.00,0.15,194.85,1104.15,126.98,Chennai,Tamil Nadu,South,Debit Card,Express,2025,10,October,0.115
ORD102825,29-12-2025,CUST1036,Customer_0036,P2010,Dress,Clothing,Women,1.00,1999.00,1999.00,0.15,299.85,1699.15,467.27,Hyderabad,Telangana,South,UPI,Express,2025,12,December,0.275
ORD102832,17-05-2025,CUST1789,Customer_0789,P2023,Dumbbells,Sports,Fitness,2.00,1599.00,3198.00,0.10,319.80,2878.20,719.55,Hyderabad,Telangana,South,Debit Card,Express,2025,5,May,0.25
ORD103282,03-04-2025,CUST1275,Customer_0275,P2001,Smartphone,Electronics,Mobiles,1.00,24999.00,24999.00,0.15,3749.85,21249.15,2443.65,Pune,Maharashtra,West,Debit Card,Standard,2025,4,April,0.115
ORD104513,18-01-2024,CUST1252,Customer_0252,P2014,Cookware Set,Home & Kitchen,Kitchen,3.00,2999.00,8997.00,0.15,1349.55,7647.45,1491.25,Chennai,Tamil Nadu,South,Credit Card,Express,2024,1,January,0.195
ORD104904,05-04-2024,CUST1733,Customer_0733,P2023,Dumbbells,Sports,Fitness,3.00,1599.00,4797.00,0.00,0.00,4797.00,1343.16,Hyderabad,Telangana,South,UPI,Standard,2024,4,April,0.28
ORD101286,28-10-2024,CUST1042,Customer_0042,P2017,Office Chair,Home & Kitchen,Furniture,2.00,5999.00,11998.00,0.10,1199.80,10798.20,2267.62,Chennai,Tamil Nadu,South,Debit Card,Standard,2024,10,October,0.21
ORD101901,14-08-2024,CUST1593,Customer_0593,P2010,Dress,Clothing,Women,2.00,1999.00,3998.00,0.20,799.60,3198.40,831.58,Hyderabad,Telangana,South,Cash on Delivery,Standard,2024,8,August,0.26
ORD102016,18-02-2025,CUST1027,Customer_0027,P2001,Smartphone,Electronics,Mobiles,2.00,24999.00,49998.00,0.20,9999.60,39998.40,3999.84,Pune,Maharashtra,West,UPI,Same Day,2025,2,February,0.1
ORD102450,09-12-2025,CUST1690,Customer_0690,P2009,Kurti,Clothing,Women,2.00,1199.00,2398.00,0.15,359.70,2038.30,560.53,Jaipur,Rajasthan,North,Cash on Delivery,Express,2025,12,December,0.275
ORD104035,06-09-2024,CUST1065,Customer_0065,P2014,Cookware Set,Home & Kitchen,Kitchen,1.00,2999.00,2999.00,0.10,299.90,2699.10,566.81,Chennai,Tamil Nadu,South,Debit Card,Express,2024,9,September,0.21
ORD100209,09-11-2024,CUST1539,Customer_0539,P2010,Dress,Clothing,Women,2.00,1999.00,3998.00,0.10,399.80,3598.20,1043.48,Ahmedabad,Gujarat,West,Debit Card,Standard,2024,11,November,0.29
ORD101169,10-11-2025,CUST1607,Customer_0607,P2016,Bedsheet Set,Home & Kitchen,Home Decor,3.00,999.00,2997.00,0.30,899.10,2097.90,314.68,Ahmedabad,Gujarat,West,UPI,Standard,2025,11,November,0.15
ORD101891,18-08-2025,CUST1490,Customer_0490,P2009,Kurti,Clothing,Women,2.00,1199.00,2398.00,0.10,239.80,2158.20,625.88,Jaipur,Rajasthan,North,Debit Card,Standard,2025,8,August,0.29
ORD102242,12-01-2025,CUST1713,Customer_0713,P2003,Laptop,Electronics,Computers,1.00,59999.00,59999.00,0.05,2999.95,56999.05,8264.86,Hyderabad,Telangana,South,Credit Card,Standard,2025,1,January,0.145
ORD102662,29-04-2025,CUST1211,Customer_0211,P2011,Sneakers,Clothing,Footwear,3.00,2499.00,7497.00,0.10,749.70,6747.30,1956.72,Hyderabad,Telangana,South,Debit Card,Standard,2025,4,April,0.29
ORD104149,20-07-2025,CUST1798,Customer_0798,P2011,Sneakers,Clothing,Footwear,2.00,2499.00,4998.00,0.05,249.90,4748.10,1448.17,Mumbai,Maharashtra,West,Net Banking,Same Day,2025,7,July,0.305
ORD101560,27-06-2025,CUST1786,Customer_0786,P2009,Kurti,Clothing,Women,1.00,1199.00,1199.00,0.10,119.90,1079.10,312.94,Hyderabad,Telangana,South,Debit Card,Standard,2025,6,June,0.29
ORD101615,18-12-2024,CUST1714,Customer_0714,P2017,Office Chair,Home & Kitchen,Furniture,2.00,5999.00,11998.00,0.15,1799.70,10198.30,1988.67,Gurugram,Haryana,North,UPI,Standard,2024,12,December,0.195
ORD101771,11-03-2025,CUST1704,Customer_0704,P2008,Jeans,Clothing,Men,1.00,1799.00,1799.00,0.30,539.70,1259.30,289.64,Chennai,Tamil Nadu,South,UPI,Express,2025,3,March,0.23
ORD103217,17-07-2025,CUST1077,Customer_0077,P2019,Sunscreen,Beauty,Skincare,2.00,699.00,1398.00,0.20,279.60,1118.40,357.89,Bengaluru,Karnataka,South,Debit Card,Standard,2025,7,July,0.32
ORD100642,04-12-2024,CUST1420,Customer_0420,P2008,Jeans,Clothing,Men,2.00,1799.00,3598.00,0.25,899.50,2698.50,661.13,Ahmedabad,Gujarat,West,Credit Card,Same Day,2024,12,December,0.245
ORD100706,26-12-2024,CUST1089,Customer_0089,P2020,Shampoo,Beauty,Haircare,1.00,599.00,599.00,0.00,0.00,599.00,227.62,Bengaluru,Karnataka,South,UPI,Standard,2024,12,December,0.38
ORD101284,20-12-2025,CUST1242,Customer_0242,P2003,Laptop,Electronics,Computers,2.00,59999.00,119998.00,0.15,17999.70,101998.30,11729.80,Lucknow,Uttar Pradesh,North,Credit Card,Standard,2025,12,December,0.115
ORD101903,09-04-2025,CUST1609,Customer_0609,P2011,Sneakers,Clothing,Footwear,1.00,2499.00,2499.00,0.30,749.70,1749.30,402.34,Kolkata,West Bengal,East,UPI,Standard,2025,4,April,0.23
ORD102528,04-10-2024,CUST1149,Customer_0149,P2022,Yoga Mat,Sports,Fitness,2.00,899.00,1798.00,0.10,179.80,1618.20,404.55,Delhi,Delhi,North,UPI,Standard,2024,10,October,0.25
ORD102799,09-11-2024,CUST1626,Customer_0626,P2023,Dumbbells,Sports,Fitness,1.00,1599.00,1599.00,0.00,0.00,1599.00,447.72,Delhi,Delhi,North,UPI,Express,2024,11,November,0.28
ORD103869,14-09-2024,CUST1418,Customer_0418,P2007,T-Shirt,Clothing,Men,3.00,799.00,2397.00,0.10,239.70,2157.30,625.62,Ahmedabad,Gujarat,West,Credit Card,Standard,2024,9,September,0.29
ORD103976,24-08-2024,CUST1580,Customer_0580,P2013,Mixer Grinder,Home & Kitchen,Kitchen,2.00,3499.00,6998.00,0.15,1049.70,5948.30,1159.92,Ahmedabad,Gujarat,West,Net Banking,Express,2024,8,August,0.195
ORD101475,03-05-2024,CUST1509,Customer_0509,P2020,Shampoo,Beauty,Haircare,1.00,599.00,599.00,0.05,29.95,569.05,207.70,Ahmedabad,Gujarat,West,Credit Card,Express,2024,5,May,0.365
ORD102502,16-07-2024,CUST1747,Customer_0747,P2015,Table Lamp,Home & Kitchen,Home Decor,1.00,1299.00,1299.00,0.00,0.00,1299.00,311.76,Pune,Maharashtra,West,Debit Card,Express,2024,7,July,0.24
ORD103087,19-11-2024,CUST1629,Customer_0629,P2021,Perfume,Beauty,Fragrance,4.00,1499.00,5996.00,0.20,1199.20,4796.80,1534.98,Hyderabad,Telangana,South,Credit Card,Standard,2024,11,November,0.32
ORD103159,02-05-2024,CUST1422,Customer_0422,P2002,Wireless Earbuds,Electronics,Mobiles,1.00,2999.00,2999.00,0.05,149.95,2849.05,413.11,Mumbai,Maharashtra,West,Credit Card,Standard,2024,5,May,0.145
ORD104884,02-07-2025,CUST1212,Customer_0212,P2021,Perfume,Beauty,Fragrance,2.00,1499.00,2998.00,0.10,299.80,2698.20,944.37,Hyderabad,Telangana,South,Net Banking,Express,2025,7,July,0.35
ORD101020,07-12-2025,CUST1052,Customer_0052,P2006,Power Bank,Electronics,Accessories,1.00,1499.00,1499.00,0.15,224.85,1274.15,146.53,Lucknow,Uttar Pradesh,North,Net Banking,Standard,2025,12,December,0.115
ORD101393,08-07-2024,CUST1174,Customer_0174,P2013,Mixer Grinder,Home & Kitchen,Kitchen,1.00,3499.00,3499.00,0.15,524.85,2974.15,579.96,Bengaluru,Karnataka,South,UPI,Express,2024,7,July,0.195
ORD104184,15-07-2024,CUST1144,Customer_0144,P2003,Laptop,Electronics,Computers,1.00,59999.00,59999.00,0.05,2999.95,56999.05,8264.86,Ahmedabad,Gujarat,West,Credit Card,Standard,2024,7,July,0.145
ORD104218,09-08-2024,CUST1078,Customer_0078,P2017,Office Chair,Home & Kitchen,Furniture,3.00,5999.00,17997.00,0.00,0.00,17997.00,4319.28,Mumbai,Maharashtra,West,Debit Card,Standard,2024,8,August,0.24
ORD101390,10-05-2025,CUST1620,Customer_0620,P2023,Dumbbells,Sports,Fitness,2.00,1599.00,3198.00,0.10,319.80,2878.20,719.55,Ahmedabad,Gujarat,West,UPI,Same Day,2025,5,May,0.25
ORD102171,10-10-2024,CUST1253,Customer_0253,P2023,Dumbbells,Sports,Fitness,3.00,1599.00,4797.00,0.15,719.55,4077.45,958.20,Mumbai,Maharashtra,West,Credit Card,Standard,2024,10,October,0.235
ORD102710,26-08-2025,CUST1657,Customer_0657,P2022,Yoga Mat,Sports,Fitness,1.00,899.00,899.00,0.20,179.80,719.20,158.22,Kolkata,West Bengal,East,Credit Card,Standard,2025,8,August,0.22
ORD102958,21-06-2025,CUST1503,Customer_0503,P2004,Wireless Mouse,Electronics,Accessories,1.00,899.00,899.00,0.20,179.80,719.20,71.92,Bengaluru,Karnataka,South,Credit Card,Express,2025,6,June,0.1
ORD103404,03-09-2025,CUST1700,Customer_0700,P2009,Kurti,Clothing,Women,1.00,1199.00,1199.00,0.15,179.85,1019.15,280.27,Bengaluru,Karnataka,South,Credit Card,Standard,2025,9,September,0.275
ORD104491,16-10-2024,CUST1113,Customer_0113,P2007,T-Shirt,Clothing,Men,1.00,799.00,799.00,0.10,79.90,719.10,208.54,Noida,Uttar Pradesh,North,UPI,Standard,2024,10,October,0.29
ORD100570,12-04-2024,CUST1631,Customer_0631,P2005,Keyboard,Electronics,Accessories,1.00,1299.00,1299.00,0.15,194.85,1104.15,126.98,Lucknow,Uttar Pradesh,North,Debit Card,Standard,2024,4,April,0.115
ORD100948,17-07-2024,CUST1012,Customer_0012,P2004,Wireless Mouse,Electronics,Accessories,1.00,899.00,899.00,0.10,89.90,809.10,105.18,Ahmedabad,Gujarat,West,Credit Card,Express,2024,7,July,0.13
ORD101407,30-10-2024,CUST1544,Customer_0544,P2024,Cricket Bat,Sports,Outdoor,1.00,2499.00,2499.00,0.25,624.75,1874.25,384.22,Noida,Uttar Pradesh,North,Net Banking,Standard,2024,10,October,0.205
ORD101431,20-08-2024,CUST1797,Customer_0797,P2014,Cookware Set,Home & Kitchen,Kitchen,1.00,2999.00,2999.00,0.25,749.75,2249.25,371.13,Noida,Uttar Pradesh,North,UPI,Standard,2024,8,August,0.165
ORD103859,04-01-2025,CUST1791,Customer_0791,P2012,Sandals,Clothing,Footwear,1.00,1299.00,1299.00,0.05,64.95,1234.05,376.39,Ahmedabad,Gujarat,West,Credit Card,Standard,2025,1,January,0.305
ORD104339,02-07-2024,CUST1002,Customer_0002,P2010,Dress,Clothing,Women,1.00,1999.00,1999.00,0.25,499.75,1499.25,367.32,Bengaluru,Karnataka,South,Cash on Delivery,Express,2024,7,July,0.245
ORD101006,05-11-2024,CUST1200,Customer_0200,P2006,Power Bank,Electronics,Accessories,1.00,1499.00,1499.00,0.15,224.85,1274.15,146.53,Hyderabad,Telangana,South,Debit Card,Standard,2024,11,November,0.115
ORD101417,15-01-2024,CUST1529,Customer_0529,P2014,Cookware Set,Home & Kitchen,Kitchen,1.00,2999.00,2999.00,0.20,599.80,2399.20,431.86,Ahmedabad,Gujarat,West,Debit Card,Standard,2024,1,January,0.18
ORD101462,26-12-2025,CUST1548,Customer_0548,P2011,Sneakers,Clothing,Footwear,2.00,2499.00,4998.00,0.05,249.90,4748.10,1448.17,Ahmedabad,Gujarat,West,Net Banking,Express,2025,12,December,0.305
ORD103011,30-06-2025,CUST1065,Customer_0065,P2012,Sandals,Clothing,Footwear,5.00,1299.00,6495.00,0.20,1299.00,5196.00,1350.96,Gurugram,Haryana,North,Credit Card,Standard,2025,6,June,0.26
ORD104609,09-05-2024,CUST1756,Customer_0756,P2014,Cookware Set,Home & Kitchen,Kitchen,1.00,2999.00,2999.00,0.05,149.95,2849.05,641.04,Ahmedabad,Gujarat,West,Credit Card,Standard,2024,5,May,0.225
ORD104935,07-10-2024,CUST1800,Customer_0800,P2016,Bedsheet Set,Home & Kitchen,Home Decor,1.00,999.00,999.00,0.15,149.85,849.15,165.58,Bengaluru,Karnataka,South,Debit Card,Express,2024,10,October,0.195
ORD101040,16-02-2024,CUST1229,Customer_0229,P2001,Smartphone,Electronics,Mobiles,3.00,24999.00,74997.00,0.10,7499.70,67497.30,8774.65,Chennai,Tamil Nadu,South,UPI,Express,2024,2,February,0.13
ORD103131,25-02-2024,CUST1015,Customer_0015,P2021,Perfume,Beauty,Fragrance,1.00,1499.00,1499.00,0.05,74.95,1424.05,519.78,Lucknow,Uttar Pradesh,North,Debit Card,Standard,2024,2,February,0.365
ORD103660,20-07-2025,CUST1039,Customer_0039,P2018,Face Wash,Beauty,Skincare,1.00,399.00,399.00,0.10,39.90,359.10,125.68,Delhi,Delhi,North,Cash on Delivery,Standard,2025,7,July,0.35
ORD104164,26-10-2024,CUST1783,Customer_0783,P2009,Kurti,Clothing,Women,1.00,1199.00,1199.00,0.25,299.75,899.25,220.32,Mumbai,Maharashtra,West,Credit Card,Standard,2024,10,October,0.245
ORD104243,15-12-2025,CUST1582,Customer_0582,P2009,Kurti,Clothing,Women,1.00,1199.00,1199.00,0.00,0.00,1199.00,383.68,Gurugram,Haryana,North,Credit Card,Express,2025,12,December,0.32
ORD104373,09-05-2024,CUST1296,Customer_0296,P2011,Sneakers,Clothing,Footwear,2.00,2499.00,4998.00,0.05,249.90,4748.10,1448.17,Jaipur,Rajasthan,North,Net Banking,Standard,2024,5,May,0.305
ORD100161,15-10-2025,CUST1120,Customer_0120,P2004,Wireless Mouse,Electronics,Accessories,1.00,899.00,899.00,0.10,89.90,809.10,105.18,Kolkata,West Bengal,East,Net Banking,Standard,2025,10,October,0.13
ORD100238,17-05-2025,CUST1760,Customer_0760,P2002,Wireless Earbuds,Electronics,Mobiles,3.00,2999.00,8997.00,0.20,1799.40,7197.60,719.76,Lucknow,Uttar Pradesh,North,Cash on Delivery,Standard,2025,5,May,0.1
ORD101038,15-04-2024,CUST1241,Customer_0241,P2017,Office Chair,Home & Kitchen,Furniture,1.00,5999.00,5999.00,0.15,899.85,5099.15,994.33,Bengaluru,Karnataka,South,Debit Card,Express,2024,4,April,0.195
ORD101422,13-01-2024,CUST1541,Customer_0541,P2022,Yoga Mat,Sports,Fitness,1.00,899.00,899.00,0.05,44.95,854.05,226.32,Delhi,Delhi,North,Net Banking,Standard,2024,1,January,0.265
ORD101991,10-08-2025,CUST1683,Customer_0683,P2008,Jeans,Clothing,Men,1.00,1799.00,1799.00,0.10,179.90,1619.10,469.54,Mumbai,Maharashtra,West,Cash on Delivery,Same Day,2025,8,August,0.29
ORD101996,18-10-2024,CUST1226,Customer_0226,P2014,Cookware Set,Home & Kitchen,Kitchen,3.00,2999.00,8997.00,0.15,1349.55,7647.45,1491.25,Gurugram,Haryana,North,UPI,Express,2024,10,October,0.195
ORD102052,25-04-2025,CUST1448,Customer_0448,P2008,Jeans,Clothing,Men,4.00,1799.00,7196.00,0.10,719.60,6476.40,1878.16,Pune,Maharashtra,West,UPI,Standard,2025,4,April,0.29
ORD102109,05-05-2025,CUST1713,Customer_0713,P2013,Mixer Grinder,Home & Kitchen,Kitchen,1.00,3499.00,3499.00,0.25,874.75,2624.25,433.00,Delhi,Delhi,North,UPI,Standard,2025,5,May,0.165
ORD102260,27-03-2025,CUST1692,Customer_0692,P2022,Yoga Mat,Sports,Fitness,2.00,899.00,1798.00,0.10,179.80,1618.20,404.55,Lucknow,Uttar Pradesh,North,Net Banking,Same Day,2025,3,March,0.25
ORD102846,14-12-2024,CUST1006,Customer_0006,P2009,Kurti,Clothing,Women,1.00,1199.00,1199.00,0.05,59.95,1139.05,347.41,Ahmedabad,Gujarat,West,Cash on Delivery,Standard,2024,12,December,0.305
ORD103745,07-07-2024,CUST1368,Customer_0368,P2017,Office Chair,Home & Kitchen,Furniture,1.00,5999.00,5999.00,0.15,899.85,5099.15,994.33,Kolkata,West Bengal,East,Debit Card,Standard,2024,7,July,0.195
ORD104198,22-02-2024,CUST1005,Customer_0005,P2023,Dumbbells,Sports,Fitness,1.00,1599.00,1599.00,0.15,239.85,1359.15,319.40,Hyderabad,Telangana,South,UPI,Standard,2024,2,February,0.235
ORD104882,15-09-2024,CUST1444,Customer_0444,P2013,Mixer Grinder,Home & Kitchen,Kitchen,1.00,3499.00,3499.00,0.05,174.95,3324.05,747.91,Lucknow,Uttar Pradesh,North,UPI,Same Day,2024,9,September,0.225
ORD100565,04-05-2025,CUST1532,Customer_0532,P2011,Sneakers,Clothing,Footwear,1.00,2499.00,2499.00,0.30,749.70,1749.30,402.34,Chennai,Tamil Nadu,South,Credit Card,Standard,2025,5,May,0.23
ORD100760,26-04-2024,CUST1487,Customer_0487,P2022,Yoga Mat,Sports,Fitness,1.00,899.00,899.00,0.15,134.85,764.15,179.58,Mumbai,Maharashtra,West,Credit Card,Standard,2024,4,April,0.235
ORD101339,07-03-2024,CUST1297,Customer_0297,P2001,Smartphone,Electronics,Mobiles,2.00,24999.00,49998.00,0.10,4999.80,44998.20,5849.77,Pune,Maharashtra,West,Credit Card,Standard,2024,3,March,0.13
ORD102600,14-02-2025,CUST1494,Customer_0494,P2021,Perfume,Beauty,Fragrance,1.00,1499.00,1499.00,0.00,0.00,1499.00,569.62,Mumbai,Maharashtra,West,Credit Card,Same Day,2025,2,February,0.38
ORD102744,18-05-2025,CUST1753,Customer_0753,P2013,Mixer Grinder,Home & Kitchen,Kitchen,3.00,3499.00,10497.00,0.10,1049.70,9447.30,1983.93,Ahmedabad,Gujarat,West,UPI,Standard,2025,5,May,0.21
ORD100336,16-03-2024,CUST1213,Customer_0213,P2013,Mixer Grinder,Home & Kitchen,Kitchen,1.00,3499.00,3499.00,0.10,349.90,3149.10,661.31,Lucknow,Uttar Pradesh,North,UPI,Standard,2024,3,March,0.21
ORD100793,13-08-2025,CUST1181,Customer_0181,P2015,Table Lamp,Home & Kitchen,Home Decor,1.00,1299.00,1299.00,0.10,129.90,1169.10,245.51,Noida,Uttar Pradesh,North,UPI,Standard,2025,8,August,0.21
ORD101289,06-10-2025,CUST1704,Customer_0704,P2024,Cricket Bat,Sports,Outdoor,1.00,2499.00,2499.00,0.10,249.90,2249.10,562.28,Chennai,Tamil Nadu,South,Credit Card,Standard,2025,10,October,0.25
ORD102324,03-12-2025,CUST1254,Customer_0254,P2020,Shampoo,Beauty,Haircare,1.00,599.00,599.00,0.05,29.95,569.05,207.70,Kolkata,West Bengal,East,UPI,Express,2025,12,December,0.365
ORD102406,24-02-2024,CUST1674,Customer_0674,P2004,Wireless Mouse,Electronics,Accessories,1.00,899.00,899.00,0.10,89.90,809.10,105.18,Bengaluru,Karnataka,South,Debit Card,Standard,2024,2,February,0.13
ORD103669,04-06-2024,CUST1331,Customer_0331,P2003,Laptop,Electronics,Computers,1.00,59999.00,59999.00,0.10,5999.90,53999.10,7019.88,Gurugram,Haryana,North,UPI,Standard,2024,6,June,0.13
ORD101628,01-06-2024,CUST1127,Customer_0127,P2021,Perfume,Beauty,Fragrance,2.00,1499.00,2998.00,0.10,299.80,2698.20,944.37,Kolkata,West Bengal,East,UPI,Standard,2024,6,June,0.35
ORD101835,30-07-2025,CUST1226,Customer_0226,P2003,Laptop,Electronics,Computers,2.00,59999.00,119998.00,0.10,11999.80,107998.20,14039.77,Noida,Uttar Pradesh,North,Credit Card,Standard,2025,7,July,0.13
ORD101971,07-11-2024,CUST1771,Customer_0771,P2002,Wireless Earbuds,Electronics,Mobiles,1.00,2999.00,2999.00,0.10,299.90,2699.10,350.88,Lucknow,Uttar Pradesh,North,Debit Card,Standard,2024,11,November,0.13
ORD101978,28-03-2024,CUST1737,Customer_0737,P2011,Sneakers,Clothing,Footwear,2.00,2499.00,4998.00,0.15,749.70,4248.30,1168.28,Lucknow,Uttar Pradesh,North,UPI,Standard,2024,3,March,0.275
ORD102204,11-09-2024,CUST1454,Customer_0454,P2009,Kurti,Clothing,Women,3.00,1199.00,3597.00,0.00,0.00,3597.00,1151.04,Noida,Uttar Pradesh,North,UPI,Express,2024,9,September,0.32
ORD103971,01-05-2024,CUST1217,Customer_0217,P2002,Wireless Earbuds,Electronics,Mobiles,2.00,2999.00,5998.00,0.05,299.90,5698.10,826.22,Lucknow,Uttar Pradesh,North,Debit Card,Standard,2024,5,May,0.145
ORD104705,25-07-2025,CUST1081,Customer_0081,P2007,T-Shirt,Clothing,Men,1.00,799.00,799.00,0.10,79.90,719.10,208.54,Jaipur,Rajasthan,North,Debit Card,Standard,2025,7,July,0.29
ORD104928,02-03-2025,CUST1444,Customer_0444,P2005,Keyboard,Electronics,Accessories,1.00,1299.00,1299.00,0.20,259.80,1039.20,103.92,Bengaluru,Karnataka,South,UPI,Standard,2025,3,March,0.1
ORD100506,12-09-2025,CUST1019,Customer_0019,P2020,Shampoo,Beauty,Haircare,1.00,599.00,599.00,0.10,59.90,539.10,188.68,Hyderabad,Telangana,South,UPI,Standard,2025,9,September,0.35
ORD100635,02-09-2025,CUST1036,Customer_0036,P2022,Yoga Mat,Sports,Fitness,1.00,899.00,899.00,0.00,0.00,899.00,251.72,Noida,Uttar Pradesh,North,Net Banking,Standard,2025,9,September,0.28
ORD101707,25-09-2025,CUST1353,Customer_0353,P2016,Bedsheet Set,Home & Kitchen,Home Decor,1.00,999.00,999.00,0.10,99.90,899.10,188.81,Lucknow,Uttar Pradesh,North,UPI,Standard,2025,9,September,0.21
ORD101966,19-08-2024,CUST1543,Customer_0543,P2008,Jeans,Clothing,Men,3.00,1799.00,5397.00,0.15,809.55,4587.45,1261.55,Jaipur,Rajasthan,North,UPI,Standard,2024,8,August,0.275
ORD102045,19-06-2025,CUST1699,Customer_0699,P2020,Shampoo,Beauty,Haircare,1.00,599.00,599.00,0.00,0.00,599.00,227.62,Lucknow,Uttar Pradesh,North,Credit Card,Same Day,2025,6,June,0.38
ORD102785,24-01-2025,CUST1211,Customer_0211,P2022,Yoga Mat,Sports,Fitness,2.00,899.00,1798.00,0.10,179.80,1618.20,404.55,Noida,Uttar Pradesh,North,Credit Card,Standard,2025,1,January,0.25
ORD102820,06-04-2025,CUST1688,Customer_0688,P2011,Sneakers,Clothing,Footwear,3.00,2499.00,7497.00,0.20,1499.40,5997.60,1559.38,Mumbai,Maharashtra,West,UPI,Standard,2025,4,April,0.26
ORD102912,29-03-2025,CUST1607,Customer_0607,P2017,Office Chair,Home & Kitchen,Furniture,1.00,5999.00,5999.00,0.00,0.00,5999.00,1439.76,Noida,Uttar Pradesh,North,UPI,Standard,2025,3,March,0.24
ORD103122,31-10-2024,CUST1127,Customer_0127,P2006,Power Bank,Electronics,Accessories,4.00,1499.00,5996.00,0.20,1199.20,4796.80,479.68,Hyderabad,Telangana,South,UPI,Standard,2024,10,October,0.1
ORD103706,25-08-2025,CUST1421,Customer_0421,P2021,Perfume,Beauty,Fragrance,3.00,1499.00,4497.00,0.20,899.40,3597.60,1151.23,Jaipur,Rajasthan,North,UPI,Express,2025,8,August,0.32
ORD104094,15-03-2025,CUST1309,Customer_0309,P2007,T-Shirt,Clothing,Men,1.00,799.00,799.00,0.10,79.90,719.10,208.54,Bengaluru,Karnataka,South,Net Banking,Standard,2025,3,March,0.29
ORD102676,08-11-2024,CUST1066,Customer_0066,P2003,Laptop,Electronics,Computers,1.00,59999.00,59999.00,0.30,17999.70,41999.30,2939.95,Kolkata,West Bengal,East,Credit Card,Standard,2024,11,November,0.07
ORD102847,05-08-2025,CUST1722,Customer_0722,P2015,Table Lamp,Home & Kitchen,Home Decor,2.00,1299.00,2598.00,0.15,389.70,2208.30,430.62,Gurugram,Haryana,North,UPI,Express,2025,8,August,0.195
ORD103704,27-09-2025,CUST1030,Customer_0030,P2009,Kurti,Clothing,Women,2.00,1199.00,2398.00,0.15,359.70,2038.30,560.53,Delhi,Delhi,North,UPI,Express,2025,9,September,0.275
ORD100016,02-03-2024,CUST1645,Customer_0645,P2006,Power Bank,Electronics,Accessories,1.00,1499.00,1499.00,0.20,299.80,1199.20,119.92,Delhi,Delhi,North,UPI,Standard,2024,3,March,0.1
ORD101567,16-09-2025,CUST1164,Customer_0164,P2024,Cricket Bat,Sports,Outdoor,1.00,2499.00,2499.00,0.20,499.80,1999.20,439.82,Ahmedabad,Gujarat,West,Debit Card,Express,2025,9,September,0.22
ORD101736,11-04-2024,CUST1237,Customer_0237,P2004,Wireless Mouse,Electronics,Accessories,2.00,899.00,1798.00,0.05,89.90,1708.10,247.67,Jaipur,Rajasthan,North,Credit Card,Standard,2024,4,April,0.145
ORD102777,31-07-2024,CUST1037,Customer_0037,P2016,Bedsheet Set,Home & Kitchen,Home Decor,1.00,999.00,999.00,0.10,99.90,899.10,188.81,Gurugram,Haryana,North,UPI,Express,2024,7,July,0.21
ORD102839,02-10-2025,CUST1041,Customer_0041,P2017,Office Chair,Home & Kitchen,Furniture,1.00,5999.00,5999.00,0.05,299.95,5699.05,1282.29,Jaipur,Rajasthan,North,UPI,Standard,2025,10,October,0.225
ORD103201,04-08-2024,CUST1408,Customer_0408,P2012,Sandals,Clothing,Footwear,2.00,1299.00,2598.00,0.15,389.70,2208.30,607.28,Ahmedabad,Gujarat,West,Net Banking,Standard,2024,8,August,0.275
ORD104851,27-09-2024,CUST1568,Customer_0568,P2018,Face Wash,Beauty,Skincare,1.00,399.00,399.00,0.15,59.85,339.15,113.62,Ahmedabad,Gujarat,West,UPI,Standard,2024,9,September,0.335
ORD100460,07-11-2025,CUST1214,Customer_0214,P2022,Yoga Mat,Sports,Fitness,1.00,899.00,899.00,0.15,134.85,764.15,179.58,Bengaluru,Karnataka,South,UPI,Express,2025,11,November,0.235
ORD101868,24-03-2024,CUST1358,Customer_0358,P2022,Yoga Mat,Sports,Fitness,1.00,899.00,899.00,0.15,134.85,764.15,179.58,Kolkata,West Bengal,East,Credit Card,Standard,2024,3,March,0.235
ORD102364,09-06-2024,CUST1677,Customer_0677,P2005,Keyboard,Electronics,Accessories,1.00,1299.00,1299.00,0.25,324.75,974.25,82.81,Pune,Maharashtra,West,Net Banking,Standard,2024,6,June,0.085
ORD102748,02-09-2024,CUST1702,Customer_0702,P2020,Shampoo,Beauty,Haircare,1.00,599.00,599.00,0.10,59.90,539.10,188.68,Jaipur,Rajasthan,North,UPI,Standard,2024,9,September,0.35
ORD103076,26-06-2024,CUST1734,Customer_0734,P2011,Sneakers,Clothing,Footwear,4.00,2499.00,9996.00,0.20,1999.20,7996.80,2079.17,Hyderabad,Telangana,South,Debit Card,Express,2024,6,June,0.26
ORD103662,19-07-2025,CUST1134,Customer_0134,P2007,T-Shirt,Clothing,Men,1.00,799.00,799.00,0.25,199.75,599.25,146.82,Hyderabad,Telangana,South,Net Banking,Same Day,2025,7,July,0.245
ORD104431,17-03-2024,CUST1333,Customer_0333,P2020,Shampoo,Beauty,Haircare,1.00,599.00,599.00,0.15,89.85,509.15,170.57,Delhi,Delhi,North,Cash on Delivery,Standard,2024,3,March,0.335
ORD104487,09-06-2024,CUST1228,Customer_0228,P2002,Wireless Earbuds,Electronics,Mobiles,1.00,2999.00,2999.00,0.10,299.90,2699.10,350.88,Jaipur,Rajasthan,North,Cash on Delivery,Standard,2024,6,June,0.13
ORD104720,03-01-2024,CUST1728,Customer_0728,P2022,Yoga Mat,Sports,Fitness,1.00,899.00,899.00,0.20,179.80,719.20,158.22,Lucknow,Uttar Pradesh,North,Credit Card,Express,2024,1,January,0.22
ORD100259,22-02-2025,CUST1115,Customer_0115,P2014,Cookware Set,Home & Kitchen,Kitchen,1.00,2999.00,2999.00,0.10,299.90,2699.10,566.81,Hyderabad,Telangana,South,Cash on Delivery,Express,2025,2,February,0.21
ORD100427,06-04-2025,CUST1632,Customer_0632,P2022,Yoga Mat,Sports,Fitness,1.00,899.00,899.00,0.15,134.85,764.15,179.58,Pune,Maharashtra,West,UPI,Express,2025,4,April,0.235
ORD102023,06-12-2025,CUST1683,Customer_0683,P2010,Dress,Clothing,Women,1.00,1999.00,1999.00,0.05,99.95,1899.05,579.21,Noida,Uttar Pradesh,North,UPI,Same Day,2025,12,December,0.305
ORD102640,31-08-2025,CUST1766,Customer_0766,P2007,T-Shirt,Clothing,Men,2.00,799.00,1598.00,0.25,399.50,1198.50,293.63,Mumbai,Maharashtra,West,Debit Card,Standard,2025,8,August,0.245
ORD103207,26-04-2025,CUST1546,Customer_0546,P2005,Keyboard,Electronics,Accessories,2.00,1299.00,2598.00,0.00,0.00,2598.00,415.68,Bengaluru,Karnataka,South,Credit Card,Same Day,2025,4,April,0.16
ORD103906,25-10-2024,CUST1329,Customer_0329,P2008,Jeans,Clothing,Men,1.00,1799.00,1799.00,0.05,89.95,1709.05,521.26,Ahmedabad,Gujarat,West,Credit Card,Standard,2024,10,October,0.305
ORD100449,03-02-2024,CUST1518,Customer_0518,P2023,Dumbbells,Sports,Fitness,2.00,1599.00,3198.00,0.00,0.00,3198.00,895.44,Ahmedabad,Gujarat,West,Debit Card,Standard,2024,2,February,0.28
ORD101158,25-08-2024,CUST1782,Customer_0782,P2013,Mixer Grinder,Home & Kitchen,Kitchen,1.00,3499.00,3499.00,0.15,524.85,2974.15,579.96,Hyderabad,Telangana,South,UPI,Express,2024,8,August,0.195
ORD101402,22-10-2024,CUST1762,Customer_0762,P2020,Shampoo,Beauty,Haircare,1.00,599.00,599.00,0.20,119.80,479.20,153.34,Bengaluru,Karnataka,South,UPI,Standard,2024,10,October,0.32
ORD102026,24-12-2025,CUST1203,Customer_0203,P2003,Laptop,Electronics,Computers,1.00,59999.00,59999.00,0.00,0.00,59999.00,9599.84,Noida,Uttar Pradesh,North,Credit Card,Same Day,2025,12,December,0.16
ORD102593,16-10-2024,CUST1309,Customer_0309,P2010,Dress,Clothing,Women,3.00,1999.00,5997.00,0.10,599.70,5397.30,1565.22,Chennai,Tamil Nadu,South,Credit Card,Express,2024,10,October,0.29
ORD103047,20-12-2025,CUST1148,Customer_0148,P2013,Mixer Grinder,Home & Kitchen,Kitchen,1.00,3499.00,3499.00,0.25,874.75,2624.25,433.00,Noida,Uttar Pradesh,North,UPI,Express,2025,12,December,0.165
ORD103415,09-04-2025,CUST1430,Customer_0430,P2012,Sandals,Clothing,Footwear,4.00,1299.00,5196.00,0.15,779.40,4416.60,1214.57,Noida,Uttar Pradesh,North,Debit Card,Standard,2025,4,April,0.275
ORD104230,13-03-2024,CUST1792,Customer_0792,P2014,Cookware Set,Home & Kitchen,Kitchen,1.00,2999.00,2999.00,0.15,449.85,2549.15,497.08,Bengaluru,Karnataka,South,Credit Card,Standard,2024,3,March,0.195
ORD100057,04-12-2025,CUST1618,Customer_0618,P2003,Laptop,Electronics,Computers,1.00,59999.00,59999.00,0.05,2999.95,56999.05,8264.86,Mumbai,Maharashtra,West,UPI,Same Day,2025,12,December,0.145
ORD102961,27-08-2024,CUST1507,Customer_0507,P2002,Wireless Earbuds,Electronics,Mobiles,1.00,2999.00,2999.00,0.00,0.00,2999.00,479.84,Chennai,Tamil Nadu,South,Credit Card,Same Day,2024,8,August,0.16
ORD103790,27-09-2024,CUST1083,Customer_0083,P2003,Laptop,Electronics,Computers,2.00,59999.00,119998.00,0.00,0.00,119998.00,19199.68,Kolkata,West Bengal,East,Credit Card,Express,2024,9,September,0.16
ORD104015,02-10-2025,CUST1472,Customer_0472,P2011,Sneakers,Clothing,Footwear,1.00,2499.00,2499.00,0.30,749.70,1749.30,402.34,Mumbai,Maharashtra,West,Net Banking,Express,2025,10,October,0.23
ORD104719,26-08-2025,CUST1572,Customer_0572,P2006,Power Bank,Electronics,Accessories,1.00,1499.00,1499.00,0.15,224.85,1274.15,146.53,Hyderabad,Telangana,South,UPI,Standard,2025,8,August,0.115
ORD100392,08-11-2025,CUST1139,Customer_0139,P2001,Smartphone,Electronics,Mobiles,1.00,24999.00,24999.00,0.00,0.00,24999.00,3999.84,Pune,Maharashtra,West,UPI,Standard,2025,11,November,0.16
ORD100532,21-07-2024,CUST1769,Customer_0769,P2008,Jeans,Clothing,Men,4.00,1799.00,7196.00,0.15,1079.40,6116.60,1682.07,Noida,Uttar Pradesh,North,UPI,Standard,2024,7,July,0.275
ORD100548,11-03-2025,CUST1742,Customer_0742,P2015,Table Lamp,Home & Kitchen,Home Decor,1.00,1299.00,1299.00,0.10,129.90,1169.10,245.51,Pune,Maharashtra,West,Debit Card,Standard,2025,3,March,0.21
ORD101890,27-04-2024,CUST1550,Customer_0550,P2022,Yoga Mat,Sports,Fitness,1.00,899.00,899.00,0.15,134.85,764.15,179.58,Gurugram,Haryana,North,Debit Card,Standard,2024,4,April,0.235
ORD102306,11-07-2025,CUST1170,Customer_0170,P2019,Sunscreen,Beauty,Skincare,2.00,699.00,1398.00,0.05,69.90,1328.10,484.76,Gurugram,Haryana,North,UPI,Standard,2025,7,July,0.365
ORD102407,18-08-2024,CUST1443,Customer_0443,P2017,Office Chair,Home & Kitchen,Furniture,1.00,5999.00,5999.00,0.25,1499.75,4499.25,742.38,Kolkata,West Bengal,East,Credit Card,Express,2024,8,August,0.165
ORD103903,25-10-2025,CUST1330,Customer_0330,P2024,Cricket Bat,Sports,Outdoor,3.00,2499.00,7497.00,0.20,1499.40,5997.60,1319.47,Delhi,Delhi,North,Credit Card,Standard,2025,10,October,0.22
ORD104201,01-06-2024,CUST1726,Customer_0726,P2001,Smartphone,Electronics,Mobiles,2.00,24999.00,49998.00,0.15,7499.70,42498.30,4887.30,Kolkata,West Bengal,East,Credit Card,Express,2024,6,June,0.115
ORD100962,29-09-2024,CUST1190,Customer_0190,P2015,Table Lamp,Home & Kitchen,Home Decor,2.00,1299.00,2598.00,0.15,389.70,2208.30,430.62,Kolkata,West Bengal,East,UPI,Standard,2024,9,September,0.195
ORD103428,25-05-2024,CUST1223,Customer_0223,P2022,Yoga Mat,Sports,Fitness,3.00,899.00,2697.00,0.15,404.55,2292.45,538.73,Kolkata,West Bengal,East,Debit Card,Express,2024,5,May,0.235
ORD104203,14-03-2024,CUST1602,Customer_0602,P2015,Table Lamp,Home & Kitchen,Home Decor,1.00,1299.00,1299.00,0.15,194.85,1104.15,215.31,Pune,Maharashtra,West,Net Banking,Standard,2024,3,March,0.195
ORD104659,02-03-2024,CUST1302,Customer_0302,P2007,T-Shirt,Clothing,Men,3.00,799.00,2397.00,0.00,0.00,2397.00,767.04,Jaipur,Rajasthan,North,Net Banking,Express,2024,3,March,0.32
ORD104921,18-06-2024,CUST1755,Customer_0755,P2022,Yoga Mat,Sports,Fitness,1.00,899.00,899.00,0.10,89.90,809.10,202.28,Pune,Maharashtra,West,UPI,Standard,2024,6,June,0.25
ORD100207,10-11-2024,CUST1136,Customer_0136,P2013,Mixer Grinder,Home & Kitchen,Kitchen,2.00,3499.00,6998.00,0.10,699.80,6298.20,1322.62,Pune,Maharashtra,West,Cash on Delivery,Express,2024,11,November,0.21
ORD100612,01-09-2025,CUST1184,Customer_0184,P2002,Wireless Earbuds,Electronics,Mobiles,1.00,2999.00,2999.00,0.05,149.95,2849.05,413.11,Delhi,Delhi,North,Debit Card,Express,2025,9,September,0.145
ORD100628,05-08-2025,CUST1010,Customer_0010,P2006,Power Bank,Electronics,Accessories,1.00,1499.00,1499.00,0.25,374.75,1124.25,95.56,Chennai,Tamil Nadu,South,UPI,Express,2025,8,August,0.085
ORD101904,22-10-2024,CUST1098,Customer_0098,P2009,Kurti,Clothing,Women,1.00,1199.00,1199.00,0.25,299.75,899.25,220.32,Delhi,Delhi,North,Net Banking,Express,2024,10,October,0.245
ORD101937,25-03-2025,CUST1460,Customer_0460,P2005,Keyboard,Electronics,Accessories,1.00,1299.00,1299.00,0.25,324.75,974.25,82.81,Chennai,Tamil Nadu,South,Net Banking,Standard,2025,3,March,0.085
ORD102541,07-05-2024,CUST1568,Customer_0568,P2010,Dress,Clothing,Women,5.00,1999.00,9995.00,0.05,499.75,9495.25,2896.05,Mumbai,Maharashtra,West,Net Banking,Express,2024,5,May,0.305
ORD102779,24-04-2025,CUST1562,Customer_0562,P2021,Perfume,Beauty,Fragrance,2.00,1499.00,2998.00,0.10,299.80,2698.20,944.37,Gurugram,Haryana,North,Credit Card,Standard,2025,4,April,0.35
ORD103450,06-12-2025,CUST1573,Customer_0573,P2004,Wireless Mouse,Electronics,Accessories,1.00,899.00,899.00,0.10,89.90,809.10,105.18,Ahmedabad,Gujarat,West,UPI,Standard,2025,12,December,0.13
ORD103961,07-11-2024,CUST1193,Customer_0193,P2013,Mixer Grinder,Home & Kitchen,Kitchen,3.00,3499.00,10497.00,0.10,1049.70,9447.30,1983.93,Hyderabad,Telangana,South,Credit Card,Standard,2024,11,November,0.21
ORD104495,17-12-2025,CUST1673,Customer_0673,P2020,Shampoo,Beauty,Haircare,4.00,599.00,2396.00,0.00,0.00,2396.00,910.48,Ahmedabad,Gujarat,West,Cash on Delivery,Express,2025,12,December,0.38
ORD100810,16-02-2025,CUST1013,Customer_0013,P2008,Jeans,Clothing,Men,1.00,1799.00,1799.00,0.20,359.80,1439.20,374.19,Pune,Maharashtra,West,Cash on Delivery,Standard,2025,2,February,0.26
ORD102276,05-10-2024,CUST1558,Customer_0558,P2009,Kurti,Clothing,Women,4.00,1199.00,4796.00,0.05,239.80,4556.20,1389.64,Chennai,Tamil Nadu,South,UPI,Standard,2024,10,October,0.305
ORD104191,27-05-2025,CUST1698,Customer_0698,P2005,Keyboard,Electronics,Accessories,1.00,1299.00,1299.00,0.00,0.00,1299.00,207.84,Pune,Maharashtra,West,Credit Card,Express,2025,5,May,0.16
ORD100633,06-07-2025,CUST1438,Customer_0438,P2015,Table Lamp,Home & Kitchen,Home Decor,1.00,1299.00,1299.00,0.05,64.95,1234.05,277.66,Kolkata,West Bengal,East,Debit Card,Express,2025,7,July,0.225
ORD101534,20-05-2025,CUST1494,Customer_0494,P2015,Table Lamp,Home & Kitchen,Home Decor,5.00,1299.00,6495.00,0.05,324.75,6170.25,1388.31,Delhi,Delhi,North,UPI,Express,2025,5,May,0.225
ORD102419,24-03-2025,CUST1365,Customer_0365,P2007,T-Shirt,Clothing,Men,2.00,799.00,1598.00,0.00,0.00,1598.00,511.36,Gurugram,Haryana,North,UPI,Express,2025,3,March,0.32
ORD102505,23-03-2024,CUST1121,Customer_0121,P2015,Table Lamp,Home & Kitchen,Home Decor,2.00,1299.00,2598.00,0.05,129.90,2468.10,555.32,Jaipur,Rajasthan,North,Credit Card,Standard,2024,3,March,0.225
ORD103123,04-09-2025,CUST1237,Customer_0237,P2006,Power Bank,Electronics,Accessories,1.00,1499.00,1499.00,0.10,149.90,1349.10,175.38,Ahmedabad,Gujarat,West,UPI,Standard,2025,9,September,0.13
ORD103280,10-02-2024,CUST1229,Customer_0229,P2010,Dress,Clothing,Women,2.00,1999.00,3998.00,0.10,399.80,3598.20,1043.48,Mumbai,Maharashtra,West,UPI,Standard,2024,2,February,0.29
ORD101976,18-03-2025,CUST1181,Customer_0181,P2017,Office Chair,Home & Kitchen,Furniture,1.00,5999.00,5999.00,0.00,0.00,5999.00,1439.76,Chennai,Tamil Nadu,South,Net Banking,Standard,2025,3,March,0.24
ORD103151,26-11-2024,CUST1538,Customer_0538,P2005,Keyboard,Electronics,Accessories,2.00,1299.00,2598.00,0.20,519.60,2078.40,207.84,Ahmedabad,Gujarat,West,UPI,Standard,2024,11,November,0.1
ORD103703,10-09-2025,CUST1504,Customer_0504,P2011,Sneakers,Clothing,Footwear,1.00,2499.00,2499.00,0.00,0.00,2499.00,799.68,Delhi,Delhi,North,Credit Card,Standard,2025,9,September,0.32
ORD103880,13-09-2024,CUST1256,Customer_0256,P2005,Keyboard,Electronics,Accessories,1.00,1299.00,1299.00,0.05,64.95,1234.05,178.94,Lucknow,Uttar Pradesh,North,Debit Card,Standard,2024,9,September,0.145
ORD104286,27-01-2024,CUST1555,Customer_0555,P2001,Smartphone,Electronics,Mobiles,2.00,24999.00,49998.00,0.00,0.00,49998.00,7999.68,Mumbai,Maharashtra,West,Debit Card,Standard,2024,1,January,0.16
ORD102979,03-04-2024,CUST1168,Customer_0168,P2018,Face Wash,Beauty,Skincare,1.00,399.00,399.00,0.00,0.00,399.00,151.62,Bengaluru,Karnataka,South,UPI,Express,2024,4,April,0.38
ORD103592,22-08-2024,CUST1280,Customer_0280,P2010,Dress,Clothing,Women,2.00,1999.00,3998.00,0.05,199.90,3798.10,1158.42,Mumbai,Maharashtra,West,Net Banking,Standard,2024,8,August,0.305
ORD103658,21-11-2025,CUST1475,Customer_0475,P2018,Face Wash,Beauty,Skincare,1.00,399.00,399.00,0.05,19.95,379.05,138.35,Kolkata,West Bengal,East,Debit Card,Standard,2025,11,November,0.365
ORD104991,12-08-2025,CUST1206,Customer_0206,P2004,Wireless Mouse,Electronics,Accessories,1.00,899.00,899.00,0.10,89.90,809.10,105.18,Gurugram,Haryana,North,UPI,Standard,2025,8,August,0.13
ORD101562,24-08-2025,CUST1155,Customer_0155,P2023,Dumbbells,Sports,Fitness,2.00,1599.00,3198.00,0.15,479.70,2718.30,638.80,Lucknow,Uttar Pradesh,North,Credit Card,Standard,2025,8,August,0.235
ORD101583,22-01-2024,CUST1525,Customer_0525,P2008,Jeans,Clothing,Men,3.00,1799.00,5397.00,0.05,269.85,5127.15,1563.78,Bengaluru,Karnataka,South,Credit Card,Standard,2024,1,January,0.305
ORD101595,19-11-2025,CUST1403,Customer_0403,P2001,Smartphone,Electronics,Mobiles,1.00,24999.00,24999.00,0.05,1249.95,23749.05,3443.61,Ahmedabad,Gujarat,West,UPI,Standard,2025,11,November,0.145
ORD102355,02-10-2024,CUST1150,Customer_0150,P2010,Dress,Clothing,Women,1.00,1999.00,1999.00,0.00,0.00,1999.00,639.68,Hyderabad,Telangana,South,Debit Card,Standard,2024,10,October,0.32
ORD102579,13-08-2025,CUST1474,Customer_0474,P2003,Laptop,Electronics,Computers,2.00,59999.00,119998.00,0.15,17999.70,101998.30,11729.80,Mumbai,Maharashtra,West,Credit Card,Standard,2025,8,August,0.115
ORD102612,11-02-2024,CUST1618,Customer_0618,P2024,Cricket Bat,Sports,Outdoor,1.00,2499.00,2499.00,0.15,374.85,2124.15,499.18,Bengaluru,Karnataka,South,UPI,Express,2024,2,February,0.235
ORD102643,28-06-2024,CUST1007,Customer_0007,P2004,Wireless Mouse,Electronics,Accessories,1.00,899.00,899.00,0.25,224.75,674.25,57.31,Bengaluru,Karnataka,South,Cash on Delivery,Standard,2024,6,June,0.085
ORD103256,26-04-2025,CUST1711,Customer_0711,P2012,Sandals,Clothing,Footwear,1.00,1299.00,1299.00,0.15,194.85,1104.15,303.64,Gurugram,Haryana,North,UPI,Express,2025,4,April,0.275
ORD103750,15-06-2025,CUST1385,Customer_0385,P2017,Office Chair,Home & Kitchen,Furniture,5.00,5999.00,29995.00,0.10,2999.50,26995.50,5669.05,Ahmedabad,Gujarat,West,Credit Card,Standard,2025,6,June,0.21
ORD104086,29-10-2025,CUST1597,Customer_0597,P2015,Table Lamp,Home & Kitchen,Home Decor,1.00,1299.00,1299.00,0.05,64.95,1234.05,277.66,Hyderabad,Telangana,South,Net Banking,Standard,2025,10,October,0.225
ORD104200,28-03-2025,CUST1206,Customer_0206,P2006,Power Bank,Electronics,Accessories,1.00,1499.00,1499.00,0.05,74.95,1424.05,206.49,Hyderabad,Telangana,South,Credit Card,Standard,2025,3,March,0.145
ORD104522,11-10-2024,CUST1481,Customer_0481,P2005,Keyboard,Electronics,Accessories,2.00,1299.00,2598.00,0.25,649.50,1948.50,165.62,Mumbai,Maharashtra,West,Credit Card,Express,2024,10,October,0.085
ORD101032,04-07-2024,CUST1186,Customer_0186,P2007,T-Shirt,Clothing,Men,1.00,799.00,799.00,0.00,0.00,799.00,255.68,Bengaluru,Karnataka,South,UPI,Standard,2024,7,July,0.32
ORD101477,22-08-2025,CUST1664,Customer_0664,P2005,Keyboard,Electronics,Accessories,2.00,1299.00,2598.00,0.15,389.70,2208.30,253.95,Delhi,Delhi,North,UPI,Standard,2025,8,August,0.115
ORD102198,22-03-2025,CUST1446,Customer_0446,P2006,Power Bank,Electronics,Accessories,2.00,1499.00,2998.00,0.00,0.00,2998.00,479.68,Delhi,Delhi,North,UPI,Express,2025,3,March,0.16
ORD102223,12-10-2025,CUST1146,Customer_0146,P2025,Football,Sports,Outdoor,1.00,999.00,999.00,0.10,99.90,899.10,224.78,Bengaluru,Karnataka,South,Debit Card,Same Day,2025,10,October,0.25
ORD103212,18-05-2025,CUST1704,Customer_0704,P2019,Sunscreen,Beauty,Skincare,1.00,699.00,699.00,0.10,69.90,629.10,220.18,Mumbai,Maharashtra,West,Credit Card,Express,2025,5,May,0.35
ORD104153,03-04-2024,CUST1483,Customer_0483,P2016,Bedsheet Set,Home & Kitchen,Home Decor,1.00,999.00,999.00,0.25,249.75,749.25,123.63,Jaipur,Rajasthan,North,Net Banking,Express,2024,4,April,0.165
ORD100394,26-04-2025,CUST1510,Customer_0510,P2005,Keyboard,Electronics,Accessories,1.00,1299.00,1299.00,0.00,0.00,1299.00,207.84,Hyderabad,Telangana,South,Credit Card,Express,2025,4,April,0.16
ORD101766,22-12-2024,CUST1366,Customer_0366,P2023,Dumbbells,Sports,Fitness,2.00,1599.00,3198.00,0.10,319.80,2878.20,719.55,Hyderabad,Telangana,South,UPI,Standard,2024,12,December,0.25
ORD102050,22-02-2025,CUST1619,Customer_0619,P2025,Football,Sports,Outdoor,1.00,999.00,999.00,0.05,49.95,949.05,251.50,Gurugram,Haryana,North,UPI,Express,2025,2,February,0.265
ORD104475,07-12-2024,CUST1146,Customer_0146,P2021,Perfume,Beauty,Fragrance,3.00,1499.00,4497.00,0.10,449.70,4047.30,1416.56,Bengaluru,Karnataka,South,UPI,Express,2024,12,December,0.35
ORD104519,24-11-2024,CUST1343,Customer_0343,P2003,Laptop,Electronics,Computers,1.00,59999.00,59999.00,0.00,0.00,59999.00,9599.84,Hyderabad,Telangana,South,Credit Card,Express,2024,11,November,0.16
ORD104657,17-11-2025,CUST1299,Customer_0299,P2008,Jeans,Clothing,Men,1.00,1799.00,1799.00,0.15,269.85,1529.15,420.52,Ahmedabad,Gujarat,West,UPI,Standard,2025,11,November,0.275
ORD100337,17-04-2024,CUST1251,Customer_0251,P2009,Kurti,Clothing,Women,3.00,1199.00,3597.00,0.00,0.00,3597.00,1151.04,Jaipur,Rajasthan,North,UPI,Standard,2024,4,April,0.32
ORD101686,13-06-2024,CUST1198,Customer_0198,P2003,Laptop,Electronics,Computers,2.00,59999.00,119998.00,0.10,11999.80,107998.20,14039.77,Bengaluru,Karnataka,South,UPI,Standard,2024,6,June,0.13
ORD102230,03-12-2024,CUST1067,Customer_0067,P2012,Sandals,Clothing,Footwear,1.00,1299.00,1299.00,0.10,129.90,1169.10,339.04,Chennai,Tamil Nadu,South,UPI,Express,2024,12,December,0.29
ORD103518,25-02-2025,CUST1564,Customer_0564,P2005,Keyboard,Electronics,Accessories,1.00,1299.00,1299.00,0.05,64.95,1234.05,178.94,Delhi,Delhi,North,UPI,Standard,2025,2,February,0.145
ORD104108,11-12-2025,CUST1263,Customer_0263,P2016,Bedsheet Set,Home & Kitchen,Home Decor,3.00,999.00,2997.00,0.00,0.00,2997.00,719.28,Chennai,Tamil Nadu,South,UPI,Standard,2025,12,December,0.24
ORD100898,22-05-2025,CUST1640,Customer_0640,P2011,Sneakers,Clothing,Footwear,3.00,2499.00,7497.00,0.15,1124.55,6372.45,1752.42,Kolkata,West Bengal,East,Credit Card,Express,2025,5,May,0.275
ORD101122,22-10-2024,CUST1461,Customer_0461,P2019,Sunscreen,Beauty,Skincare,2.00,699.00,1398.00,0.20,279.60,1118.40,357.89,Mumbai,Maharashtra,West,UPI,Same Day,2024,10,October,0.32
ORD102336,09-11-2025,CUST1780,Customer_0780,P2016,Bedsheet Set,Home & Kitchen,Home Decor,1.00,999.00,999.00,0.20,199.80,799.20,143.86,Bengaluru,Karnataka,South,UPI,Standard,2025,11,November,0.18
ORD102526,14-02-2025,CUST1546,Customer_0546,P2003,Laptop,Electronics,Computers,2.00,59999.00,119998.00,0.10,11999.80,107998.20,14039.77,Kolkata,West Bengal,East,UPI,Standard,2025,2,February,0.13
ORD102863,17-07-2025,CUST1251,Customer_0251,P2008,Jeans,Clothing,Men,1.00,1799.00,1799.00,0.25,449.75,1349.25,330.57,Jaipur,Rajasthan,North,UPI,Express,2025,7,July,0.245
ORD102931,07-02-2024,CUST1478,Customer_0478,P2012,Sandals,Clothing,Footwear,3.00,1299.00,3897.00,0.20,779.40,3117.60,810.58,Kolkata,West Bengal,East,Debit Card,Express,2024,2,February,0.26
ORD103840,10-04-2025,CUST1281,Customer_0281,P2016,Bedsheet Set,Home & Kitchen,Home Decor,1.00,999.00,999.00,0.25,249.75,749.25,123.63,Jaipur,Rajasthan,North,Credit Card,Standard,2025,4,April,0.165
ORD104283,31-03-2024,CUST1494,Customer_0494,P2006,Power Bank,Electronics,Accessories,1.00,1499.00,1499.00,0.15,224.85,1274.15,146.53,Bengaluru,Karnataka,South,UPI,Express,2024,3,March,0.115
ORD104377,18-11-2024,CUST1588,Customer_0588,P2017,Office Chair,Home & Kitchen,Furniture,2.00,5999.00,11998.00,0.00,0.00,11998.00,2879.52,Pune,Maharashtra,West,Net Banking,Express,2024,11,November,0.24
ORD104589,15-09-2024,CUST1229,Customer_0229,P2024,Cricket Bat,Sports,Outdoor,1.00,2499.00,2499.00,0.05,124.95,2374.05,629.12,Chennai,Tamil Nadu,South,UPI,Standard,2024,9,September,0.265
ORD100039,27-11-2024,CUST1161,Customer_0161,P2010,Dress,Clothing,Women,3.00,1999.00,5997.00,0.10,599.70,5397.30,1565.22,Chennai,Tamil Nadu,South,Credit Card,Standard,2024,11,November,0.29
ORD101464,28-04-2024,CUST1199,Customer_0199,P2017,Office Chair,Home & Kitchen,Furniture,1.00,5999.00,5999.00,0.05,299.95,5699.05,1282.29,Hyderabad,Telangana,South,UPI,Same Day,2024,4,April,0.225
ORD101535,17-02-2025,CUST1369,Customer_0369,P2008,Jeans,Clothing,Men,2.00,1799.00,3598.00,0.05,179.90,3418.10,1042.52,Ahmedabad,Gujarat,West,Cash on Delivery,Standard,2025,2,February,0.305
ORD101645,10-06-2025,CUST1016,Customer_0016,P2010,Dress,Clothing,Women,3.00,1999.00,5997.00,0.00,0.00,5997.00,1919.04,Pune,Maharashtra,West,UPI,Express,2025,6,June,0.32
ORD102141,02-01-2024,CUST1205,Customer_0205,P2001,Smartphone,Electronics,Mobiles,1.00,24999.00,24999.00,0.05,1249.95,23749.05,3443.61,Kolkata,West Bengal,East,Net Banking,Standard,2024,1,January,0.145
ORD104248,04-11-2025,CUST1619,Customer_0619,P2010,Dress,Clothing,Women,1.00,1999.00,1999.00,0.30,599.70,1399.30,321.84,Mumbai,Maharashtra,West,UPI,Express,2025,11,November,0.23
ORD104265,09-07-2025,CUST1344,Customer_0344,P2013,Mixer Grinder,Home & Kitchen,Kitchen,4.00,3499.00,13996.00,0.15,2099.40,11896.60,2319.84,Hyderabad,Telangana,South,Credit Card,Standard,2025,7,July,0.195
ORD104607,18-04-2025,CUST1384,Customer_0384,P2010,Dress,Clothing,Women,1.00,1999.00,1999.00,0.25,499.75,1499.25,367.32,Mumbai,Maharashtra,West,UPI,Standard,2025,4,April,0.245
ORD100644,27-02-2025,CUST1799,Customer_0799,P2012,Sandals,Clothing,Footwear,2.00,1299.00,2598.00,0.10,259.80,2338.20,678.08,Noida,Uttar Pradesh,North,Credit Card,Express,2025,2,February,0.29
ORD101697,25-02-2024,CUST1174,Customer_0174,P2006,Power Bank,Electronics,Accessories,2.00,1499.00,2998.00,0.10,299.80,2698.20,350.77,Bengaluru,Karnataka,South,Debit Card,Express,2024,2,February,0.13
ORD101769,11-07-2024,CUST1449,Customer_0449,P2014,Cookware Set,Home & Kitchen,Kitchen,1.00,2999.00,2999.00,0.15,449.85,2549.15,497.08,Bengaluru,Karnataka,South,UPI,Express,2024,7,July,0.195
ORD102279,14-06-2025,CUST1644,Customer_0644,P2014,Cookware Set,Home & Kitchen,Kitchen,1.00,2999.00,2999.00,0.10,299.90,2699.10,566.81,Ahmedabad,Gujarat,West,UPI,Same Day,2025,6,June,0.21
ORD102500,05-01-2025,CUST1270,Customer_0270,P2019,Sunscreen,Beauty,Skincare,1.00,699.00,699.00,0.20,139.80,559.20,178.94,Chennai,Tamil Nadu,South,Debit Card,Express,2025,1,January,0.32
ORD102625,29-09-2025,CUST1524,Customer_0524,P2002,Wireless Earbuds,Electronics,Mobiles,1.00,2999.00,2999.00,0.15,449.85,2549.15,293.15,Ahmedabad,Gujarat,West,Credit Card,Same Day,2025,9,September,0.115
ORD102747,25-05-2025,CUST1761,Customer_0761,P2012,Sandals,Clothing,Footwear,1.00,1299.00,1299.00,0.10,129.90,1169.10,339.04,Hyderabad,Telangana,South,UPI,Standard,2025,5,May,0.29
ORD103051,02-10-2025,CUST1241,Customer_0241,P2006,Power Bank,Electronics,Accessories,2.00,1499.00,2998.00,0.25,749.50,2248.50,191.12,Bengaluru,Karnataka,South,Net Banking,Same Day,2025,10,October,0.085
ORD103134,28-03-2025,CUST1242,Customer_0242,P2016,Bedsheet Set,Home & Kitchen,Home Decor,2.00,999.00,1998.00,0.15,299.70,1698.30,331.17,Hyderabad,Telangana,South,Net Banking,Same Day,2025,3,March,0.195
ORD103224,22-02-2024,CUST1279,Customer_0279,P2024,Cricket Bat,Sports,Outdoor,1.00,2499.00,2499.00,0.10,249.90,2249.10,562.28,Lucknow,Uttar Pradesh,North,Credit Card,Express,2024,2,February,0.25
ORD104031,27-07-2024,CUST1339,Customer_0339,P2003,Laptop,Electronics,Computers,1.00,59999.00,59999.00,0.20,11999.80,47999.20,4799.92,Lucknow,Uttar Pradesh,North,UPI,Standard,2024,7,July,0.1
ORD104366,30-09-2024,CUST1480,Customer_0480,P2009,Kurti,Clothing,Women,1.00,1199.00,1199.00,0.15,179.85,1019.15,280.27,Mumbai,Maharashtra,West,Net Banking,Express,2024,9,September,0.275
ORD100575,16-07-2025,CUST1208,Customer_0208,P2011,Sneakers,Clothing,Footwear,2.00,2499.00,4998.00,0.15,749.70,4248.30,1168.28,Lucknow,Uttar Pradesh,North,UPI,Standard,2025,7,July,0.275
ORD102651,14-05-2024,CUST1202,Customer_0202,P2001,Smartphone,Electronics,Mobiles,1.00,24999.00,24999.00,0.15,3749.85,21249.15,2443.65,Jaipur,Rajasthan,North,UPI,Express,2024,5,May,0.115
ORD103601,21-10-2024,CUST1216,Customer_0216,P2013,Mixer Grinder,Home & Kitchen,Kitchen,1.00,3499.00,3499.00,0.15,524.85,2974.15,579.96,Bengaluru,Karnataka,South,Credit Card,Standard,2024,10,October,0.195
ORD103860,24-03-2025,CUST1486,Customer_0486,P2013,Mixer Grinder,Home & Kitchen,Kitchen,1.00,3499.00,3499.00,0.20,699.80,2799.20,503.86,Ahmedabad,Gujarat,West,UPI,Standard,2025,3,March,0.18
ORD100559,16-12-2025,CUST1072,Customer_0072,P2008,Jeans,Clothing,Men,1.00,1799.00,1799.00,0.10,179.90,1619.10,469.54,Hyderabad,Telangana,South,Net Banking,Standard,2025,12,December,0.29
ORD101347,11-05-2025,CUST1607,Customer_0607,P2017,Office Chair,Home & Kitchen,Furniture,2.00,5999.00,11998.00,0.15,1799.70,10198.30,1988.67,Delhi,Delhi,North,Credit Card,Standard,2025,5,May,0.195
ORD102614,04-05-2024,CUST1463,Customer_0463,P2008,Jeans,Clothing,Men,2.00,1799.00,3598.00,0.15,539.70,3058.30,841.03,Hyderabad,Telangana,South,Credit Card,Same Day,2024,5,May,0.275
ORD103974,30-01-2024,CUST1124,Customer_0124,P2002,Wireless Earbuds,Electronics,Mobiles,1.00,2999.00,2999.00,0.15,449.85,2549.15,293.15,Bengaluru,Karnataka,South,Credit Card,Standard,2024,1,January,0.115
ORD104256,07-10-2025,CUST1271,Customer_0271,P2001,Smartphone,Electronics,Mobiles,1.00,24999.00,24999.00,0.10,2499.90,22499.10,2924.88,Mumbai,Maharashtra,West,UPI,Standard,2025,10,October,0.13
ORD104474,15-09-2025,CUST1494,Customer_0494,P2012,Sandals,Clothing,Footwear,1.00,1299.00,1299.00,0.05,64.95,1234.05,376.39,Mumbai,Maharashtra,West,Cash on Delivery,Standard,2025,9,September,0.305
ORD104736,02-09-2024,CUST1315,Customer_0315,P2008,Jeans,Clothing,Men,4.00,1799.00,7196.00,0.10,719.60,6476.40,1878.16,Mumbai,Maharashtra,West,Debit Card,Standard,2024,9,September,0.29
ORD104796,27-12-2025,CUST1457,Customer_0457,P2013,Mixer Grinder,Home & Kitchen,Kitchen,1.00,3499.00,3499.00,0.10,349.90,3149.10,661.31,Pune,Maharashtra,West,UPI,Standard,2025,12,December,0.21
ORD100338,11-06-2024,CUST1634,Customer_0634,P2021,Perfume,Beauty,Fragrance,2.00,1499.00,2998.00,0.25,749.50,2248.50,685.79,Kolkata,West Bengal,East,UPI,Standard,2024,6,June,0.305
ORD100696,14-11-2024,CUST1644,Customer_0644,P2008,Jeans,Clothing,Men,1.00,1799.00,1799.00,0.10,179.90,1619.10,469.54,Kolkata,West Bengal,East,Debit Card,Standard,2024,11,November,0.29
ORD102055,18-07-2025,CUST1798,Customer_0798,P2005,Keyboard,Electronics,Accessories,1.00,1299.00,1299.00,0.05,64.95,1234.05,178.94,Chennai,Tamil Nadu,South,Credit Card,Same Day,2025,7,July,0.145
ORD102476,15-01-2024,CUST1705,Customer_0705,P2002,Wireless Earbuds,Electronics,Mobiles,3.00,2999.00,8997.00,0.15,1349.55,7647.45,879.46,Chennai,Tamil Nadu,South,Credit Card,Standard,2024,1,January,0.115
ORD102641,19-07-2025,CUST1023,Customer_0023,P2022,Yoga Mat,Sports,Fitness,1.00,899.00,899.00,0.00,0.00,899.00,251.72,Chennai,Tamil Nadu,South,UPI,Standard,2025,7,July,0.28
ORD104379,21-02-2025,CUST1666,Customer_0666,P2019,Sunscreen,Beauty,Skincare,1.00,699.00,699.00,0.05,34.95,664.05,242.38,Noida,Uttar Pradesh,North,Credit Card,Standard,2025,2,February,0.365
ORD100730,05-04-2024,CUST1555,Customer_0555,P2018,Face Wash,Beauty,Skincare,1.00,399.00,399.00,0.15,59.85,339.15,113.62,Noida,Uttar Pradesh,North,UPI,Same Day,2024,4,April,0.335
ORD103142,18-08-2024,CUST1688,Customer_0688,P2006,Power Bank,Electronics,Accessories,1.00,1499.00,1499.00,0.00,0.00,1499.00,239.84,Hyderabad,Telangana,South,UPI,Standard,2024,8,August,0.16
ORD103225,26-04-2024,CUST1176,Customer_0176,P2008,Jeans,Clothing,Men,1.00,1799.00,1799.00,0.00,0.00,1799.00,575.68,Ahmedabad,Gujarat,West,UPI,Express,2024,4,April,0.32
ORD104836,17-04-2025,CUST1286,Customer_0286,P2010,Dress,Clothing,Women,2.00,1999.00,3998.00,0.10,399.80,3598.20,1043.48,Gurugram,Haryana,North,Credit Card,Standard,2025,4,April,0.29
ORD100378,30-04-2024,CUST1697,Customer_0697,P2020,Shampoo,Beauty,Haircare,1.00,599.00,599.00,0.05,29.95,569.05,207.70,Noida,Uttar Pradesh,North,UPI,Standard,2024,4,April,0.365
ORD103475,25-10-2025,CUST1578,Customer_0578,P2014,Cookware Set,Home & Kitchen,Kitchen,1.00,2999.00,2999.00,0.20,599.80,2399.20,431.86,Jaipur,Rajasthan,North,Credit Card,Standard,2025,10,October,0.18
ORD103574,06-06-2024,CUST1276,Customer_0276,P2002,Wireless Earbuds,Electronics,Mobiles,1.00,2999.00,2999.00,0.25,749.75,2249.25,191.19,Delhi,Delhi,North,Debit Card,Standard,2024,6,June,0.085
ORD104359,25-05-2025,CUST1348,Customer_0348,P2003,Laptop,Electronics,Computers,1.00,59999.00,59999.00,0.15,8999.85,50999.15,5864.90,Pune,Maharashtra,West,UPI,Express,2025,5,May,0.115
ORD100890,25-10-2024,CUST1580,Customer_0580,P2010,Dress,Clothing,Women,2.00,1999.00,3998.00,0.30,1199.40,2798.60,643.68,Noida,Uttar Pradesh,North,UPI,Express,2024,10,October,0.23
ORD101768,05-06-2025,CUST1602,Customer_0602,P2022,Yoga Mat,Sports,Fitness,2.00,899.00,1798.00,0.05,89.90,1708.10,452.65,Pune,Maharashtra,West,Net Banking,Standard,2025,6,June,0.265
ORD102749,23-12-2025,CUST1729,Customer_0729,P2008,Jeans,Clothing,Men,1.00,1799.00,1799.00,0.00,0.00,1799.00,575.68,Bengaluru,Karnataka,South,UPI,Standard,2025,12,December,0.32
ORD104078,06-10-2024,CUST1762,Customer_0762,P2015,Table Lamp,Home & Kitchen,Home Decor,1.00,1299.00,1299.00,0.10,129.90,1169.10,245.51,Gurugram,Haryana,North,Debit Card,Standard,2024,10,October,0.21
ORD104688,01-03-2025,CUST1242,Customer_0242,P2011,Sneakers,Clothing,Footwear,4.00,2499.00,9996.00,0.20,1999.20,7996.80,2079.17,Hyderabad,Telangana,South,Debit Card,Standard,2025,3,March,0.26
ORD101035,09-05-2025,CUST1181,Customer_0181,P2002,Wireless Earbuds,Electronics,Mobiles,2.00,2999.00,5998.00,0.05,299.90,5698.10,826.22,Noida,Uttar Pradesh,North,Cash on Delivery,Standard,2025,5,May,0.145
ORD101833,28-04-2025,CUST1180,Customer_0180,P2020,Shampoo,Beauty,Haircare,1.00,599.00,599.00,0.15,89.85,509.15,170.57,Noida,Uttar Pradesh,North,UPI,Standard,2025,4,April,0.335
ORD102669,06-09-2024,CUST1403,Customer_0403,P2009,Kurti,Clothing,Women,3.00,1199.00,3597.00,0.10,359.70,3237.30,938.82,Delhi,Delhi,North,Cash on Delivery,Standard,2024,9,September,0.29
ORD103765,12-04-2025,CUST1779,Customer_0779,P2023,Dumbbells,Sports,Fitness,1.00,1599.00,1599.00,0.10,159.90,1439.10,359.78,Kolkata,West Bengal,East,Debit Card,Express,2025,4,April,0.25
ORD104378,18-07-2025,CUST1606,Customer_0606,P2012,Sandals,Clothing,Footwear,2.00,1299.00,2598.00,0.05,129.90,2468.10,752.77,Bengaluru,Karnataka,South,Cash on Delivery,Express,2025,7,July,0.305
ORD104861,28-05-2024,CUST1623,Customer_0623,P2010,Dress,Clothing,Women,2.00,1999.00,3998.00,0.30,1199.40,2798.60,643.68,Gurugram,Haryana,North,Credit Card,Express,2024,5,May,0.23
ORD100064,27-01-2025,CUST1013,Customer_0013,P2006,Power Bank,Electronics,Accessories,2.00,1499.00,2998.00,0.00,0.00,2998.00,479.68,Chennai,Tamil Nadu,South,UPI,Standard,2025,1,January,0.16
ORD100539,14-07-2024,CUST1446,Customer_0446,P2025,Football,Sports,Outdoor,1.00,999.00,999.00,0.10,99.90,899.10,224.78,Pune,Maharashtra,West,Cash on Delivery,Express,2024,7,July,0.25
ORD101685,05-09-2025,CUST1030,Customer_0030,P2002,Wireless Earbuds,Electronics,Mobiles,2.00,2999.00,5998.00,0.15,899.70,5098.30,586.30,Noida,Uttar Pradesh,North,UPI,Standard,2025,9,September,0.115
ORD102350,04-06-2025,CUST1761,Customer_0761,P2019,Sunscreen,Beauty,Skincare,1.00,699.00,699.00,0.25,174.75,524.25,159.90,Pune,Maharashtra,West,Debit Card,Express,2025,6,June,0.305
ORD102671,19-05-2024,CUST1348,Customer_0348,P2019,Sunscreen,Beauty,Skincare,2.00,699.00,1398.00,0.15,209.70,1188.30,398.08,Ahmedabad,Gujarat,West,Debit Card,Standard,2024,5,May,0.335
ORD103228,12-03-2024,CUST1406,Customer_0406,P2014,Cookware Set,Home & Kitchen,Kitchen,1.00,2999.00,2999.00,0.20,599.80,2399.20,431.86,Kolkata,West Bengal,East,Credit Card,Standard,2024,3,March,0.18
ORD104122,09-10-2024,CUST1706,Customer_0706,P2006,Power Bank,Electronics,Accessories,2.00,1499.00,2998.00,0.20,599.60,2398.40,239.84,Mumbai,Maharashtra,West,Cash on Delivery,Standard,2024,10,October,0.1
ORD104182,28-02-2025,CUST1109,Customer_0109,P2002,Wireless Earbuds,Electronics,Mobiles,3.00,2999.00,8997.00,0.20,1799.40,7197.60,719.76,Bengaluru,Karnataka,South,Cash on Delivery,Standard,2025,2,February,0.1
ORD104406,14-12-2024,CUST1046,Customer_0046,P2019,Sunscreen,Beauty,Skincare,1.00,699.00,699.00,0.05,34.95,664.05,242.38,Mumbai,Maharashtra,West,Debit Card,Standard,2024,12,December,0.365
ORD104795,03-06-2025,CUST1076,Customer_0076,P2013,Mixer Grinder,Home & Kitchen,Kitchen,1.00,3499.00,3499.00,0.25,874.75,2624.25,433.00,Lucknow,Uttar Pradesh,North,UPI,Express,2025,6,June,0.165
ORD101121,30-09-2024,CUST1629,Customer_0629,P2003,Laptop,Electronics,Computers,2.00,59999.00,119998.00,0.15,17999.70,101998.30,11729.80,Jaipur,Rajasthan,North,UPI,Standard,2024,9,September,0.115
ORD102157,03-01-2024,CUST1087,Customer_0087,P2012,Sandals,Clothing,Footwear,2.00,1299.00,2598.00,0.30,779.40,1818.60,418.28,Pune,Maharashtra,West,Net Banking,Standard,2024,1,January,0.23
ORD103059,16-10-2024,CUST1101,Customer_0101,P2002,Wireless Earbuds,Electronics,Mobiles,1.00,2999.00,2999.00,0.10,299.90,2699.10,350.88,Jaipur,Rajasthan,North,Cash on Delivery,Standard,2024,10,October,0.13
ORD103315,01-11-2024,CUST1300,Customer_0300,P2013,Mixer Grinder,Home & Kitchen,Kitchen,1.00,3499.00,3499.00,0.20,699.80,2799.20,503.86,Pune,Maharashtra,West,Debit Card,Standard,2024,11,November,0.18
ORD100228,24-08-2025,CUST1196,Customer_0196,P2025,Football,Sports,Outdoor,1.00,999.00,999.00,0.05,49.95,949.05,251.50,Ahmedabad,Gujarat,West,UPI,Same Day,2025,8,August,0.265
ORD100579,16-08-2025,CUST1463,Customer_0463,P2001,Smartphone,Electronics,Mobiles,1.00,24999.00,24999.00,0.05,1249.95,23749.05,3443.61,Gurugram,Haryana,North,Credit Card,Standard,2025,8,August,0.145
ORD101372,06-11-2025,CUST1630,Customer_0630,P2012,Sandals,Clothing,Footwear,1.00,1299.00,1299.00,0.15,194.85,1104.15,303.64,Jaipur,Rajasthan,North,UPI,Same Day,2025,11,November,0.275
ORD102329,16-05-2025,CUST1258,Customer_0258,P2023,Dumbbells,Sports,Fitness,1.00,1599.00,1599.00,0.15,239.85,1359.15,319.40,Jaipur,Rajasthan,North,Debit Card,Standard,2025,5,May,0.235
ORD103269,01-06-2024,CUST1478,Customer_0478,P2004,Wireless Mouse,Electronics,Accessories,2.00,899.00,1798.00,0.15,269.70,1528.30,175.75,Jaipur,Rajasthan,North,UPI,Standard,2024,6,June,0.115
ORD103503,02-04-2025,CUST1064,Customer_0064,P2001,Smartphone,Electronics,Mobiles,3.00,24999.00,74997.00,0.10,7499.70,67497.30,8774.65,Jaipur,Rajasthan,North,UPI,Standard,2025,4,April,0.13
ORD103926,05-07-2025,CUST1540,Customer_0540,P2018,Face Wash,Beauty,Skincare,3.00,399.00,1197.00,0.10,119.70,1077.30,377.05,Delhi,Delhi,North,UPI,Standard,2025,7,July,0.35
ORD104030,10-05-2025,CUST1728,Customer_0728,P2020,Shampoo,Beauty,Haircare,4.00,599.00,2396.00,0.15,359.40,2036.60,682.26,Delhi,Delhi,North,Debit Card,Standard,2025,5,May,0.335
ORD100891,19-12-2024,CUST1455,Customer_0455,P2003,Laptop,Electronics,Computers,2.00,59999.00,119998.00,0.15,17999.70,101998.30,11729.80,Jaipur,Rajasthan,North,UPI,Standard,2024,12,December,0.115
ORD101108,06-12-2024,CUST1021,Customer_0021,P2016,Bedsheet Set,Home & Kitchen,Home Decor,1.00,999.00,999.00,0.10,99.90,899.10,188.81,Gurugram,Haryana,North,Cash on Delivery,Standard,2024,12,December,0.21
ORD101303,19-07-2025,CUST1259,Customer_0259,P2011,Sneakers,Clothing,Footwear,1.00,2499.00,2499.00,0.20,499.80,1999.20,519.79,Lucknow,Uttar Pradesh,North,Credit Card,Standard,2025,7,July,0.26
ORD101606,10-07-2025,CUST1738,Customer_0738,P2013,Mixer Grinder,Home & Kitchen,Kitchen,2.00,3499.00,6998.00,0.20,1399.60,5598.40,1007.71,Bengaluru,Karnataka,South,Cash on Delivery,Same Day,2025,7,July,0.18
ORD103000,21-01-2025,CUST1698,Customer_0698,P2016,Bedsheet Set,Home & Kitchen,Home Decor,1.00,999.00,999.00,0.15,149.85,849.15,165.58,Bengaluru,Karnataka,South,Credit Card,Standard,2025,1,January,0.195
ORD103875,11-04-2025,CUST1736,Customer_0736,P2011,Sneakers,Clothing,Footwear,1.00,2499.00,2499.00,0.00,0.00,2499.00,799.68,Jaipur,Rajasthan,North,Debit Card,Same Day,2025,4,April,0.32
ORD104467,25-11-2024,CUST1307,Customer_0307,P2003,Laptop,Electronics,Computers,2.00,59999.00,119998.00,0.10,11999.80,107998.20,14039.77,Delhi,Delhi,North,UPI,Express,2024,11,November,0.13
ORD104506,12-07-2024,CUST1785,Customer_0785,P2025,Football,Sports,Outdoor,1.00,999.00,999.00,0.20,199.80,799.20,175.82,Kolkata,West Bengal,East,Credit Card,Standard,2024,7,July,0.22
ORD104602,15-12-2025,CUST1333,Customer_0333,P2018,Face Wash,Beauty,Skincare,1.00,399.00,399.00,0.20,79.80,319.20,102.14,Gurugram,Haryana,North,Credit Card,Express,2025,12,December,0.32
ORD104670,01-09-2024,CUST1566,Customer_0566,P2006,Power Bank,Electronics,Accessories,1.00,1499.00,1499.00,0.10,149.90,1349.10,175.38,Lucknow,Uttar Pradesh,North,Net Banking,Standard,2024,9,September,0.13
ORD100761,08-08-2025,CUST1113,Customer_0113,P2011,Sneakers,Clothing,Footwear,2.00,2499.00,4998.00,0.25,1249.50,3748.50,918.38,Gurugram,Haryana,North,Net Banking,Standard,2025,8,August,0.245
ORD100781,27-01-2025,CUST1052,Customer_0052,P2006,Power Bank,Electronics,Accessories,1.00,1499.00,1499.00,0.10,149.90,1349.10,175.38,Bengaluru,Karnataka,South,Credit Card,Standard,2025,1,January,0.13
ORD104554,27-08-2024,CUST1456,Customer_0456,P2020,Shampoo,Beauty,Haircare,1.00,599.00,599.00,0.15,89.85,509.15,170.57,Jaipur,Rajasthan,North,UPI,Standard,2024,8,August,0.335
ORD100177,24-02-2025,CUST1616,Customer_0616,P2003,Laptop,Electronics,Computers,1.00,59999.00,59999.00,0.20,11999.80,47999.20,4799.92,Kolkata,West Bengal,East,Credit Card,Standard,2025,2,February,0.1
ORD101026,14-02-2024,CUST1799,Customer_0799,P2024,Cricket Bat,Sports,Outdoor,1.00,2499.00,2499.00,0.30,749.70,1749.30,332.37,Bengaluru,Karnataka,South,UPI,Standard,2024,2,February,0.19
ORD103844,21-11-2024,CUST1241,Customer_0241,P2007,T-Shirt,Clothing,Men,2.00,799.00,1598.00,0.15,239.70,1358.30,373.53,Noida,Uttar Pradesh,North,Credit Card,Standard,2024,11,November,0.275
ORD104178,29-04-2025,CUST1015,Customer_0015,P2005,Keyboard,Electronics,Accessories,1.00,1299.00,1299.00,0.10,129.90,1169.10,151.98,Chennai,Tamil Nadu,South,Debit Card,Standard,2025,4,April,0.13
ORD104955,23-12-2025,CUST1520,Customer_0520,P2025,Football,Sports,Outdoor,1.00,999.00,999.00,0.05,49.95,949.05,251.50,Kolkata,West Bengal,East,Debit Card,Standard,2025,12,December,0.265
ORD104978,25-01-2025,CUST1572,Customer_0572,P2019,Sunscreen,Beauty,Skincare,1.00,699.00,699.00,0.05,34.95,664.05,242.38,Delhi,Delhi,North,Credit Card,Standard,2025,1,January,0.365
ORD103772,30-01-2025,CUST1253,Customer_0253,P2001,Smartphone,Electronics,Mobiles,1.00,24999.00,24999.00,0.10,2499.90,22499.10,2924.88,Noida,Uttar Pradesh,North,Cash on Delivery,Standard,2025,1,January,0.13
ORD104902,10-11-2025,CUST1480,Customer_0480,P2002,Wireless Earbuds,Electronics,Mobiles,1.00,2999.00,2999.00,0.20,599.80,2399.20,239.92,Lucknow,Uttar Pradesh,North,UPI,Express,2025,11,November,0.1
ORD100457,29-10-2025,CUST1260,Customer_0260,P2006,Power Bank,Electronics,Accessories,1.00,1499.00,1499.00,0.20,299.80,1199.20,119.92,Noida,Uttar Pradesh,North,UPI,Express,2025,10,October,0.1
ORD100794,04-06-2024,CUST1049,Customer_0049,P2016,Bedsheet Set,Home & Kitchen,Home Decor,1.00,999.00,999.00,0.15,149.85,849.15,165.58,Gurugram,Haryana,North,Credit Card,Express,2024,6,June,0.195
ORD101107,22-05-2025,CUST1607,Customer_0607,P2002,Wireless Earbuds,Electronics,Mobiles,1.00,2999.00,2999.00,0.30,899.70,2099.30,146.95,Jaipur,Rajasthan,North,UPI,Express,2025,5,May,0.07
ORD102143,07-02-2024,CUST1032,Customer_0032,P2017,Office Chair,Home & Kitchen,Furniture,4.00,5999.00,23996.00,0.00,0.00,23996.00,5759.04,Noida,Uttar Pradesh,North,UPI,Express,2024,2,February,0.24
ORD102282,09-05-2024,CUST1621,Customer_0621,P2008,Jeans,Clothing,Men,3.00,1799.00,5397.00,0.20,1079.40,4317.60,1122.58,Delhi,Delhi,North,UPI,Express,2024,5,May,0.26
ORD104712,29-05-2025,CUST1775,Customer_0775,P2003,Laptop,Electronics,Computers,1.00,59999.00,59999.00,0.15,8999.85,50999.15,5864.90,Jaipur,Rajasthan,North,UPI,Standard,2025,5,May,0.115
ORD104750,27-08-2025,CUST1108,Customer_0108,P2020,Shampoo,Beauty,Haircare,1.00,599.00,599.00,0.20,119.80,479.20,153.34,Jaipur,Rajasthan,North,Debit Card,Standard,2025,8,August,0.32
ORD104911,05-12-2024,CUST1020,Customer_0020,P2002,Wireless Earbuds,Electronics,Mobiles,1.00,2999.00,2999.00,0.05,149.95,2849.05,413.11,Pune,Maharashtra,West,Debit Card,Express,2024,12,December,0.145
ORD100237,12-04-2024,CUST1394,Customer_0394,P2021,Perfume,Beauty,Fragrance,2.00,1499.00,2998.00,0.20,599.60,2398.40,767.49,Mumbai,Maharashtra,West,UPI,Express,2024,4,April,0.32
ORD101558,26-03-2025,CUST1781,Customer_0781,P2022,Yoga Mat,Sports,Fitness,1.00,899.00,899.00,0.05,44.95,854.05,226.32,Gurugram,Haryana,North,Net Banking,Standard,2025,3,March,0.265
ORD101778,12-04-2024,CUST1086,Customer_0086,P2018,Face Wash,Beauty,Skincare,1.00,399.00,399.00,0.10,39.90,359.10,125.68,Jaipur,Rajasthan,North,Credit Card,Same Day,2024,4,April,0.35
ORD102062,22-06-2025,CUST1541,Customer_0541,P2004,Wireless Mouse,Electronics,Accessories,1.00,899.00,899.00,0.05,44.95,854.05,123.84,Ahmedabad,Gujarat,West,Debit Card,Express,2025,6,June,0.145
ORD102632,12-04-2025,CUST1407,Customer_0407,P2008,Jeans,Clothing,Men,3.00,1799.00,5397.00,0.30,1619.10,3777.90,868.92,Lucknow,Uttar Pradesh,North,UPI,Express,2025,4,April,0.23
ORD102861,16-01-2024,CUST1370,Customer_0370,P2017,Office Chair,Home & Kitchen,Furniture,2.00,5999.00,11998.00,0.20,2399.60,9598.40,1727.71,Jaipur,Rajasthan,North,Net Banking,Express,2024,1,January,0.18
ORD103900,27-05-2024,CUST1564,Customer_0564,P2017,Office Chair,Home & Kitchen,Furniture,2.00,5999.00,11998.00,0.20,2399.60,9598.40,1727.71,Delhi,Delhi,North,Debit Card,Standard,2024,5,May,0.18
ORD103999,23-02-2025,CUST1204,Customer_0204,P2018,Face Wash,Beauty,Skincare,2.00,399.00,798.00,0.20,159.60,638.40,204.29,Kolkata,West Bengal,East,Credit Card,Standard,2025,2,February,0.32
ORD104044,01-11-2025,CUST1790,Customer_0790,P2014,Cookware Set,Home & Kitchen,Kitchen,1.00,2999.00,2999.00,0.05,149.95,2849.05,641.04,Noida,Uttar Pradesh,North,Credit Card,Standard,2025,11,November,0.225
ORD104146,07-06-2024,CUST1042,Customer_0042,P2005,Keyboard,Electronics,Accessories,1.00,1299.00,1299.00,0.15,194.85,1104.15,126.98,Delhi,Delhi,North,UPI,Express,2024,6,June,0.115
ORD104699,17-03-2024,CUST1180,Customer_0180,P2012,Sandals,Clothing,Footwear,3.00,1299.00,3897.00,0.10,389.70,3507.30,1017.12,Lucknow,Uttar Pradesh,North,UPI,Standard,2024,3,March,0.29
ORD100285,25-04-2025,CUST1627,Customer_0627,P2018,Face Wash,Beauty,Skincare,1.00,399.00,399.00,0.00,0.00,399.00,151.62,Bengaluru,Karnataka,South,Credit Card,Standard,2025,4,April,0.38
ORD100881,28-09-2024,CUST1758,Customer_0758,P2001,Smartphone,Electronics,Mobiles,1.00,24999.00,24999.00,0.05,1249.95,23749.05,3443.61,Gurugram,Haryana,North,UPI,Standard,2024,9,September,0.145
ORD101956,12-12-2024,CUST1236,Customer_0236,P2008,Jeans,Clothing,Men,1.00,1799.00,1799.00,0.20,359.80,1439.20,374.19,Lucknow,Uttar Pradesh,North,Cash on Delivery,Standard,2024,12,December,0.26
ORD102630,30-09-2025,CUST1161,Customer_0161,P2005,Keyboard,Electronics,Accessories,1.00,1299.00,1299.00,0.15,194.85,1104.15,126.98,Ahmedabad,Gujarat,West,Debit Card,Express,2025,9,September,0.115
ORD103186,10-12-2025,CUST1377,Customer_0377,P2007,T-Shirt,Clothing,Men,1.00,799.00,799.00,0.05,39.95,759.05,231.51,Ahmedabad,Gujarat,West,Debit Card,Standard,2025,12,December,0.305
ORD103928,11-02-2025,CUST1626,Customer_0626,P2004,Wireless Mouse,Electronics,Accessories,2.00,899.00,1798.00,0.10,179.80,1618.20,210.37,Kolkata,West Bengal,East,UPI,Standard,2025,2,February,0.13
ORD100118,27-10-2025,CUST1571,Customer_0571,P2017,Office Chair,Home & Kitchen,Furniture,2.00,5999.00,11998.00,0.20,2399.60,9598.40,1727.71,Pune,Maharashtra,West,UPI,Standard,2025,10,October,0.18
ORD101581,23-03-2024,CUST1501,Customer_0501,P2008,Jeans,Clothing,Men,2.00,1799.00,3598.00,0.10,359.80,3238.20,939.08,Gurugram,Haryana,North,Debit Card,Standard,2024,3,March,0.29
ORD102272,02-12-2024,CUST1559,Customer_0559,P2016,Bedsheet Set,Home & Kitchen,Home Decor,2.00,999.00,1998.00,0.15,299.70,1698.30,331.17,Delhi,Delhi,North,UPI,Standard,2024,12,December,0.195
ORD102633,21-11-2025,CUST1401,Customer_0401,P2014,Cookware Set,Home & Kitchen,Kitchen,5.00,2999.00,14995.00,0.10,1499.50,13495.50,2834.06,Ahmedabad,Gujarat,West,UPI,Express,2025,11,November,0.21
ORD104195,30-06-2025,CUST1516,Customer_0516,P2019,Sunscreen,Beauty,Skincare,1.00,699.00,699.00,0.05,34.95,664.05,242.38,Bengaluru,Karnataka,South,Credit Card,Express,2025,6,June,0.365
ORD104285,24-01-2025,CUST1684,Customer_0684,P2016,Bedsheet Set,Home & Kitchen,Home Decor,1.00,999.00,999.00,0.15,149.85,849.15,165.58,Lucknow,Uttar Pradesh,North,Credit Card,Express,2025,1,January,0.195
ORD104405,20-11-2024,CUST1454,Customer_0454,P2015,Table Lamp,Home & Kitchen,Home Decor,2.00,1299.00,2598.00,0.10,259.80,2338.20,491.02,Lucknow,Uttar Pradesh,North,UPI,Standard,2024,11,November,0.21
ORD104988,03-10-2025,CUST1046,Customer_0046,P2012,Sandals,Clothing,Footwear,1.00,1299.00,1299.00,0.05,64.95,1234.05,376.39,Delhi,Delhi,North,Credit Card,Same Day,2025,10,October,0.305
ORD104999,14-05-2025,CUST1172,Customer_0172,P2016,Bedsheet Set,Home & Kitchen,Home Decor,1.00,999.00,999.00,0.10,99.90,899.10,188.81,Chennai,Tamil Nadu,South,UPI,Express,2025,5,May,0.21
ORD101072,08-07-2025,CUST1155,Customer_0155,P2007,T-Shirt,Clothing,Men,1.00,799.00,799.00,0.15,119.85,679.15,186.77,Kolkata,West Bengal,East,Credit Card,Standard,2025,7,July,0.275
ORD102054,06-02-2024,CUST1008,Customer_0008,P2009,Kurti,Clothing,Women,3.00,1199.00,3597.00,0.05,179.85,3417.15,1042.23,Jaipur,Rajasthan,North,Cash on Delivery,Standard,2024,2,February,0.305
ORD102311,24-09-2025,CUST1148,Customer_0148,P2008,Jeans,Clothing,Men,1.00,1799.00,1799.00,0.10,179.90,1619.10,469.54,Chennai,Tamil Nadu,South,UPI,Express,2025,9,September,0.29
ORD102834,11-03-2024,CUST1169,Customer_0169,P2009,Kurti,Clothing,Women,2.00,1199.00,2398.00,0.10,239.80,2158.20,625.88,Delhi,Delhi,North,UPI,Standard,2024,3,March,0.29
ORD104929,28-08-2024,CUST1542,Customer_0542,P2007,T-Shirt,Clothing,Men,2.00,799.00,1598.00,0.10,159.80,1438.20,417.08,Kolkata,West Bengal,East,Credit Card,Express,2024,8,August,0.29
ORD101124,08-10-2025,CUST1735,Customer_0735,P2018,Face Wash,Beauty,Skincare,2.00,399.00,798.00,0.10,79.80,718.20,251.37,Delhi,Delhi,North,Credit Card,Standard,2025,10,October,0.35
ORD101162,01-12-2025,CUST1052,Customer_0052,P2011,Sneakers,Clothing,Footwear,2.00,2499.00,4998.00,0.15,749.70,4248.30,1168.28,Kolkata,West Bengal,East,UPI,Same Day,2025,12,December,0.275
ORD101710,21-10-2024,CUST1474,Customer_0474,P2009,Kurti,Clothing,Women,2.00,1199.00,2398.00,0.10,239.80,2158.20,625.88,Mumbai,Maharashtra,West,Net Banking,Standard,2024,10,October,0.29
ORD103259,20-08-2024,CUST1434,Customer_0434,P2023,Dumbbells,Sports,Fitness,1.00,1599.00,1599.00,0.10,159.90,1439.10,359.78,Delhi,Delhi,North,UPI,Same Day,2024,8,August,0.25
ORD103567,02-04-2024,CUST1155,Customer_0155,P2021,Perfume,Beauty,Fragrance,2.00,1499.00,2998.00,0.15,449.70,2548.30,853.68,Ahmedabad,Gujarat,West,Cash on Delivery,Express,2024,4,April,0.335
ORD100950,20-03-2025,CUST1608,Customer_0608,P2002,Wireless Earbuds,Electronics,Mobiles,1.00,2999.00,2999.00,0.10,299.90,2699.10,350.88,Hyderabad,Telangana,South,Debit Card,Express,2025,3,March,0.13
ORD100984,10-04-2024,CUST1215,Customer_0215,P2016,Bedsheet Set,Home & Kitchen,Home Decor,1.00,999.00,999.00,0.00,0.00,999.00,239.76,Pune,Maharashtra,West,UPI,Standard,2024,4,April,0.24
ORD101209,10-10-2025,CUST1005,Customer_0005,P2025,Football,Sports,Outdoor,3.00,999.00,2997.00,0.25,749.25,2247.75,460.79,Kolkata,West Bengal,East,UPI,Standard,2025,10,October,0.205
ORD102173,21-12-2025,CUST1740,Customer_0740,P2022,Yoga Mat,Sports,Fitness,1.00,899.00,899.00,0.10,89.90,809.10,202.28,Chennai,Tamil Nadu,South,Credit Card,Standard,2025,12,December,0.25
ORD103086,12-04-2024,CUST1636,Customer_0636,P2004,Wireless Mouse,Electronics,Accessories,2.00,899.00,1798.00,0.10,179.80,1618.20,210.37,Lucknow,Uttar Pradesh,North,UPI,Standard,2024,4,April,0.13
ORD103337,30-03-2025,CUST1406,Customer_0406,P2004,Wireless Mouse,Electronics,Accessories,3.00,899.00,2697.00,0.30,809.10,1887.90,132.15,Noida,Uttar Pradesh,North,Debit Card,Express,2025,3,March,0.07
ORD103452,19-06-2024,CUST1013,Customer_0013,P2006,Power Bank,Electronics,Accessories,1.00,1499.00,1499.00,0.15,224.85,1274.15,146.53,Delhi,Delhi,North,Debit Card,Express,2024,6,June,0.115
ORD103702,11-12-2025,CUST1227,Customer_0227,P2020,Shampoo,Beauty,Haircare,1.00,599.00,599.00,0.00,0.00,599.00,227.62,Gurugram,Haryana,North,Credit Card,Express,2025,12,December,0.38
ORD104778,02-11-2024,CUST1397,Customer_0397,P2004,Wireless Mouse,Electronics,Accessories,1.00,899.00,899.00,0.10,89.90,809.10,105.18,Lucknow,Uttar Pradesh,North,Credit Card,Standard,2024,11,November,0.13
ORD101101,30-01-2024,CUST1232,Customer_0232,P2020,Shampoo,Beauty,Haircare,1.00,599.00,599.00,0.05,29.95,569.05,207.70,Kolkata,West Bengal,East,UPI,Standard,2024,1,January,0.365
ORD101132,17-02-2024,CUST1245,Customer_0245,P2016,Bedsheet Set,Home & Kitchen,Home Decor,2.00,999.00,1998.00,0.15,299.70,1698.30,331.17,Noida,Uttar Pradesh,North,Credit Card,Same Day,2024,2,February,0.195
ORD101269,28-11-2024,CUST1760,Customer_0760,P2009,Kurti,Clothing,Women,1.00,1199.00,1199.00,0.15,179.85,1019.15,280.27,Lucknow,Uttar Pradesh,North,Credit Card,Standard,2024,11,November,0.275
ORD101635,27-02-2024,CUST1199,Customer_0199,P2008,Jeans,Clothing,Men,1.00,1799.00,1799.00,0.00,0.00,1799.00,575.68,Bengaluru,Karnataka,South,Credit Card,Standard,2024,2,February,0.32
ORD103010,27-10-2024,CUST1560,Customer_0560,P2012,Sandals,Clothing,Footwear,3.00,1299.00,3897.00,0.10,389.70,3507.30,1017.12,Delhi,Delhi,North,UPI,Standard,2024,10,October,0.29
ORD103646,02-01-2025,CUST1018,Customer_0018,P2005,Keyboard,Electronics,Accessories,1.00,1299.00,1299.00,0.05,64.95,1234.05,178.94,Pune,Maharashtra,West,Credit Card,Standard,2025,1,January,0.145
ORD100197,18-01-2025,CUST1506,Customer_0506,P2005,Keyboard,Electronics,Accessories,2.00,1299.00,2598.00,0.10,259.80,2338.20,303.97,Gurugram,Haryana,North,Debit Card,Express,2025,1,January,0.13
ORD100223,17-03-2025,CUST1239,Customer_0239,P2002,Wireless Earbuds,Electronics,Mobiles,1.00,2999.00,2999.00,0.30,899.70,2099.30,146.95,Kolkata,West Bengal,East,Credit Card,Standard,2025,3,March,0.07
ORD100834,29-05-2024,CUST1763,Customer_0763,P2015,Table Lamp,Home & Kitchen,Home Decor,1.00,1299.00,1299.00,0.15,194.85,1104.15,215.31,Lucknow,Uttar Pradesh,North,Debit Card,Express,2024,5,May,0.195
ORD101576,07-09-2024,CUST1073,Customer_0073,P2001,Smartphone,Electronics,Mobiles,1.00,24999.00,24999.00,0.10,2499.90,22499.10,2924.88,Kolkata,West Bengal,East,Debit Card,Standard,2024,9,September,0.13
ORD102165,27-06-2025,CUST1767,Customer_0767,P2005,Keyboard,Electronics,Accessories,1.00,1299.00,1299.00,0.00,0.00,1299.00,207.84,Jaipur,Rajasthan,North,Net Banking,Same Day,2025,6,June,0.16
ORD104515,25-02-2025,CUST1374,Customer_0374,P2005,Keyboard,Electronics,Accessories,4.00,1299.00,5196.00,0.10,519.60,4676.40,607.93,Jaipur,Rajasthan,North,UPI,Standard,2025,2,February,0.13
ORD100550,02-08-2025,CUST1567,Customer_0567,P2010,Dress,Clothing,Women,1.00,1999.00,1999.00,0.25,499.75,1499.25,367.32,Chennai,Tamil Nadu,South,Credit Card,Express,2025,8,August,0.245
ORD101098,29-11-2025,CUST1004,Customer_0004,P2004,Wireless Mouse,Electronics,Accessories,3.00,899.00,2697.00,0.15,404.55,2292.45,263.63,Bengaluru,Karnataka,South,Cash on Delivery,Standard,2025,11,November,0.115
ORD101950,03-07-2024,CUST1535,Customer_0535,P2021,Perfume,Beauty,Fragrance,1.00,1499.00,1499.00,0.00,0.00,1499.00,569.62,Jaipur,Rajasthan,North,Credit Card,Standard,2024,7,July,0.38
ORD102213,23-06-2024,CUST1587,Customer_0587,P2004,Wireless Mouse,Electronics,Accessories,1.00,899.00,899.00,0.20,179.80,719.20,71.92,Hyderabad,Telangana,South,Credit Card,Standard,2024,6,June,0.1
ORD102393,28-06-2024,CUST1686,Customer_0686,P2004,Wireless Mouse,Electronics,Accessories,4.00,899.00,3596.00,0.30,1078.80,2517.20,176.20,Hyderabad,Telangana,South,Credit Card,Standard,2024,6,June,0.07
ORD102513,21-03-2024,CUST1121,Customer_0121,P2010,Dress,Clothing,Women,1.00,1999.00,1999.00,0.25,499.75,1499.25,367.32,Delhi,Delhi,North,Net Banking,Express,2024,3,March,0.245
ORD103234,16-09-2025,CUST1144,Customer_0144,P2014,Cookware Set,Home & Kitchen,Kitchen,2.00,2999.00,5998.00,0.15,899.70,5098.30,994.17,Delhi,Delhi,North,UPI,Express,2025,9,September,0.195
ORD104952,26-01-2025,CUST1035,Customer_0035,P2003,Laptop,Electronics,Computers,5.00,59999.00,299995.00,0.05,14999.75,284995.25,41324.31,Noida,Uttar Pradesh,North,Credit Card,Standard,2025,1,January,0.145
ORD104996,26-09-2025,CUST1634,Customer_0634,P2008,Jeans,Clothing,Men,1.00,1799.00,1799.00,0.20,359.80,1439.20,374.19,Gurugram,Haryana,North,Cash on Delivery,Standard,2025,9,September,0.26
ORD100231,30-11-2025,CUST1220,Customer_0220,P2008,Jeans,Clothing,Men,2.00,1799.00,3598.00,0.30,1079.40,2518.60,579.28,Noida,Uttar Pradesh,North,Cash on Delivery,Standard,2025,11,November,0.23
ORD100615,03-09-2024,CUST1393,Customer_0393,P2008,Jeans,Clothing,Men,2.00,1799.00,3598.00,0.05,179.90,3418.10,1042.52,Gurugram,Haryana,North,UPI,Standard,2024,9,September,0.305
ORD100736,24-05-2025,CUST1663,Customer_0663,P2019,Sunscreen,Beauty,Skincare,2.00,699.00,1398.00,0.20,279.60,1118.40,357.89,Hyderabad,Telangana,South,Net Banking,Standard,2025,5,May,0.32
ORD100916,20-08-2025,CUST1628,Customer_0628,P2002,Wireless Earbuds,Electronics,Mobiles,5.00,2999.00,14995.00,0.10,1499.50,13495.50,1754.42,Chennai,Tamil Nadu,South,Credit Card,Standard,2025,8,August,0.13
ORD101071,26-05-2024,CUST1080,Customer_0080,P2018,Face Wash,Beauty,Skincare,1.00,399.00,399.00,0.05,19.95,379.05,138.35,Lucknow,Uttar Pradesh,North,Cash on Delivery,Standard,2024,5,May,0.365
ORD102263,25-08-2024,CUST1392,Customer_0392,P2014,Cookware Set,Home & Kitchen,Kitchen,1.00,2999.00,2999.00,0.15,449.85,2549.15,497.08,Jaipur,Rajasthan,North,Cash on Delivery,Standard,2024,8,August,0.195
ORD102330,17-04-2025,CUST1601,Customer_0601,P2012,Sandals,Clothing,Footwear,1.00,1299.00,1299.00,0.15,194.85,1104.15,303.64,Pune,Maharashtra,West,Credit Card,Standard,2025,4,April,0.275
ORD102547,15-10-2025,CUST1156,Customer_0156,P2024,Cricket Bat,Sports,Outdoor,1.00,2499.00,2499.00,0.10,249.90,2249.10,562.28,Chennai,Tamil Nadu,South,Credit Card,Standard,2025,10,October,0.25
ORD102817,17-09-2024,CUST1696,Customer_0696,P2009,Kurti,Clothing,Women,1.00,1199.00,1199.00,0.15,179.85,1019.15,280.27,Hyderabad,Telangana,South,Debit Card,Standard,2024,9,September,0.275
ORD102822,15-04-2025,CUST1745,Customer_0745,P2022,Yoga Mat,Sports,Fitness,2.00,899.00,1798.00,0.30,539.40,1258.60,239.13,Mumbai,Maharashtra,West,UPI,Standard,2025,4,April,0.19
ORD103381,18-09-2024,CUST1276,Customer_0276,P2004,Wireless Mouse,Electronics,Accessories,1.00,899.00,899.00,0.05,44.95,854.05,123.84,Pune,Maharashtra,West,Credit Card,Standard,2024,9,September,0.145
ORD103394,13-11-2025,CUST1560,Customer_0560,P2014,Cookware Set,Home & Kitchen,Kitchen,1.00,2999.00,2999.00,0.10,299.90,2699.10,566.81,Jaipur,Rajasthan,North,Credit Card,Same Day,2025,11,November,0.21
ORD103474,10-01-2024,CUST1791,Customer_0791,P2023,Dumbbells,Sports,Fitness,1.00,1599.00,1599.00,0.05,79.95,1519.05,402.55,Chennai,Tamil Nadu,South,UPI,Standard,2024,1,January,0.265
ORD104490,21-04-2025,CUST1306,Customer_0306,P2003,Laptop,Electronics,Computers,1.00,59999.00,59999.00,0.00,0.00,59999.00,9599.84,Noida,Uttar Pradesh,North,Credit Card,Express,2025,4,April,0.16
ORD103190,21-10-2024,CUST1108,Customer_0108,P2014,Cookware Set,Home & Kitchen,Kitchen,3.00,2999.00,8997.00,0.15,1349.55,7647.45,1491.25,Noida,Uttar Pradesh,North,Net Banking,Standard,2024,10,October,0.195
ORD103277,24-11-2025,CUST1141,Customer_0141,P2014,Cookware Set,Home & Kitchen,Kitchen,1.00,2999.00,2999.00,0.25,749.75,2249.25,371.13,Jaipur,Rajasthan,North,UPI,Standard,2025,11,November,0.165
ORD104510,13-07-2025,CUST1432,Customer_0432,P2018,Face Wash,Beauty,Skincare,2.00,399.00,798.00,0.15,119.70,678.30,227.23,Bengaluru,Karnataka,South,Debit Card,Standard,2025,7,July,0.335
ORD100244,10-06-2024,CUST1006,Customer_0006,P2024,Cricket Bat,Sports,Outdoor,5.00,2499.00,12495.00,0.15,1874.25,10620.75,2495.88,Noida,Uttar Pradesh,North,Net Banking,Standard,2024,6,June,0.235
ORD100310,16-03-2024,CUST1056,Customer_0056,P2017,Office Chair,Home & Kitchen,Furniture,1.00,5999.00,5999.00,0.00,0.00,5999.00,1439.76,Jaipur,Rajasthan,North,Credit Card,Express,2024,3,March,0.24
ORD100529,28-03-2025,CUST1367,Customer_0367,P2007,T-Shirt,Clothing,Men,1.00,799.00,799.00,0.05,39.95,759.05,231.51,Gurugram,Haryana,North,Credit Card,Same Day,2025,3,March,0.305
ORD100869,19-12-2024,CUST1578,Customer_0578,P2004,Wireless Mouse,Electronics,Accessories,1.00,899.00,899.00,0.05,44.95,854.05,123.84,Lucknow,Uttar Pradesh,North,UPI,Standard,2024,12,December,0.145
ORD101482,24-08-2025,CUST1663,Customer_0663,P2001,Smartphone,Electronics,Mobiles,2.00,24999.00,49998.00,0.05,2499.90,47498.10,6887.22,Gurugram,Haryana,North,Credit Card,Standard,2025,8,August,0.145
ORD101794,02-11-2024,CUST1509,Customer_0509,P2005,Keyboard,Electronics,Accessories,3.00,1299.00,3897.00,0.20,779.40,3117.60,311.76,Gurugram,Haryana,North,Debit Card,Express,2024,11,November,0.1
ORD103417,16-10-2025,CUST1788,Customer_0788,P2015,Table Lamp,Home & Kitchen,Home Decor,1.00,1299.00,1299.00,0.15,194.85,1104.15,215.31,Pune,Maharashtra,West,Net Banking,Standard,2025,10,October,0.195
ORD104020,10-03-2025,CUST1437,Customer_0437,P2010,Dress,Clothing,Women,2.00,1999.00,3998.00,0.00,0.00,3998.00,1279.36,Hyderabad,Telangana,South,Net Banking,Express,2025,3,March,0.32
ORD104697,07-12-2025,CUST1354,Customer_0354,P2019,Sunscreen,Beauty,Skincare,1.00,699.00,699.00,0.00,0.00,699.00,265.62,Chennai,Tamil Nadu,South,Cash on Delivery,Express,2025,12,December,0.38
ORD100658,13-09-2024,CUST1747,Customer_0747,P2023,Dumbbells,Sports,Fitness,4.00,1599.00,6396.00,0.05,319.80,6076.20,1610.19,Bengaluru,Karnataka,South,Debit Card,Standard,2024,9,September,0.265
ORD100754,12-04-2025,CUST1730,Customer_0730,P2012,Sandals,Clothing,Footwear,1.00,1299.00,1299.00,0.05,64.95,1234.05,376.39,Mumbai,Maharashtra,West,UPI,Standard,2025,4,April,0.305
ORD100959,05-11-2024,CUST1779,Customer_0779,P2007,T-Shirt,Clothing,Men,1.00,799.00,799.00,0.05,39.95,759.05,231.51,Gurugram,Haryana,North,Credit Card,Standard,2024,11,November,0.305
ORD101876,22-07-2024,CUST1617,Customer_0617,P2002,Wireless Earbuds,Electronics,Mobiles,1.00,2999.00,2999.00,0.10,299.90,2699.10,350.88,Chennai,Tamil Nadu,South,UPI,Standard,2024,7,July,0.13
ORD101917,28-01-2025,CUST1623,Customer_0623,P2013,Mixer Grinder,Home & Kitchen,Kitchen,1.00,3499.00,3499.00,0.10,349.90,3149.10,661.31,Jaipur,Rajasthan,North,UPI,Express,2025,1,January,0.21
ORD102107,09-05-2025,CUST1495,Customer_0495,P2012,Sandals,Clothing,Footwear,2.00,1299.00,2598.00,0.05,129.90,2468.10,752.77,Jaipur,Rajasthan,North,Net Banking,Express,2025,5,May,0.305
ORD102149,19-04-2024,CUST1625,Customer_0625,P2011,Sneakers,Clothing,Footwear,1.00,2499.00,2499.00,0.15,374.85,2124.15,584.14,Gurugram,Haryana,North,UPI,Standard,2024,4,April,0.275
ORD102582,30-08-2024,CUST1033,Customer_0033,P2002,Wireless Earbuds,Electronics,Mobiles,1.00,2999.00,2999.00,0.20,599.80,2399.20,239.92,Chennai,Tamil Nadu,South,UPI,Express,2024,8,August,0.1
ORD103435,25-01-2025,CUST1297,Customer_0297,P2005,Keyboard,Electronics,Accessories,2.00,1299.00,2598.00,0.30,779.40,1818.60,127.30,Mumbai,Maharashtra,West,Credit Card,Express,2025,1,January,0.07
ORD103725,08-08-2025,CUST1527,Customer_0527,P2013,Mixer Grinder,Home & Kitchen,Kitchen,1.00,3499.00,3499.00,0.10,349.90,3149.10,661.31,Pune,Maharashtra,West,Credit Card,Express,2025,8,August,0.21
ORD104317,02-01-2025,CUST1045,Customer_0045,P2003,Laptop,Electronics,Computers,1.00,59999.00,59999.00,0.15,8999.85,50999.15,5864.90,Bengaluru,Karnataka,South,Debit Card,Standard,2025,1,January,0.115
ORD104482,11-08-2025,CUST1264,Customer_0264,P2004,Wireless Mouse,Electronics,Accessories,3.00,899.00,2697.00,0.05,134.85,2562.15,371.51,Jaipur,Rajasthan,North,Cash on Delivery,Express,2025,8,August,0.145
ORD104686,29-10-2024,CUST1153,Customer_0153,P2019,Sunscreen,Beauty,Skincare,2.00,699.00,1398.00,0.10,139.80,1258.20,440.37,Noida,Uttar Pradesh,North,UPI,Standard,2024,10,October,0.35
ORD100109,17-12-2025,CUST1662,Customer_0662,P2010,Dress,Clothing,Women,1.00,1999.00,1999.00,0.10,199.90,1799.10,521.74,Delhi,Delhi,North,Credit Card,Same Day,2025,12,December,0.29
ORD100179,29-10-2024,CUST1209,Customer_0209,P2023,Dumbbells,Sports,Fitness,2.00,1599.00,3198.00,0.20,639.60,2558.40,562.85,Noida,Uttar Pradesh,North,Net Banking,Express,2024,10,October,0.22
ORD101680,23-01-2024,CUST1056,Customer_0056,P2010,Dress,Clothing,Women,1.00,1999.00,1999.00,0.20,399.80,1599.20,415.79,Jaipur,Rajasthan,North,UPI,Standard,2024,1,January,0.26
ORD102112,05-11-2025,CUST1273,Customer_0273,P2002,Wireless Earbuds,Electronics,Mobiles,2.00,2999.00,5998.00,0.10,599.80,5398.20,701.77,Ahmedabad,Gujarat,West,Debit Card,Express,2025,11,November,0.13
ORD102969,09-02-2025,CUST1276,Customer_0276,P2006,Power Bank,Electronics,Accessories,1.00,1499.00,1499.00,0.15,224.85,1274.15,146.53,Jaipur,Rajasthan,North,Debit Card,Standard,2025,2,February,0.115
ORD103052,08-10-2024,CUST1200,Customer_0200,P2005,Keyboard,Electronics,Accessories,1.00,1299.00,1299.00,0.10,129.90,1169.10,151.98,Bengaluru,Karnataka,South,UPI,Express,2024,10,October,0.13
ORD103324,09-01-2024,CUST1279,Customer_0279,P2007,T-Shirt,Clothing,Men,1.00,799.00,799.00,0.05,39.95,759.05,231.51,Gurugram,Haryana,North,Debit Card,Express,2024,1,January,0.305
ORD100963,02-08-2025,CUST1579,Customer_0579,P2016,Bedsheet Set,Home & Kitchen,Home Decor,2.00,999.00,1998.00,0.10,199.80,1798.20,377.62,Kolkata,West Bengal,East,Credit Card,Standard,2025,8,August,0.21
ORD101085,03-12-2025,CUST1747,Customer_0747,P2005,Keyboard,Electronics,Accessories,1.00,1299.00,1299.00,0.15,194.85,1104.15,126.98,Gurugram,Haryana,North,Net Banking,Express,2025,12,December,0.115
ORD102238,20-02-2024,CUST1181,Customer_0181,P2010,Dress,Clothing,Women,1.00,1999.00,1999.00,0.15,299.85,1699.15,467.27,Jaipur,Rajasthan,North,Net Banking,Standard,2024,2,February,0.275
ORD102312,12-09-2025,CUST1196,Customer_0196,P2004,Wireless Mouse,Electronics,Accessories,1.00,899.00,899.00,0.00,0.00,899.00,143.84,Delhi,Delhi,North,UPI,Same Day,2025,9,September,0.16
ORD103323,23-05-2025,CUST1336,Customer_0336,P2006,Power Bank,Electronics,Accessories,1.00,1499.00,1499.00,0.05,74.95,1424.05,206.49,Chennai,Tamil Nadu,South,UPI,Same Day,2025,5,May,0.145
ORD103390,20-10-2024,CUST1547,Customer_0547,P2003,Laptop,Electronics,Computers,1.00,59999.00,59999.00,0.00,0.00,59999.00,9599.84,Ahmedabad,Gujarat,West,Net Banking,Standard,2024,10,October,0.16
ORD104135,23-08-2024,CUST1564,Customer_0564,P2022,Yoga Mat,Sports,Fitness,1.00,899.00,899.00,0.15,134.85,764.15,179.58,Pune,Maharashtra,West,Credit Card,Standard,2024,8,August,0.235
ORD104423,13-09-2025,CUST1664,Customer_0664,P2006,Power Bank,Electronics,Accessories,3.00,1499.00,4497.00,0.10,449.70,4047.30,526.15,Mumbai,Maharashtra,West,UPI,Express,2025,9,September,0.13
ORD104507,26-12-2024,CUST1586,Customer_0586,P2004,Wireless Mouse,Electronics,Accessories,3.00,899.00,2697.00,0.20,539.40,2157.60,215.76,Bengaluru,Karnataka,South,Credit Card,Standard,2024,12,December,0.1
ORD104562,12-08-2024,CUST1759,Customer_0759,P2016,Bedsheet Set,Home & Kitchen,Home Decor,2.00,999.00,1998.00,0.10,199.80,1798.20,377.62,Hyderabad,Telangana,South,UPI,Standard,2024,8,August,0.21
ORD104643,13-10-2025,CUST1418,Customer_0418,P2010,Dress,Clothing,Women,2.00,1999.00,3998.00,0.10,399.80,3598.20,1043.48,Noida,Uttar Pradesh,North,UPI,Standard,2025,10,October,0.29
ORD100697,13-07-2024,CUST1010,Customer_0010,P2022,Yoga Mat,Sports,Fitness,1.00,899.00,899.00,0.15,134.85,764.15,179.58,Pune,Maharashtra,West,Credit Card,Express,2024,7,July,0.235
ORD100765,27-09-2025,CUST1525,Customer_0525,P2018,Face Wash,Beauty,Skincare,1.00,399.00,399.00,0.15,59.85,339.15,113.62,Hyderabad,Telangana,South,Debit Card,Express,2025,9,September,0.335
ORD100868,13-09-2024,CUST1354,Customer_0354,P2022,Yoga Mat,Sports,Fitness,1.00,899.00,899.00,0.05,44.95,854.05,226.32,Pune,Maharashtra,West,UPI,Standard,2024,9,September,0.265
ORD101285,25-11-2025,CUST1577,Customer_0577,P2013,Mixer Grinder,Home & Kitchen,Kitchen,1.00,3499.00,3499.00,0.00,0.00,3499.00,839.76,Noida,Uttar Pradesh,North,Credit Card,Express,2025,11,November,0.24
ORD102214,06-11-2025,CUST1757,Customer_0757,P2015,Table Lamp,Home & Kitchen,Home Decor,3.00,1299.00,3897.00,0.15,584.55,3312.45,645.93,Chennai,Tamil Nadu,South,Credit Card,Standard,2025,11,November,0.195
ORD102585,28-11-2025,CUST1455,Customer_0455,P2006,Power Bank,Electronics,Accessories,3.00,1499.00,4497.00,0.10,449.70,4047.30,526.15,Pune,Maharashtra,West,Debit Card,Standard,2025,11,November,0.13
ORD102735,20-05-2024,CUST1220,Customer_0220,P2001,Smartphone,Electronics,Mobiles,1.00,24999.00,24999.00,0.05,1249.95,23749.05,3443.61,Kolkata,West Bengal,East,Net Banking,Standard,2024,5,May,0.145
ORD104209,05-10-2025,CUST1647,Customer_0647,P2012,Sandals,Clothing,Footwear,4.00,1299.00,5196.00,0.25,1299.00,3897.00,954.76,Kolkata,West Bengal,East,UPI,Standard,2025,10,October,0.245
ORD100189,09-04-2024,CUST1592,Customer_0592,P2011,Sneakers,Clothing,Footwear,2.00,2499.00,4998.00,0.00,0.00,4998.00,1599.36,Lucknow,Uttar Pradesh,North,Credit Card,Express,2024,4,April,0.32
ORD100510,04-10-2025,CUST1637,Customer_0637,P2004,Wireless Mouse,Electronics,Accessories,1.00,899.00,899.00,0.25,224.75,674.25,57.31,Lucknow,Uttar Pradesh,North,Net Banking,Standard,2025,10,October,0.085
ORD100587,23-10-2025,CUST1369,Customer_0369,P2010,Dress,Clothing,Women,3.00,1999.00,5997.00,0.30,1799.10,4197.90,965.52,Lucknow,Uttar Pradesh,North,UPI,Express,2025,10,October,0.23
ORD101031,10-02-2024,CUST1521,Customer_0521,P2012,Sandals,Clothing,Footwear,1.00,1299.00,1299.00,0.10,129.90,1169.10,339.04,Mumbai,Maharashtra,West,Debit Card,Standard,2024,2,February,0.29
ORD101800,12-11-2024,CUST1011,Customer_0011,P2006,Power Bank,Electronics,Accessories,1.00,1499.00,1499.00,0.05,74.95,1424.05,206.49,Ahmedabad,Gujarat,West,UPI,Standard,2024,11,November,0.145
ORD102522,27-03-2025,CUST1081,Customer_0081,P2024,Cricket Bat,Sports,Outdoor,1.00,2499.00,2499.00,0.00,0.00,2499.00,699.72,Ahmedabad,Gujarat,West,Net Banking,Standard,2025,3,March,0.28
ORD102963,04-02-2024,CUST1550,Customer_0550,P2008,Jeans,Clothing,Men,3.00,1799.00,5397.00,0.05,269.85,5127.15,1563.78,Lucknow,Uttar Pradesh,North,UPI,Standard,2024,2,February,0.305
ORD103530,16-08-2025,CUST1083,Customer_0083,P2001,Smartphone,Electronics,Mobiles,1.00,24999.00,24999.00,0.10,2499.90,22499.10,2924.88,Hyderabad,Telangana,South,Debit Card,Express,2025,8,August,0.13
ORD101556,08-01-2025,CUST1121,Customer_0121,P2004,Wireless Mouse,Electronics,Accessories,4.00,899.00,3596.00,0.10,359.60,3236.40,420.73,Lucknow,Uttar Pradesh,North,Debit Card,Standard,2025,1,January,0.13
ORD102134,14-05-2024,CUST1069,Customer_0069,P2020,Shampoo,Beauty,Haircare,2.00,599.00,1198.00,0.15,179.70,1018.30,341.13,Delhi,Delhi,North,UPI,Standard,2024,5,May,0.335
ORD103529,02-04-2024,CUST1628,Customer_0628,P2002,Wireless Earbuds,Electronics,Mobiles,2.00,2999.00,5998.00,0.10,599.80,5398.20,701.77,Lucknow,Uttar Pradesh,North,Debit Card,Express,2024,4,April,0.13
ORD104208,29-10-2024,CUST1192,Customer_0192,P2005,Keyboard,Electronics,Accessories,1.00,1299.00,1299.00,0.05,64.95,1234.05,178.94,Bengaluru,Karnataka,South,Credit Card,Express,2024,10,October,0.145
ORD100809,30-11-2024,CUST1404,Customer_0404,P2016,Bedsheet Set,Home & Kitchen,Home Decor,1.00,999.00,999.00,0.20,199.80,799.20,143.86,Lucknow,Uttar Pradesh,North,Debit Card,Standard,2024,11,November,0.18
ORD101841,01-03-2025,CUST1711,Customer_0711,P2016,Bedsheet Set,Home & Kitchen,Home Decor,1.00,999.00,999.00,0.10,99.90,899.10,188.81,Ahmedabad,Gujarat,West,Net Banking,Standard,2025,3,March,0.21
ORD103262,28-06-2024,CUST1604,Customer_0604,P2013,Mixer Grinder,Home & Kitchen,Kitchen,1.00,3499.00,3499.00,0.15,524.85,2974.15,579.96,Lucknow,Uttar Pradesh,North,Net Banking,Standard,2024,6,June,0.195
ORD103531,24-07-2024,CUST1227,Customer_0227,P2025,Football,Sports,Outdoor,1.00,999.00,999.00,0.20,199.80,799.20,175.82,Pune,Maharashtra,West,Net Banking,Standard,2024,7,July,0.22
ORD104811,15-05-2024,CUST1718,Customer_0718,P2023,Dumbbells,Sports,Fitness,3.00,1599.00,4797.00,0.10,479.70,4317.30,1079.32,Mumbai,Maharashtra,West,Credit Card,Standard,2024,5,May,0.25
ORD104984,06-07-2025,CUST1037,Customer_0037,P2013,Mixer Grinder,Home & Kitchen,Kitchen,2.00,3499.00,6998.00,0.00,0.00,6998.00,1679.52,Ahmedabad,Gujarat,West,Net Banking,Same Day,2025,7,July,0.24
ORD100074,09-01-2025,CUST1265,Customer_0265,P2007,T-Shirt,Clothing,Men,2.00,799.00,1598.00,0.15,239.70,1358.30,373.53,Lucknow,Uttar Pradesh,North,Cash on Delivery,Express,2025,1,January,0.275
ORD100830,27-06-2025,CUST1668,Customer_0668,P2003,Laptop,Electronics,Computers,1.00,59999.00,59999.00,0.15,8999.85,50999.15,5864.90,Chennai,Tamil Nadu,South,UPI,Standard,2025,6,June,0.115
ORD102342,28-05-2025,CUST1071,Customer_0071,P2022,Yoga Mat,Sports,Fitness,4.00,899.00,3596.00,0.15,539.40,3056.60,718.30,Noida,Uttar Pradesh,North,UPI,Express,2025,5,May,0.235
ORD102939,06-10-2024,CUST1651,Customer_0651,P2006,Power Bank,Electronics,Accessories,1.00,1499.00,1499.00,0.05,74.95,1424.05,206.49,Lucknow,Uttar Pradesh,North,Net Banking,Express,2024,10,October,0.145
ORD103807,17-06-2024,CUST1721,Customer_0721,P2010,Dress,Clothing,Women,3.00,1999.00,5997.00,0.10,599.70,5397.30,1565.22,Chennai,Tamil Nadu,South,Debit Card,Standard,2024,6,June,0.29
ORD100465,20-09-2024,CUST1342,Customer_0342,P2013,Mixer Grinder,Home & Kitchen,Kitchen,1.00,3499.00,3499.00,0.10,349.90,3149.10,661.31,Jaipur,Rajasthan,North,UPI,Standard,2024,9,September,0.21
ORD100571,08-05-2025,CUST1764,Customer_0764,P2016,Bedsheet Set,Home & Kitchen,Home Decor,2.00,999.00,1998.00,0.10,199.80,1798.20,377.62,Ahmedabad,Gujarat,West,Debit Card,Standard,2025,5,May,0.21
ORD100701,29-10-2024,CUST1665,Customer_0665,P2008,Jeans,Clothing,Men,1.00,1799.00,1799.00,0.25,449.75,1349.25,330.57,Lucknow,Uttar Pradesh,North,UPI,Standard,2024,10,October,0.245
ORD101154,12-12-2024,CUST1017,Customer_0017,P2011,Sneakers,Clothing,Footwear,1.00,2499.00,2499.00,0.10,249.90,2249.10,652.24,Mumbai,Maharashtra,West,UPI,Standard,2024,12,December,0.29
ORD102788,27-04-2024,CUST1608,Customer_0608,P2009,Kurti,Clothing,Women,2.00,1199.00,2398.00,0.15,359.70,2038.30,560.53,Jaipur,Rajasthan,North,UPI,Express,2024,4,April,0.275
ORD103237,24-04-2025,CUST1284,Customer_0284,P2002,Wireless Earbuds,Electronics,Mobiles,1.00,2999.00,2999.00,0.05,149.95,2849.05,413.11,Noida,Uttar Pradesh,North,Net Banking,Standard,2025,4,April,0.145
ORD103634,18-03-2024,CUST1386,Customer_0386,P2022,Yoga Mat,Sports,Fitness,1.00,899.00,899.00,0.15,134.85,764.15,179.58,Delhi,Delhi,North,Debit Card,Standard,2024,3,March,0.235
ORD104962,24-05-2024,CUST1669,Customer_0669,P2018,Face Wash,Beauty,Skincare,3.00,399.00,1197.00,0.10,119.70,1077.30,377.05,Lucknow,Uttar Pradesh,North,Debit Card,Express,2024,5,May,0.35
ORD104963,19-08-2024,CUST1068,Customer_0068,P2014,Cookware Set,Home & Kitchen,Kitchen,1.00,2999.00,2999.00,0.20,599.80,2399.20,431.86,Delhi,Delhi,North,Credit Card,Standard,2024,8,August,0.18
ORD100395,23-11-2025,CUST1109,Customer_0109,P2025,Football,Sports,Outdoor,1.00,999.00,999.00,0.20,199.80,799.20,175.82,Hyderabad,Telangana,South,Cash on Delivery,Express,2025,11,November,0.22
ORD100790,21-11-2025,CUST1730,Customer_0730,P2011,Sneakers,Clothing,Footwear,2.00,2499.00,4998.00,0.20,999.60,3998.40,1039.58,Chennai,Tamil Nadu,South,Debit Card,Standard,2025,11,November,0.26
ORD101792,10-02-2025,CUST1026,Customer_0026,P2002,Wireless Earbuds,Electronics,Mobiles,1.00,2999.00,2999.00,0.15,449.85,2549.15,293.15,Ahmedabad,Gujarat,West,Cash on Delivery,Standard,2025,2,February,0.115
ORD103577,24-07-2025,CUST1741,Customer_0741,P2002,Wireless Earbuds,Electronics,Mobiles,3.00,2999.00,8997.00,0.00,0.00,8997.00,1439.52,Bengaluru,Karnataka,South,UPI,Standard,2025,7,July,0.16
ORD103667,09-01-2025,CUST1698,Customer_0698,P2011,Sneakers,Clothing,Footwear,2.00,2499.00,4998.00,0.10,499.80,4498.20,1304.48,Kolkata,West Bengal,East,Credit Card,Standard,2025,1,January,0.29
ORD101134,02-04-2024,CUST1330,Customer_0330,P2017,Office Chair,Home & Kitchen,Furniture,3.00,5999.00,17997.00,0.15,2699.55,15297.45,2983.00,Bengaluru,Karnataka,South,Cash on Delivery,Same Day,2024,4,April,0.195
ORD102197,08-02-2025,CUST1603,Customer_0603,P2022,Yoga Mat,Sports,Fitness,1.00,899.00,899.00,0.10,89.90,809.10,202.28,Pune,Maharashtra,West,Cash on Delivery,Standard,2025,2,February,0.25
ORD102453,15-01-2024,CUST1696,Customer_0696,P2010,Dress,Clothing,Women,1.00,1999.00,1999.00,0.20,399.80,1599.20,415.79,Noida,Uttar Pradesh,North,UPI,Express,2024,1,January,0.26
ORD103800,27-09-2024,CUST1787,Customer_0787,P2021,Perfume,Beauty,Fragrance,1.00,1499.00,1499.00,0.00,0.00,1499.00,569.62,Jaipur,Rajasthan,North,UPI,Standard,2024,9,September,0.38
ORD103882,03-07-2025,CUST1007,Customer_0007,P2015,Table Lamp,Home & Kitchen,Home Decor,2.00,1299.00,2598.00,0.15,389.70,2208.30,430.62,Hyderabad,Telangana,South,UPI,Standard,2025,7,July,0.195
ORD103956,06-05-2024,CUST1607,Customer_0607,P2006,Power Bank,Electronics,Accessories,2.00,1499.00,2998.00,0.10,299.80,2698.20,350.77,Ahmedabad,Gujarat,West,Net Banking,Standard,2024,5,May,0.13
ORD104714,10-04-2025,CUST1272,Customer_0272,P2004,Wireless Mouse,Electronics,Accessories,1.00,899.00,899.00,0.05,44.95,854.05,123.84,Ahmedabad,Gujarat,West,Credit Card,Standard,2025,4,April,0.145
ORD104810,12-01-2025,CUST1315,Customer_0315,P2015,Table Lamp,Home & Kitchen,Home Decor,1.00,1299.00,1299.00,0.10,129.90,1169.10,245.51,Delhi,Delhi,North,Net Banking,Standard,2025,1,January,0.21
ORD101523,19-11-2025,CUST1287,Customer_0287,P2009,Kurti,Clothing,Women,2.00,1199.00,2398.00,0.00,0.00,2398.00,767.36,Gurugram,Haryana,North,Cash on Delivery,Standard,2025,11,November,0.32
ORD102995,19-11-2025,CUST1138,Customer_0138,P2022,Yoga Mat,Sports,Fitness,3.00,899.00,2697.00,0.10,269.70,2427.30,606.83,Jaipur,Rajasthan,North,Credit Card,Express,2025,11,November,0.25
ORD103243,25-09-2024,CUST1669,Customer_0669,P2015,Table Lamp,Home & Kitchen,Home Decor,3.00,1299.00,3897.00,0.00,0.00,3897.00,935.28,Bengaluru,Karnataka,South,Debit Card,Standard,2024,9,September,0.24
ORD103307,21-08-2025,CUST1238,Customer_0238,P2001,Smartphone,Electronics,Mobiles,3.00,24999.00,74997.00,0.15,11249.55,63747.45,7330.96,Noida,Uttar Pradesh,North,Net Banking,Same Day,2025,8,August,0.115
ORD104018,25-01-2025,CUST1627,Customer_0627,P2009,Kurti,Clothing,Women,1.00,1199.00,1199.00,0.05,59.95,1139.05,347.41,Hyderabad,Telangana,South,UPI,Standard,2025,1,January,0.305
ORD104944,15-10-2025,CUST1242,Customer_0242,P2013,Mixer Grinder,Home & Kitchen,Kitchen,2.00,3499.00,6998.00,0.25,1749.50,5248.50,866.00,Mumbai,Maharashtra,West,Credit Card,Express,2025,10,October,0.165
ORD100505,15-01-2025,CUST1636,Customer_0636,P2014,Cookware Set,Home & Kitchen,Kitchen,1.00,2999.00,2999.00,0.20,599.80,2399.20,431.86,Gurugram,Haryana,North,Net Banking,Same Day,2025,1,January,0.18
ORD100999,20-04-2024,CUST1481,Customer_0481,P2022,Yoga Mat,Sports,Fitness,1.00,899.00,899.00,0.10,89.90,809.10,202.28,Jaipur,Rajasthan,North,Debit Card,Express,2024,4,April,0.25
ORD101291,22-11-2025,CUST1586,Customer_0586,P2005,Keyboard,Electronics,Accessories,1.00,1299.00,1299.00,0.05,64.95,1234.05,178.94,Pune,Maharashtra,West,Credit Card,Express,2025,11,November,0.145
ORD101822,27-08-2024,CUST1756,Customer_0756,P2021,Perfume,Beauty,Fragrance,2.00,1499.00,2998.00,0.05,149.90,2848.10,1039.56,Delhi,Delhi,North,Cash on Delivery,Standard,2024,8,August,0.365
ORD102048,27-04-2025,CUST1123,Customer_0123,P2006,Power Bank,Electronics,Accessories,2.00,1499.00,2998.00,0.10,299.80,2698.20,350.77,Mumbai,Maharashtra,West,Net Banking,Same Day,2025,4,April,0.13
ORD103284,26-01-2024,CUST1235,Customer_0235,P2012,Sandals,Clothing,Footwear,1.00,1299.00,1299.00,0.25,324.75,974.25,238.69,Pune,Maharashtra,West,Credit Card,Standard,2024,1,January,0.245
ORD104370,26-09-2025,CUST1635,Customer_0635,P2005,Keyboard,Electronics,Accessories,3.00,1299.00,3897.00,0.05,194.85,3702.15,536.81,Ahmedabad,Gujarat,West,UPI,Express,2025,9,September,0.145
ORD100699,28-07-2025,CUST1089,Customer_0089,P2008,Jeans,Clothing,Men,1.00,1799.00,1799.00,0.05,89.95,1709.05,521.26,Bengaluru,Karnataka,South,Credit Card,Express,2025,7,July,0.305
ORD100997,01-12-2024,CUST1595,Customer_0595,P2018,Face Wash,Beauty,Skincare,1.00,399.00,399.00,0.15,59.85,339.15,113.62,Delhi,Delhi,North,Credit Card,Standard,2024,12,December,0.335
ORD103408,16-09-2025,CUST1489,Customer_0489,P2016,Bedsheet Set,Home & Kitchen,Home Decor,4.00,999.00,3996.00,0.10,399.60,3596.40,755.24,Lucknow,Uttar Pradesh,North,Credit Card,Standard,2025,9,September,0.21
ORD103419,14-08-2024,CUST1146,Customer_0146,P2012,Sandals,Clothing,Footwear,1.00,1299.00,1299.00,0.15,194.85,1104.15,303.64,Jaipur,Rajasthan,North,Cash on Delivery,Standard,2024,8,August,0.275
ORD104553,25-10-2025,CUST1043,Customer_0043,P2006,Power Bank,Electronics,Accessories,2.00,1499.00,2998.00,0.05,149.90,2848.10,412.97,Lucknow,Uttar Pradesh,North,Debit Card,Standard,2025,10,October,0.145
ORD100619,05-03-2024,CUST1488,Customer_0488,P2009,Kurti,Clothing,Women,1.00,1199.00,1199.00,0.05,59.95,1139.05,347.41,Chennai,Tamil Nadu,South,Net Banking,Standard,2024,3,March,0.305
ORD101836,12-10-2025,CUST1539,Customer_0539,P2025,Football,Sports,Outdoor,2.00,999.00,1998.00,0.15,299.70,1698.30,399.10,Chennai,Tamil Nadu,South,UPI,Same Day,2025,10,October,0.235
ORD102439,20-04-2025,CUST1368,Customer_0368,P2005,Keyboard,Electronics,Accessories,1.00,1299.00,1299.00,0.15,194.85,1104.15,126.98,Jaipur,Rajasthan,North,Credit Card,Standard,2025,4,April,0.115
ORD103030,18-12-2025,CUST1369,Customer_0369,P2008,Jeans,Clothing,Men,4.00,1799.00,7196.00,0.15,1079.40,6116.60,1682.07,Bengaluru,Karnataka,South,Debit Card,Standard,2025,12,December,0.275
ORD103082,05-11-2024,CUST1572,Customer_0572,P2016,Bedsheet Set,Home & Kitchen,Home Decor,1.00,999.00,999.00,0.20,199.80,799.20,143.86,Hyderabad,Telangana,South,Credit Card,Standard,2024,11,November,0.18
ORD104300,26-10-2025,CUST1077,Customer_0077,P2011,Sneakers,Clothing,Footwear,2.00,2499.00,4998.00,0.10,499.80,4498.20,1304.48,Bengaluru,Karnataka,South,UPI,Express,2025,10,October,0.29
ORD104427,22-02-2025,CUST1485,Customer_0485,P2013,Mixer Grinder,Home & Kitchen,Kitchen,1.00,3499.00,3499.00,0.00,0.00,3499.00,839.76,Gurugram,Haryana,North,Credit Card,Standard,2025,2,February,0.24
ORD100552,29-04-2024,CUST1730,Customer_0730,P2015,Table Lamp,Home & Kitchen,Home Decor,1.00,1299.00,1299.00,0.15,194.85,1104.15,215.31,Ahmedabad,Gujarat,West,UPI,Express,2024,4,April,0.195
ORD101323,23-05-2024,CUST1379,Customer_0379,P2013,Mixer Grinder,Home & Kitchen,Kitchen,1.00,3499.00,3499.00,0.10,349.90,3149.10,661.31,Kolkata,West Bengal,East,UPI,Standard,2024,5,May,0.21
ORD102059,16-02-2024,CUST1768,Customer_0768,P2012,Sandals,Clothing,Footwear,1.00,1299.00,1299.00,0.10,129.90,1169.10,339.04,Kolkata,West Bengal,East,UPI,Express,2024,2,February,0.29
ORD102258,08-02-2024,CUST1683,Customer_0683,P2009,Kurti,Clothing,Women,5.00,1199.00,5995.00,0.10,599.50,5395.50,1564.70,Bengaluru,Karnataka,South,Credit Card,Standard,2024,2,February,0.29
ORD103922,07-11-2024,CUST1394,Customer_0394,P2023,Dumbbells,Sports,Fitness,1.00,1599.00,1599.00,0.20,319.80,1279.20,281.42,Gurugram,Haryana,North,Credit Card,Standard,2024,11,November,0.22
ORD104166,19-05-2025,CUST1448,Customer_0448,P2008,Jeans,Clothing,Men,1.00,1799.00,1799.00,0.20,359.80,1439.20,374.19,Mumbai,Maharashtra,West,UPI,Standard,2025,5,May,0.26
ORD101322,28-04-2024,CUST1057,Customer_0057,P2011,Sneakers,Clothing,Footwear,1.00,2499.00,2499.00,0.10,249.90,2249.10,652.24,Hyderabad,Telangana,South,Cash on Delivery,Standard,2024,4,April,0.29
ORD102482,09-04-2024,CUST1300,Customer_0300,P2015,Table Lamp,Home & Kitchen,Home Decor,1.00,1299.00,1299.00,0.20,259.80,1039.20,187.06,Gurugram,Haryana,North,UPI,Standard,2024,4,April,0.18
ORD103554,28-08-2024,CUST1078,Customer_0078,P2004,Wireless Mouse,Electronics,Accessories,3.00,899.00,2697.00,0.15,404.55,2292.45,263.63,Mumbai,Maharashtra,West,UPI,Standard,2024,8,August,0.115
ORD103721,04-07-2025,CUST1283,Customer_0283,P2019,Sunscreen,Beauty,Skincare,1.00,699.00,699.00,0.15,104.85,594.15,199.04,Mumbai,Maharashtra,West,UPI,Standard,2025,7,July,0.335
ORD104896,18-05-2024,CUST1625,Customer_0625,P2004,Wireless Mouse,Electronics,Accessories,1.00,899.00,899.00,0.25,224.75,674.25,57.31,Gurugram,Haryana,North,UPI,Standard,2024,5,May,0.085
ORD101394,01-02-2025,CUST1058,Customer_0058,P2002,Wireless Earbuds,Electronics,Mobiles,3.00,2999.00,8997.00,0.25,2249.25,6747.75,573.56,Bengaluru,Karnataka,South,Net Banking,Standard,2025,2,February,0.085
ORD101664,09-04-2025,CUST1222,Customer_0222,P2005,Keyboard,Electronics,Accessories,1.00,1299.00,1299.00,0.20,259.80,1039.20,103.92,Pune,Maharashtra,West,Net Banking,Standard,2025,4,April,0.1
ORD101788,14-01-2025,CUST1410,Customer_0410,P2014,Cookware Set,Home & Kitchen,Kitchen,1.00,2999.00,2999.00,0.15,449.85,2549.15,497.08,Hyderabad,Telangana,South,Credit Card,Same Day,2025,1,January,0.195
ORD101958,17-11-2025,CUST1546,Customer_0546,P2008,Jeans,Clothing,Men,1.00,1799.00,1799.00,0.10,179.90,1619.10,469.54,Hyderabad,Telangana,South,UPI,Standard,2025,11,November,0.29
ORD102347,14-12-2025,CUST1459,Customer_0459,P2001,Smartphone,Electronics,Mobiles,1.00,24999.00,24999.00,0.00,0.00,24999.00,3999.84,Mumbai,Maharashtra,West,Credit Card,Same Day,2025,12,December,0.16
ORD102798,07-07-2025,CUST1210,Customer_0210,P2017,Office Chair,Home & Kitchen,Furniture,1.00,5999.00,5999.00,0.10,599.90,5399.10,1133.81,Chennai,Tamil Nadu,South,UPI,Same Day,2025,7,July,0.21
ORD102948,05-03-2025,CUST1181,Customer_0181,P2024,Cricket Bat,Sports,Outdoor,3.00,2499.00,7497.00,0.15,1124.55,6372.45,1497.53,Pune,Maharashtra,West,Net Banking,Express,2025,3,March,0.235
ORD104813,24-08-2025,CUST1725,Customer_0725,P2019,Sunscreen,Beauty,Skincare,1.00,699.00,699.00,0.15,104.85,594.15,199.04,Mumbai,Maharashtra,West,UPI,Same Day,2025,8,August,0.335
ORD104822,07-06-2024,CUST1527,Customer_0527,P2012,Sandals,Clothing,Footwear,2.00,1299.00,2598.00,0.00,0.00,2598.00,831.36,Jaipur,Rajasthan,North,Credit Card,Express,2024,6,June,0.32
ORD100972,28-02-2025,CUST1259,Customer_0259,P2004,Wireless Mouse,Electronics,Accessories,5.00,899.00,4495.00,0.00,0.00,4495.00,719.20,Pune,Maharashtra,West,Net Banking,Same Day,2025,2,February,0.16
ORD101880,01-11-2025,CUST1110,Customer_0110,P2023,Dumbbells,Sports,Fitness,1.00,1599.00,1599.00,0.10,159.90,1439.10,359.78,Chennai,Tamil Nadu,South,UPI,Standard,2025,11,November,0.25
ORD101962,11-04-2024,CUST1159,Customer_0159,P2019,Sunscreen,Beauty,Skincare,2.00,699.00,1398.00,0.10,139.80,1258.20,440.37,Ahmedabad,Gujarat,West,UPI,Express,2024,4,April,0.35
ORD102871,16-05-2025,CUST1056,Customer_0056,P2016,Bedsheet Set,Home & Kitchen,Home Decor,3.00,999.00,2997.00,0.05,149.85,2847.15,640.61,Bengaluru,Karnataka,South,Debit Card,Standard,2025,5,May,0.225
ORD103036,22-09-2025,CUST1560,Customer_0560,P2018,Face Wash,Beauty,Skincare,1.00,399.00,399.00,0.20,79.80,319.20,102.14,Noida,Uttar Pradesh,North,Net Banking,Standard,2025,9,September,0.32
ORD103188,21-02-2025,CUST1751,Customer_0751,P2016,Bedsheet Set,Home & Kitchen,Home Decor,2.00,999.00,1998.00,0.15,299.70,1698.30,331.17,Noida,Uttar Pradesh,North,Debit Card,Same Day,2025,2,February,0.195
ORD103375,13-10-2024,CUST1462,Customer_0462,P2005,Keyboard,Electronics,Accessories,2.00,1299.00,2598.00,0.00,0.00,2598.00,415.68,Jaipur,Rajasthan,North,Cash on Delivery,Express,2024,10,October,0.16
ORD103689,03-02-2024,CUST1707,Customer_0707,P2013,Mixer Grinder,Home & Kitchen,Kitchen,3.00,3499.00,10497.00,0.10,1049.70,9447.30,1983.93,Jaipur,Rajasthan,North,Net Banking,Standard,2024,2,February,0.21
ORD103825,07-12-2025,CUST1765,Customer_0765,P2001,Smartphone,Electronics,Mobiles,1.00,24999.00,24999.00,0.00,0.00,24999.00,3999.84,Mumbai,Maharashtra,West,Net Banking,Standard,2025,12,December,0.16
ORD104498,14-01-2025,CUST1725,Customer_0725,P2008,Jeans,Clothing,Men,1.00,1799.00,1799.00,0.00,0.00,1799.00,575.68,Ahmedabad,Gujarat,West,Credit Card,Standard,2025,1,January,0.32
ORD104674,10-08-2024,CUST1596,Customer_0596,P2002,Wireless Earbuds,Electronics,Mobiles,1.00,2999.00,2999.00,0.15,449.85,2549.15,293.15,Lucknow,Uttar Pradesh,North,UPI,Standard,2024,8,August,0.115
ORD104815,30-03-2025,CUST1230,Customer_0230,P2006,Power Bank,Electronics,Accessories,2.00,1499.00,2998.00,0.10,299.80,2698.20,350.77,Bengaluru,Karnataka,South,Debit Card,Standard,2025,3,March,0.13
ORD100705,31-03-2025,CUST1740,Customer_0740,P2010,Dress,Clothing,Women,2.00,1999.00,3998.00,0.10,399.80,3598.20,1043.48,Lucknow,Uttar Pradesh,North,Net Banking,Express,2025,3,March,0.29
ORD101159,29-08-2024,CUST1171,Customer_0171,P2020,Shampoo,Beauty,Haircare,1.00,599.00,599.00,0.10,59.90,539.10,188.68,Hyderabad,Telangana,South,UPI,Standard,2024,8,August,0.35
ORD102084,06-01-2025,CUST1530,Customer_0530,P2014,Cookware Set,Home & Kitchen,Kitchen,2.00,2999.00,5998.00,0.05,299.90,5698.10,1282.07,Pune,Maharashtra,West,Credit Card,Standard,2025,1,January,0.225
ORD102487,11-04-2024,CUST1070,Customer_0070,P2010,Dress,Clothing,Women,2.00,1999.00,3998.00,0.10,399.80,3598.20,1043.48,Kolkata,West Bengal,East,UPI,Standard,2024,4,April,0.29
ORD102551,03-12-2025,CUST1203,Customer_0203,P2015,Table Lamp,Home & Kitchen,Home Decor,4.00,1299.00,5196.00,0.10,519.60,4676.40,982.04,Mumbai,Maharashtra,West,Debit Card,Same Day,2025,12,December,0.21
ORD103464,11-01-2025,CUST1328,Customer_0328,P2006,Power Bank,Electronics,Accessories,2.00,1499.00,2998.00,0.10,299.80,2698.20,350.77,Bengaluru,Karnataka,South,Credit Card,Standard,2025,1,January,0.13
ORD103476,11-07-2025,CUST1624,Customer_0624,P2006,Power Bank,Electronics,Accessories,1.00,1499.00,1499.00,0.05,74.95,1424.05,206.49,Pune,Maharashtra,West,Credit Card,Standard,2025,7,July,0.145
ORD100024,22-10-2025,CUST1506,Customer_0506,P2002,Wireless Earbuds,Electronics,Mobiles,1.00,2999.00,2999.00,0.10,299.90,2699.10,350.88,Noida,Uttar Pradesh,North,Credit Card,Express,2025,10,October,0.13
ORD100242,02-01-2025,CUST1249,Customer_0249,P2013,Mixer Grinder,Home & Kitchen,Kitchen,2.00,3499.00,6998.00,0.15,1049.70,5948.30,1159.92,Gurugram,Haryana,North,Credit Card,Express,2025,1,January,0.195
ORD102884,03-03-2024,CUST1057,Customer_0057,P2007,T-Shirt,Clothing,Men,1.00,799.00,799.00,0.25,199.75,599.25,146.82,Delhi,Delhi,North,UPI,Same Day,2024,3,March,0.245
ORD102978,11-02-2025,CUST1366,Customer_0366,P2009,Kurti,Clothing,Women,3.00,1199.00,3597.00,0.05,179.85,3417.15,1042.23,Ahmedabad,Gujarat,West,Cash on Delivery,Express,2025,2,February,0.305
ORD103012,09-10-2024,CUST1710,Customer_0710,P2015,Table Lamp,Home & Kitchen,Home Decor,1.00,1299.00,1299.00,0.10,129.90,1169.10,245.51,Mumbai,Maharashtra,West,UPI,Standard,2024,10,October,0.21
ORD103741,13-07-2024,CUST1247,Customer_0247,P2010,Dress,Clothing,Women,1.00,1999.00,1999.00,0.10,199.90,1799.10,521.74,Chennai,Tamil Nadu,South,Net Banking,Standard,2024,7,July,0.29
ORD104291,05-05-2024,CUST1055,Customer_0055,P2008,Jeans,Clothing,Men,1.00,1799.00,1799.00,0.05,89.95,1709.05,521.26,Pune,Maharashtra,West,Credit Card,Standard,2024,5,May,0.305
ORD104615,10-04-2025,CUST1309,Customer_0309,P2002,Wireless Earbuds,Electronics,Mobiles,1.00,2999.00,2999.00,0.10,299.90,2699.10,350.88,Ahmedabad,Gujarat,West,UPI,Standard,2025,4,April,0.13
ORD100133,03-04-2024,CUST1051,Customer_0051,P2001,Smartphone,Electronics,Mobiles,2.00,24999.00,49998.00,0.00,0.00,49998.00,7999.68,Ahmedabad,Gujarat,West,UPI,Standard,2024,4,April,0.16
ORD100332,09-11-2025,CUST1114,Customer_0114,P2016,Bedsheet Set,Home & Kitchen,Home Decor,1.00,999.00,999.00,0.15,149.85,849.15,165.58,Ahmedabad,Gujarat,West,Credit Card,Express,2025,11,November,0.195
ORD101490,05-08-2024,CUST1322,Customer_0322,P2018,Face Wash,Beauty,Skincare,2.00,399.00,798.00,0.10,79.80,718.20,251.37,Delhi,Delhi,North,Credit Card,Standard,2024,8,August,0.35
ORD102264,19-10-2025,CUST1033,Customer_0033,P2022,Yoga Mat,Sports,Fitness,3.00,899.00,2697.00,0.00,0.00,2697.00,755.16,Delhi,Delhi,North,Debit Card,Express,2025,10,October,0.28
ORD102454,16-10-2025,CUST1479,Customer_0479,P2006,Power Bank,Electronics,Accessories,2.00,1499.00,2998.00,0.10,299.80,2698.20,350.77,Delhi,Delhi,North,Credit Card,Standard,2025,10,October,0.13
ORD103152,03-09-2025,CUST1553,Customer_0553,P2009,Kurti,Clothing,Women,1.00,1199.00,1199.00,0.15,179.85,1019.15,280.27,Lucknow,Uttar Pradesh,North,UPI,Standard,2025,9,September,0.275
ORD103316,22-01-2024,CUST1549,Customer_0549,P2024,Cricket Bat,Sports,Outdoor,2.00,2499.00,4998.00,0.00,0.00,4998.00,1399.44,Pune,Maharashtra,West,UPI,Express,2024,1,January,0.28
ORD104264,21-02-2024,CUST1539,Customer_0539,P2016,Bedsheet Set,Home & Kitchen,Home Decor,1.00,999.00,999.00,0.20,199.80,799.20,143.86,Gurugram,Haryana,North,UPI,Standard,2024,2,February,0.18
ORD104838,07-12-2024,CUST1180,Customer_0180,P2015,Table Lamp,Home & Kitchen,Home Decor,2.00,1299.00,2598.00,0.00,0.00,2598.00,623.52,Noida,Uttar Pradesh,North,UPI,Standard,2024,12,December,0.24
ORD100813,06-09-2024,CUST1516,Customer_0516,P2023,Dumbbells,Sports,Fitness,1.00,1599.00,1599.00,0.10,159.90,1439.10,359.78,Ahmedabad,Gujarat,West,Cash on Delivery,Standard,2024,9,September,0.25
ORD102808,08-05-2024,CUST1390,Customer_0390,P2005,Keyboard,Electronics,Accessories,1.00,1299.00,1299.00,0.05,64.95,1234.05,178.94,Delhi,Delhi,North,UPI,Express,2024,5,May,0.145
ORD102901,01-08-2025,CUST1584,Customer_0584,P2021,Perfume,Beauty,Fragrance,1.00,1499.00,1499.00,0.10,149.90,1349.10,472.18,Bengaluru,Karnataka,South,Debit Card,Same Day,2025,8,August,0.35
ORD103317,29-07-2024,CUST1006,Customer_0006,P2009,Kurti,Clothing,Women,2.00,1199.00,2398.00,0.00,0.00,2398.00,767.36,Bengaluru,Karnataka,South,UPI,Express,2024,7,July,0.32
ORD103935,11-03-2024,CUST1070,Customer_0070,P2010,Dress,Clothing,Women,1.00,1999.00,1999.00,0.00,0.00,1999.00,639.68,Chennai,Tamil Nadu,South,UPI,Express,2024,3,March,0.32
ORD104661,21-07-2025,CUST1629,Customer_0629,P2021,Perfume,Beauty,Fragrance,2.00,1499.00,2998.00,0.15,449.70,2548.30,853.68,Gurugram,Haryana,North,Debit Card,Standard,2025,7,July,0.335
ORD104755,31-07-2024,CUST1648,Customer_0648,P2013,Mixer Grinder,Home & Kitchen,Kitchen,3.00,3499.00,10497.00,0.20,2099.40,8397.60,1511.57,Mumbai,Maharashtra,West,Credit Card,Standard,2024,7,July,0.18
ORD100602,23-08-2025,CUST1758,Customer_0758,P2004,Wireless Mouse,Electronics,Accessories,1.00,899.00,899.00,0.10,89.90,809.10,105.18,Kolkata,West Bengal,East,Credit Card,Express,2025,8,August,0.13
ORD101947,09-08-2024,CUST1534,Customer_0534,P2012,Sandals,Clothing,Footwear,1.00,1299.00,1299.00,0.00,0.00,1299.00,415.68,Mumbai,Maharashtra,West,Credit Card,Standard,2024,8,August,0.32
ORD102618,26-08-2024,CUST1673,Customer_0673,P2023,Dumbbells,Sports,Fitness,1.00,1599.00,1599.00,0.15,239.85,1359.15,319.40,Lucknow,Uttar Pradesh,North,Debit Card,Standard,2024,8,August,0.235
ORD104336,02-12-2024,CUST1483,Customer_0483,P2002,Wireless Earbuds,Electronics,Mobiles,1.00,2999.00,2999.00,0.00,0.00,2999.00,479.84,Noida,Uttar Pradesh,North,Net Banking,Standard,2024,12,December,0.16
ORD104916,31-05-2024,CUST1081,Customer_0081,P2009,Kurti,Clothing,Women,3.00,1199.00,3597.00,0.20,719.40,2877.60,748.18,Pune,Maharashtra,West,Credit Card,Express,2024,5,May,0.26
ORD100605,02-09-2025,CUST1525,Customer_0525,P2001,Smartphone,Electronics,Mobiles,2.00,24999.00,49998.00,0.00,0.00,49998.00,7999.68,Jaipur,Rajasthan,North,UPI,Same Day,2025,9,September,0.16
ORD100990,03-01-2024,CUST1736,Customer_0736,P2023,Dumbbells,Sports,Fitness,1.00,1599.00,1599.00,0.00,0.00,1599.00,447.72,Hyderabad,Telangana,South,Credit Card,Standard,2024,1,January,0.28
ORD101542,10-10-2024,CUST1117,Customer_0117,P2003,Laptop,Electronics,Computers,1.00,59999.00,59999.00,0.25,14999.75,44999.25,3824.94,Delhi,Delhi,North,UPI,Standard,2024,10,October,0.085
ORD103075,28-05-2024,CUST1575,Customer_0575,P2004,Wireless Mouse,Electronics,Accessories,1.00,899.00,899.00,0.15,134.85,764.15,87.88,Bengaluru,Karnataka,South,Credit Card,Standard,2024,5,May,0.115
ORD104255,13-05-2024,CUST1669,Customer_0669,P2025,Football,Sports,Outdoor,2.00,999.00,1998.00,0.20,399.60,1598.40,351.65,Mumbai,Maharashtra,West,Net Banking,Standard,2024,5,May,0.22
ORD104724,07-07-2025,CUST1467,Customer_0467,P2022,Yoga Mat,Sports,Fitness,1.00,899.00,899.00,0.00,0.00,899.00,251.72,Lucknow,Uttar Pradesh,North,Debit Card,Standard,2025,7,July,0.28
ORD100735,13-09-2024,CUST1504,Customer_0504,P2017,Office Chair,Home & Kitchen,Furniture,1.00,5999.00,5999.00,0.15,899.85,5099.15,994.33,Pune,Maharashtra,West,Net Banking,Standard,2024,9,September,0.195
ORD100957,27-06-2024,CUST1439,Customer_0439,P2021,Perfume,Beauty,Fragrance,1.00,1499.00,1499.00,0.10,149.90,1349.10,472.18,Mumbai,Maharashtra,West,Debit Card,Standard,2024,6,June,0.35
ORD101008,22-04-2024,CUST1177,Customer_0177,P2024,Cricket Bat,Sports,Outdoor,2.00,2499.00,4998.00,0.05,249.90,4748.10,1258.25,Ahmedabad,Gujarat,West,Net Banking,Standard,2024,4,April,0.265
ORD101912,07-11-2025,CUST1162,Customer_0162,P2013,Mixer Grinder,Home & Kitchen,Kitchen,1.00,3499.00,3499.00,0.10,349.90,3149.10,661.31,Chennai,Tamil Nadu,South,Debit Card,Standard,2025,11,November,0.21
ORD103694,27-01-2024,CUST1010,Customer_0010,P2015,Table Lamp,Home & Kitchen,Home Decor,1.00,1299.00,1299.00,0.10,129.90,1169.10,245.51,Gurugram,Haryana,North,Net Banking,Standard,2024,1,January,0.21
ORD103864,14-05-2024,CUST1213,Customer_0213,P2007,T-Shirt,Clothing,Men,1.00,799.00,799.00,0.05,39.95,759.05,231.51,Hyderabad,Telangana,South,Net Banking,Standard,2024,5,May,0.305
ORD104306,16-01-2024,CUST1535,Customer_0535,P2025,Football,Sports,Outdoor,1.00,999.00,999.00,0.05,49.95,949.05,251.50,Kolkata,West Bengal,East,UPI,Standard,2024,1,January,0.265
ORD104818,01-01-2025,CUST1148,Customer_0148,P2008,Jeans,Clothing,Men,3.00,1799.00,5397.00,0.25,1349.25,4047.75,991.70,Gurugram,Haryana,North,Net Banking,Standard,2025,1,January,0.245
ORD101230,31-08-2024,CUST1099,Customer_0099,P2010,Dress,Clothing,Women,3.00,1999.00,5997.00,0.15,899.55,5097.45,1401.80,Kolkata,West Bengal,East,Net Banking,Same Day,2024,8,August,0.275
ORD103947,25-08-2025,CUST1371,Customer_0371,P2002,Wireless Earbuds,Electronics,Mobiles,1.00,2999.00,2999.00,0.25,749.75,2249.25,191.19,Noida,Uttar Pradesh,North,UPI,Standard,2025,8,August,0.085
ORD104364,27-11-2024,CUST1228,Customer_0228,P2022,Yoga Mat,Sports,Fitness,2.00,899.00,1798.00,0.00,0.00,1798.00,503.44,Delhi,Delhi,North,Debit Card,Same Day,2024,11,November,0.28
ORD104419,17-01-2024,CUST1556,Customer_0556,P2017,Office Chair,Home & Kitchen,Furniture,5.00,5999.00,29995.00,0.00,0.00,29995.00,7198.80,Gurugram,Haryana,North,Credit Card,Same Day,2024,1,January,0.24
ORD104640,27-06-2024,CUST1130,Customer_0130,P2020,Shampoo,Beauty,Haircare,1.00,599.00,599.00,0.05,29.95,569.05,207.70,Pune,Maharashtra,West,Credit Card,Standard,2024,6,June,0.365
ORD100915,28-09-2024,CUST1781,Customer_0781,P2010,Dress,Clothing,Women,2.00,1999.00,3998.00,0.10,399.80,3598.20,1043.48,Delhi,Delhi,North,Credit Card,Standard,2024,9,September,0.29
ORD101957,23-02-2024,CUST1743,Customer_0743,P2003,Laptop,Electronics,Computers,2.00,59999.00,119998.00,0.25,29999.50,89998.50,7649.87,Gurugram,Haryana,North,UPI,Standard,2024,2,February,0.085
ORD102362,09-05-2024,CUST1014,Customer_0014,P2001,Smartphone,Electronics,Mobiles,1.00,24999.00,24999.00,0.05,1249.95,23749.05,3443.61,Jaipur,Rajasthan,North,Debit Card,Same Day,2024,5,May,0.145
ORD102599,07-03-2025,CUST1177,Customer_0177,P2001,Smartphone,Electronics,Mobiles,1.00,24999.00,24999.00,0.30,7499.70,17499.30,1224.95,Hyderabad,Telangana,South,UPI,Express,2025,3,March,0.07
ORD103687,22-06-2025,CUST1441,Customer_0441,P2003,Laptop,Electronics,Computers,1.00,59999.00,59999.00,0.15,8999.85,50999.15,5864.90,Ahmedabad,Gujarat,West,UPI,Express,2025,6,June,0.115
ORD103821,26-04-2024,CUST1593,Customer_0593,P2011,Sneakers,Clothing,Footwear,1.00,2499.00,2499.00,0.20,499.80,1999.20,519.79,Lucknow,Uttar Pradesh,North,Cash on Delivery,Same Day,2024,4,April,0.26
ORD104162,06-03-2024,CUST1320,Customer_0320,P2016,Bedsheet Set,Home & Kitchen,Home Decor,2.00,999.00,1998.00,0.10,199.80,1798.20,377.62,Noida,Uttar Pradesh,North,Credit Card,Standard,2024,3,March,0.21
ORD104785,02-05-2025,CUST1691,Customer_0691,P2014,Cookware Set,Home & Kitchen,Kitchen,4.00,2999.00,11996.00,0.05,599.80,11396.20,2564.14,Noida,Uttar Pradesh,North,Credit Card,Standard,2025,5,May,0.225
ORD100123,04-04-2025,CUST1667,Customer_0667,P2008,Jeans,Clothing,Men,1.00,1799.00,1799.00,0.10,179.90,1619.10,469.54,Gurugram,Haryana,North,Credit Card,Express,2025,4,April,0.29
ORD100152,05-01-2025,CUST1228,Customer_0228,P2025,Football,Sports,Outdoor,3.00,999.00,2997.00,0.20,599.40,2397.60,527.47,Chennai,Tamil Nadu,South,Debit Card,Same Day,2025,1,January,0.22
ORD100220,09-06-2025,CUST1247,Customer_0247,P2016,Bedsheet Set,Home & Kitchen,Home Decor,1.00,999.00,999.00,0.10,99.90,899.10,188.81,Pune,Maharashtra,West,Net Banking,Express,2025,6,June,0.21
ORD100500,30-08-2025,CUST1797,Customer_0797,P2001,Smartphone,Electronics,Mobiles,1.00,24999.00,24999.00,0.30,7499.70,17499.30,1224.95,Mumbai,Maharashtra,West,Credit Card,Standard,2025,8,August,0.07
ORD100524,21-04-2024,CUST1742,Customer_0742,P2010,Dress,Clothing,Women,1.00,1999.00,1999.00,0.10,199.90,1799.10,521.74,Chennai,Tamil Nadu,South,Credit Card,Standard,2024,4,April,0.29
ORD101113,07-04-2025,CUST1156,Customer_0156,P2006,Power Bank,Electronics,Accessories,1.00,1499.00,1499.00,0.00,0.00,1499.00,239.84,Lucknow,Uttar Pradesh,North,Net Banking,Standard,2025,4,April,0.16
ORD102246,30-05-2025,CUST1409,Customer_0409,P2020,Shampoo,Beauty,Haircare,2.00,599.00,1198.00,0.25,299.50,898.50,274.04,Lucknow,Uttar Pradesh,North,Net Banking,Standard,2025,5,May,0.305
ORD102894,14-08-2024,CUST1359,Customer_0359,P2011,Sneakers,Clothing,Footwear,2.00,2499.00,4998.00,0.05,249.90,4748.10,1448.17,Pune,Maharashtra,West,UPI,Standard,2024,8,August,0.305
ORD104302,21-09-2025,CUST1675,Customer_0675,P2017,Office Chair,Home & Kitchen,Furniture,2.00,5999.00,11998.00,0.25,2999.50,8998.50,1484.75,Chennai,Tamil Nadu,South,Credit Card,Same Day,2025,9,September,0.165
ORD104324,14-02-2024,CUST1009,Customer_0009,P2005,Keyboard,Electronics,Accessories,1.00,1299.00,1299.00,0.10,129.90,1169.10,151.98,Delhi,Delhi,North,Net Banking,Standard,2024,2,February,0.13
ORD100487,05-11-2025,CUST1116,Customer_0116,P2004,Wireless Mouse,Electronics,Accessories,3.00,899.00,2697.00,0.10,269.70,2427.30,315.55,Pune,Maharashtra,West,UPI,Standard,2025,11,November,0.13
ORD100613,17-06-2025,CUST1678,Customer_0678,P2001,Smartphone,Electronics,Mobiles,1.00,24999.00,24999.00,0.05,1249.95,23749.05,3443.61,Mumbai,Maharashtra,West,Credit Card,Standard,2025,6,June,0.145
ORD100806,04-11-2024,CUST1442,Customer_0442,P2019,Sunscreen,Beauty,Skincare,1.00,699.00,699.00,0.10,69.90,629.10,220.18,Noida,Uttar Pradesh,North,Debit Card,Standard,2024,11,November,0.35
ORD101602,14-04-2025,CUST1432,Customer_0432,P2024,Cricket Bat,Sports,Outdoor,2.00,2499.00,4998.00,0.10,499.80,4498.20,1124.55,Chennai,Tamil Nadu,South,Net Banking,Standard,2025,4,April,0.25
ORD101662,20-10-2025,CUST1433,Customer_0433,P2011,Sneakers,Clothing,Footwear,1.00,2499.00,2499.00,0.20,499.80,1999.20,519.79,Mumbai,Maharashtra,West,Debit Card,Standard,2025,10,October,0.26
ORD101780,01-02-2024,CUST1605,Customer_0605,P2019,Sunscreen,Beauty,Skincare,1.00,699.00,699.00,0.00,0.00,699.00,265.62,Pune,Maharashtra,West,Debit Card,Standard,2024,2,February,0.38
ORD102657,03-03-2024,CUST1558,Customer_0558,P2010,Dress,Clothing,Women,2.00,1999.00,3998.00,0.15,599.70,3398.30,934.53,Lucknow,Uttar Pradesh,North,Debit Card,Same Day,2024,3,March,0.275
ORD103300,05-05-2025,CUST1324,Customer_0324,P2017,Office Chair,Home & Kitchen,Furniture,1.00,5999.00,5999.00,0.15,899.85,5099.15,994.33,Hyderabad,Telangana,South,Credit Card,Express,2025,5,May,0.195
ORD104199,15-02-2025,CUST1750,Customer_0750,P2010,Dress,Clothing,Women,1.00,1999.00,1999.00,0.10,199.90,1799.10,521.74,Bengaluru,Karnataka,South,Cash on Delivery,Standard,2025,2,February,0.29
ORD101695,12-03-2025,CUST1271,Customer_0271,P2019,Sunscreen,Beauty,Skincare,2.00,699.00,1398.00,0.05,69.90,1328.10,484.76,Lucknow,Uttar Pradesh,North,UPI,Standard,2025,3,March,0.365
ORD101965,03-12-2025,CUST1582,Customer_0582,P2007,T-Shirt,Clothing,Men,1.00,799.00,799.00,0.10,79.90,719.10,208.54,Hyderabad,Telangana,South,Credit Card,Express,2025,12,December,0.29
ORD104389,20-04-2024,CUST1329,Customer_0329,P2020,Shampoo,Beauty,Haircare,2.00,599.00,1198.00,0.25,299.50,898.50,274.04,Delhi,Delhi,North,Credit Card,Standard,2024,4,April,0.305
ORD104394,17-05-2025,CUST1553,Customer_0553,P2008,Jeans,Clothing,Men,2.00,1799.00,3598.00,0.05,179.90,3418.10,1042.52,Noida,Uttar Pradesh,North,Credit Card,Same Day,2025,5,May,0.305
ORD101155,30-12-2025,CUST1782,Customer_0782,P2021,Perfume,Beauty,Fragrance,1.00,1499.00,1499.00,0.10,149.90,1349.10,472.18,Kolkata,West Bengal,East,UPI,Same Day,2025,12,December,0.35
ORD101698,30-03-2025,CUST1010,Customer_0010,P2022,Yoga Mat,Sports,Fitness,1.00,899.00,899.00,0.15,134.85,764.15,179.58,Mumbai,Maharashtra,West,UPI,Express,2025,3,March,0.235
ORD102738,16-03-2024,CUST1730,Customer_0730,P2014,Cookware Set,Home & Kitchen,Kitchen,3.00,2999.00,8997.00,0.10,899.70,8097.30,1700.43,Lucknow,Uttar Pradesh,North,Net Banking,Express,2024,3,March,0.21
ORD103164,23-03-2024,CUST1471,Customer_0471,P2002,Wireless Earbuds,Electronics,Mobiles,2.00,2999.00,5998.00,0.30,1799.40,4198.60,293.90,Noida,Uttar Pradesh,North,Credit Card,Same Day,2024,3,March,0.07
ORD103683,25-11-2024,CUST1564,Customer_0564,P2015,Table Lamp,Home & Kitchen,Home Decor,2.00,1299.00,2598.00,0.30,779.40,1818.60,272.79,Noida,Uttar Pradesh,North,UPI,Standard,2024,11,November,0.15
ORD104539,14-09-2025,CUST1737,Customer_0737,P2013,Mixer Grinder,Home & Kitchen,Kitchen,1.00,3499.00,3499.00,0.05,174.95,3324.05,747.91,Noida,Uttar Pradesh,North,Credit Card,Express,2025,9,September,0.225
ORD104668,31-05-2024,CUST1193,Customer_0193,P2001,Smartphone,Electronics,Mobiles,1.00,24999.00,24999.00,0.05,1249.95,23749.05,3443.61,Chennai,Tamil Nadu,South,Credit Card,Standard,2024,5,May,0.145
ORD104982,08-03-2024,CUST1720,Customer_0720,P2013,Mixer Grinder,Home & Kitchen,Kitchen,3.00,3499.00,10497.00,0.15,1574.55,8922.45,1739.88,Pune,Maharashtra,West,Credit Card,Standard,2024,3,March,0.195
ORD100329,09-05-2024,CUST1640,Customer_0640,P2010,Dress,Clothing,Women,1.00,1999.00,1999.00,0.15,299.85,1699.15,467.27,Jaipur,Rajasthan,North,Net Banking,Standard,2024,5,May,0.275
ORD100584,08-10-2024,CUST1081,Customer_0081,P2015,Table Lamp,Home & Kitchen,Home Decor,1.00,1299.00,1299.00,0.15,194.85,1104.15,215.31,Bengaluru,Karnataka,South,Debit Card,Express,2024,10,October,0.195
ORD103836,01-10-2025,CUST1672,Customer_0672,P2012,Sandals,Clothing,Footwear,2.00,1299.00,2598.00,0.30,779.40,1818.60,418.28,Delhi,Delhi,North,Net Banking,Standard,2025,10,October,0.23
ORD104009,10-10-2025,CUST1244,Customer_0244,P2003,Laptop,Electronics,Computers,1.00,59999.00,59999.00,0.25,14999.75,44999.25,3824.94,Gurugram,Haryana,North,UPI,Standard,2025,10,October,0.085
ORD104545,22-08-2025,CUST1012,Customer_0012,P2004,Wireless Mouse,Electronics,Accessories,2.00,899.00,1798.00,0.20,359.60,1438.40,143.84,Gurugram,Haryana,North,Credit Card,Standard,2025,8,August,0.1
ORD104704,15-07-2025,CUST1233,Customer_0233,P2008,Jeans,Clothing,Men,2.00,1799.00,3598.00,0.10,359.80,3238.20,939.08,Bengaluru,Karnataka,South,UPI,Standard,2025,7,July,0.29
ORD100452,30-12-2025,CUST1047,Customer_0047,P2010,Dress,Clothing,Women,2.00,1999.00,3998.00,0.20,799.60,3198.40,831.58,Delhi,Delhi,North,Credit Card,Express,2025,12,December,0.26
ORD100764,28-11-2024,CUST1301,Customer_0301,P2009,Kurti,Clothing,Women,2.00,1199.00,2398.00,0.20,479.60,1918.40,498.78,Ahmedabad,Gujarat,West,UPI,Express,2024,11,November,0.26
ORD101043,25-01-2025,CUST1544,Customer_0544,P2001,Smartphone,Electronics,Mobiles,3.00,24999.00,74997.00,0.15,11249.55,63747.45,7330.96,Mumbai,Maharashtra,West,Debit Card,Standard,2025,1,January,0.115
ORD101069,03-09-2025,CUST1424,Customer_0424,P2023,Dumbbells,Sports,Fitness,2.00,1599.00,3198.00,0.05,159.90,3038.10,805.10,Pune,Maharashtra,West,Credit Card,Standard,2025,9,September,0.265
ORD101082,27-06-2025,CUST1433,Customer_0433,P2003,Laptop,Electronics,Computers,2.00,59999.00,119998.00,0.20,23999.60,95998.40,9599.84,Kolkata,West Bengal,East,Debit Card,Express,2025,6,June,0.1
ORD101850,28-10-2024,CUST1551,Customer_0551,P2013,Mixer Grinder,Home & Kitchen,Kitchen,1.00,3499.00,3499.00,0.15,524.85,2974.15,579.96,Ahmedabad,Gujarat,West,Debit Card,Express,2024,10,October,0.195
ORD103507,09-04-2025,CUST1666,Customer_0666,P2016,Bedsheet Set,Home & Kitchen,Home Decor,2.00,999.00,1998.00,0.10,199.80,1798.20,377.62,Mumbai,Maharashtra,West,Credit Card,Express,2025,4,April,0.21
ORD103561,01-06-2025,CUST1682,Customer_0682,P2012,Sandals,Clothing,Footwear,1.00,1299.00,1299.00,0.25,324.75,974.25,238.69,Ahmedabad,Gujarat,West,UPI,Standard,2025,6,June,0.245
ORD100086,11-09-2025,CUST1098,Customer_0098,P2015,Table Lamp,Home & Kitchen,Home Decor,4.00,1299.00,5196.00,0.15,779.40,4416.60,861.24,Jaipur,Rajasthan,North,UPI,Standard,2025,9,September,0.195
ORD100555,16-03-2025,CUST1404,Customer_0404,P2002,Wireless Earbuds,Electronics,Mobiles,3.00,2999.00,8997.00,0.00,0.00,8997.00,1439.52,Lucknow,Uttar Pradesh,North,Net Banking,Standard,2025,3,March,0.16
ORD100935,11-04-2024,CUST1646,Customer_0646,P2017,Office Chair,Home & Kitchen,Furniture,1.00,5999.00,5999.00,0.10,599.90,5399.10,1133.81,Mumbai,Maharashtra,West,UPI,Standard,2024,4,April,0.21
ORD101208,19-12-2025,CUST1558,Customer_0558,P2011,Sneakers,Clothing,Footwear,2.00,2499.00,4998.00,0.05,249.90,4748.10,1448.17,Pune,Maharashtra,West,Net Banking,Standard,2025,12,December,0.305
ORD101701,27-04-2024,CUST1418,Customer_0418,P2011,Sneakers,Clothing,Footwear,5.00,2499.00,12495.00,0.25,3123.75,9371.25,2295.96,Gurugram,Haryana,North,Credit Card,Standard,2024,4,April,0.245
ORD101724,01-11-2025,CUST1426,Customer_0426,P2009,Kurti,Clothing,Women,3.00,1199.00,3597.00,0.05,179.85,3417.15,1042.23,Kolkata,West Bengal,East,Credit Card,Express,2025,11,November,0.305
ORD102707,28-10-2025,CUST1408,Customer_0408,P2024,Cricket Bat,Sports,Outdoor,2.00,2499.00,4998.00,0.10,499.80,4498.20,1124.55,Gurugram,Haryana,North,Net Banking,Express,2025,10,October,0.25
ORD102854,18-07-2025,CUST1536,Customer_0536,P2024,Cricket Bat,Sports,Outdoor,3.00,2499.00,7497.00,0.10,749.70,6747.30,1686.82,Delhi,Delhi,North,UPI,Standard,2025,7,July,0.25
ORD102918,08-08-2024,CUST1018,Customer_0018,P2006,Power Bank,Electronics,Accessories,1.00,1499.00,1499.00,0.25,374.75,1124.25,95.56,Gurugram,Haryana,North,UPI,Standard,2024,8,August,0.085
ORD103327,16-03-2025,CUST1488,Customer_0488,P2023,Dumbbells,Sports,Fitness,1.00,1599.00,1599.00,0.15,239.85,1359.15,319.40,Bengaluru,Karnataka,South,UPI,Standard,2025,3,March,0.235
ORD103874,07-04-2025,CUST1320,Customer_0320,P2016,Bedsheet Set,Home & Kitchen,Home Decor,3.00,999.00,2997.00,0.05,149.85,2847.15,640.61,Mumbai,Maharashtra,West,Debit Card,Standard,2025,4,April,0.225
ORD104305,21-08-2024,CUST1706,Customer_0706,P2005,Keyboard,Electronics,Accessories,1.00,1299.00,1299.00,0.15,194.85,1104.15,126.98,Lucknow,Uttar Pradesh,North,Credit Card,Standard,2024,8,August,0.115
ORD100044,27-02-2025,CUST1374,Customer_0374,P2012,Sandals,Clothing,Footwear,1.00,1299.00,1299.00,0.10,129.90,1169.10,339.04,Gurugram,Haryana,North,Credit Card,Standard,2025,2,February,0.29
ORD100377,13-12-2024,CUST1137,Customer_0137,P2024,Cricket Bat,Sports,Outdoor,2.00,2499.00,4998.00,0.10,499.80,4498.20,1124.55,Lucknow,Uttar Pradesh,North,Credit Card,Express,2024,12,December,0.25
ORD100645,09-04-2025,CUST1759,Customer_0759,P2010,Dress,Clothing,Women,1.00,1999.00,1999.00,0.30,599.70,1399.30,321.84,Noida,Uttar Pradesh,North,UPI,Standard,2025,4,April,0.23
ORD101318,12-02-2025,CUST1300,Customer_0300,P2013,Mixer Grinder,Home & Kitchen,Kitchen,3.00,3499.00,10497.00,0.10,1049.70,9447.30,1983.93,Hyderabad,Telangana,South,Debit Card,Express,2025,2,February,0.21
ORD101806,01-03-2025,CUST1420,Customer_0420,P2004,Wireless Mouse,Electronics,Accessories,3.00,899.00,2697.00,0.05,134.85,2562.15,371.51,Gurugram,Haryana,North,Cash on Delivery,Standard,2025,3,March,0.145
ORD101975,07-04-2024,CUST1462,Customer_0462,P2003,Laptop,Electronics,Computers,1.00,59999.00,59999.00,0.10,5999.90,53999.10,7019.88,Hyderabad,Telangana,South,Credit Card,Standard,2024,4,April,0.13
ORD103062,16-11-2024,CUST1043,Customer_0043,P2017,Office Chair,Home & Kitchen,Furniture,5.00,5999.00,29995.00,0.05,1499.75,28495.25,6411.43,Kolkata,West Bengal,East,UPI,Express,2024,11,November,0.225
ORD103736,13-03-2025,CUST1250,Customer_0250,P2016,Bedsheet Set,Home & Kitchen,Home Decor,1.00,999.00,999.00,0.20,199.80,799.20,143.86,Mumbai,Maharashtra,West,UPI,Standard,2025,3,March,0.18
ORD104709,16-11-2024,CUST1748,Customer_0748,P2018,Face Wash,Beauty,Skincare,1.00,399.00,399.00,0.15,59.85,339.15,113.62,Delhi,Delhi,North,Credit Card,Express,2024,11,November,0.335
ORD100224,12-11-2025,CUST1785,Customer_0785,P2017,Office Chair,Home & Kitchen,Furniture,1.00,5999.00,5999.00,0.25,1499.75,4499.25,742.38,Hyderabad,Telangana,South,Debit Card,Standard,2025,11,November,0.165
ORD100783,18-09-2024,CUST1665,Customer_0665,P2008,Jeans,Clothing,Men,3.00,1799.00,5397.00,0.10,539.70,4857.30,1408.62,Noida,Uttar Pradesh,North,Debit Card,Express,2024,9,September,0.29
ORD101234,18-01-2025,CUST1079,Customer_0079,P2011,Sneakers,Clothing,Footwear,2.00,2499.00,4998.00,0.00,0.00,4998.00,1599.36,Gurugram,Haryana,North,UPI,Standard,2025,1,January,0.32
ORD101461,05-06-2024,CUST1069,Customer_0069,P2015,Table Lamp,Home & Kitchen,Home Decor,1.00,1299.00,1299.00,0.25,324.75,974.25,160.75,Lucknow,Uttar Pradesh,North,Credit Card,Express,2024,6,June,0.165
ORD102047,04-12-2025,CUST1645,Customer_0645,P2011,Sneakers,Clothing,Footwear,2.00,2499.00,4998.00,0.05,249.90,4748.10,1448.17,Pune,Maharashtra,West,Credit Card,Standard,2025,12,December,0.305
ORD103014,30-04-2025,CUST1073,Customer_0073,P2002,Wireless Earbuds,Electronics,Mobiles,3.00,2999.00,8997.00,0.00,0.00,8997.00,1439.52,Ahmedabad,Gujarat,West,UPI,Same Day,2025,4,April,0.16
ORD104019,09-03-2024,CUST1184,Customer_0184,P2008,Jeans,Clothing,Men,2.00,1799.00,3598.00,0.10,359.80,3238.20,939.08,Pune,Maharashtra,West,UPI,Standard,2024,3,March,0.29
ORD104076,03-04-2024,CUST1258,Customer_0258,P2004,Wireless Mouse,Electronics,Accessories,1.00,899.00,899.00,0.10,89.90,809.10,105.18,Kolkata,West Bengal,East,Credit Card,Standard,2024,4,April,0.13
ORD101060,28-03-2024,CUST1013,Customer_0013,P2011,Sneakers,Clothing,Footwear,1.00,2499.00,2499.00,0.00,0.00,2499.00,799.68,Ahmedabad,Gujarat,West,UPI,Express,2024,3,March,0.32
ORD101255,05-04-2024,CUST1738,Customer_0738,P2004,Wireless Mouse,Electronics,Accessories,1.00,899.00,899.00,0.10,89.90,809.10,105.18,Hyderabad,Telangana,South,Cash on Delivery,Standard,2024,4,April,0.13
ORD101722,18-03-2025,CUST1358,Customer_0358,P2001,Smartphone,Electronics,Mobiles,1.00,24999.00,24999.00,0.10,2499.90,22499.10,2924.88,Kolkata,West Bengal,East,Credit Card,Standard,2025,3,March,0.13
ORD101748,08-04-2024,CUST1528,Customer_0528,P2009,Kurti,Clothing,Women,2.00,1199.00,2398.00,0.05,119.90,2278.10,694.82,Delhi,Delhi,North,Cash on Delivery,Standard,2024,4,April,0.305
ORD101905,16-01-2025,CUST1673,Customer_0673,P2007,T-Shirt,Clothing,Men,2.00,799.00,1598.00,0.15,239.70,1358.30,373.53,Kolkata,West Bengal,East,Cash on Delivery,Standard,2025,1,January,0.275
ORD102100,13-05-2024,CUST1690,Customer_0690,P2004,Wireless Mouse,Electronics,Accessories,4.00,899.00,3596.00,0.05,179.80,3416.20,495.35,Chennai,Tamil Nadu,South,UPI,Standard,2024,5,May,0.145
ORD102161,23-07-2025,CUST1411,Customer_0411,P2021,Perfume,Beauty,Fragrance,1.00,1499.00,1499.00,0.10,149.90,1349.10,472.18,Chennai,Tamil Nadu,South,UPI,Express,2025,7,July,0.35
ORD104062,02-03-2024,CUST1133,Customer_0133,P2006,Power Bank,Electronics,Accessories,2.00,1499.00,2998.00,0.15,449.70,2548.30,293.05,Ahmedabad,Gujarat,West,UPI,Standard,2024,3,March,0.115
ORD104819,23-08-2025,CUST1664,Customer_0664,P2007,T-Shirt,Clothing,Men,1.00,799.00,799.00,0.25,199.75,599.25,146.82,Hyderabad,Telangana,South,UPI,Standard,2025,8,August,0.245
ORD100260,29-07-2025,CUST1003,Customer_0003,P2016,Bedsheet Set,Home & Kitchen,Home Decor,3.00,999.00,2997.00,0.05,149.85,2847.15,640.61,Ahmedabad,Gujarat,West,UPI,Standard,2025,7,July,0.225
ORD100461,29-07-2025,CUST1787,Customer_0787,P2005,Keyboard,Electronics,Accessories,2.00,1299.00,2598.00,0.25,649.50,1948.50,165.62,Ahmedabad,Gujarat,West,Credit Card,Express,2025,7,July,0.085
ORD100507,03-12-2024,CUST1633,Customer_0633,P2002,Wireless Earbuds,Electronics,Mobiles,1.00,2999.00,2999.00,0.00,0.00,2999.00,479.84,Delhi,Delhi,North,Credit Card,Same Day,2024,12,December,0.16
ORD100641,17-11-2025,CUST1190,Customer_0190,P2025,Football,Sports,Outdoor,1.00,999.00,999.00,0.20,199.80,799.20,175.82,Noida,Uttar Pradesh,North,Credit Card,Standard,2025,11,November,0.22
ORD100892,05-05-2024,CUST1227,Customer_0227,P2024,Cricket Bat,Sports,Outdoor,2.00,2499.00,4998.00,0.05,249.90,4748.10,1258.25,Mumbai,Maharashtra,West,Net Banking,Standard,2024,5,May,0.265
ORD102521,24-02-2025,CUST1250,Customer_0250,P2008,Jeans,Clothing,Men,1.00,1799.00,1799.00,0.00,0.00,1799.00,575.68,Jaipur,Rajasthan,North,Net Banking,Same Day,2025,2,February,0.32
ORD104400,28-12-2024,CUST1770,Customer_0770,P2012,Sandals,Clothing,Footwear,3.00,1299.00,3897.00,0.25,974.25,2922.75,716.07,Jaipur,Rajasthan,North,Net Banking,Standard,2024,12,December,0.245
ORD104548,12-11-2025,CUST1153,Customer_0153,P2006,Power Bank,Electronics,Accessories,1.00,1499.00,1499.00,0.00,0.00,1499.00,239.84,Lucknow,Uttar Pradesh,North,Net Banking,Same Day,2025,11,November,0.16
ORD100786,09-03-2025,CUST1630,Customer_0630,P2020,Shampoo,Beauty,Haircare,2.00,599.00,1198.00,0.05,59.90,1138.10,415.41,Chennai,Tamil Nadu,South,Debit Card,Standard,2025,3,March,0.365
ORD101039,22-02-2024,CUST1216,Customer_0216,P2018,Face Wash,Beauty,Skincare,1.00,399.00,399.00,0.15,59.85,339.15,113.62,Jaipur,Rajasthan,North,Credit Card,Standard,2024,2,February,0.335
ORD101426,21-10-2024,CUST1709,Customer_0709,P2010,Dress,Clothing,Women,1.00,1999.00,1999.00,0.25,499.75,1499.25,367.32,Mumbai,Maharashtra,West,UPI,Express,2024,10,October,0.245
ORD101459,06-09-2025,CUST1012,Customer_0012,P2006,Power Bank,Electronics,Accessories,1.00,1499.00,1499.00,0.10,149.90,1349.10,175.38,Lucknow,Uttar Pradesh,North,UPI,Express,2025,9,September,0.13
ORD103597,15-11-2024,CUST1322,Customer_0322,P2018,Face Wash,Beauty,Skincare,1.00,399.00,399.00,0.05,19.95,379.05,138.35,Gurugram,Haryana,North,UPI,Standard,2024,11,November,0.365
ORD100773,26-12-2024,CUST1671,Customer_0671,P2015,Table Lamp,Home & Kitchen,Home Decor,3.00,1299.00,3897.00,0.00,0.00,3897.00,935.28,Hyderabad,Telangana,South,Net Banking,Standard,2024,12,December,0.24
ORD100985,16-04-2024,CUST1403,Customer_0403,P2015,Table Lamp,Home & Kitchen,Home Decor,1.00,1299.00,1299.00,0.05,64.95,1234.05,277.66,Noida,Uttar Pradesh,North,Debit Card,Same Day,2024,4,April,0.225
ORD102071,14-08-2025,CUST1250,Customer_0250,P2009,Kurti,Clothing,Women,3.00,1199.00,3597.00,0.20,719.40,2877.60,748.18,Pune,Maharashtra,West,UPI,Standard,2025,8,August,0.26
ORD102622,03-06-2025,CUST1051,Customer_0051,P2012,Sandals,Clothing,Footwear,1.00,1299.00,1299.00,0.20,259.80,1039.20,270.19,Mumbai,Maharashtra,West,UPI,Standard,2025,6,June,0.26
ORD102769,05-08-2024,CUST1786,Customer_0786,P2004,Wireless Mouse,Electronics,Accessories,4.00,899.00,3596.00,0.25,899.00,2697.00,229.24,Kolkata,West Bengal,East,Credit Card,Express,2024,8,August,0.085
ORD103085,07-06-2024,CUST1571,Customer_0571,P2020,Shampoo,Beauty,Haircare,1.00,599.00,599.00,0.30,179.70,419.30,121.60,Chennai,Tamil Nadu,South,Debit Card,Standard,2024,6,June,0.29
ORD103573,03-11-2025,CUST1394,Customer_0394,P2009,Kurti,Clothing,Women,3.00,1199.00,3597.00,0.00,0.00,3597.00,1151.04,Chennai,Tamil Nadu,South,Credit Card,Express,2025,11,November,0.32
ORD103697,08-05-2025,CUST1375,Customer_0375,P2022,Yoga Mat,Sports,Fitness,2.00,899.00,1798.00,0.00,0.00,1798.00,503.44,Kolkata,West Bengal,East,UPI,Standard,2025,5,May,0.28
ORD103866,17-08-2024,CUST1154,Customer_0154,P2022,Yoga Mat,Sports,Fitness,2.00,899.00,1798.00,0.20,359.60,1438.40,316.45,Jaipur,Rajasthan,North,Cash on Delivery,Same Day,2024,8,August,0.22
ORD103988,20-04-2024,CUST1055,Customer_0055,P2004,Wireless Mouse,Electronics,Accessories,1.00,899.00,899.00,0.10,89.90,809.10,105.18,Lucknow,Uttar Pradesh,North,Credit Card,Express,2024,4,April,0.13
ORD100656,24-12-2024,CUST1170,Customer_0170,P2004,Wireless Mouse,Electronics,Accessories,1.00,899.00,899.00,0.00,0.00,899.00,143.84,Mumbai,Maharashtra,West,Net Banking,Same Day,2024,12,December,0.16
ORD100928,23-07-2025,CUST1786,Customer_0786,P2012,Sandals,Clothing,Footwear,1.00,1299.00,1299.00,0.20,259.80,1039.20,270.19,Pune,Maharashtra,West,Cash on Delivery,Standard,2025,7,July,0.26
ORD101051,11-01-2025,CUST1730,Customer_0730,P2018,Face Wash,Beauty,Skincare,1.00,399.00,399.00,0.05,19.95,379.05,138.35,Hyderabad,Telangana,South,UPI,Express,2025,1,January,0.365
ORD101910,27-04-2024,CUST1764,Customer_0764,P2017,Office Chair,Home & Kitchen,Furniture,3.00,5999.00,17997.00,0.10,1799.70,16197.30,3401.43,Noida,Uttar Pradesh,North,Debit Card,Express,2024,4,April,0.21
ORD101948,12-10-2024,CUST1334,Customer_0334,P2003,Laptop,Electronics,Computers,1.00,59999.00,59999.00,0.10,5999.90,53999.10,7019.88,Pune,Maharashtra,West,UPI,Standard,2024,10,October,0.13
ORD103089,10-08-2025,CUST1281,Customer_0281,P2015,Table Lamp,Home & Kitchen,Home Decor,1.00,1299.00,1299.00,0.10,129.90,1169.10,245.51,Kolkata,West Bengal,East,UPI,Standard,2025,8,August,0.21
ORD103982,19-08-2024,CUST1004,Customer_0004,P2018,Face Wash,Beauty,Skincare,1.00,399.00,399.00,0.25,99.75,299.25,91.27,Noida,Uttar Pradesh,North,UPI,Standard,2024,8,August,0.305
ORD104272,15-03-2025,CUST1769,Customer_0769,P2011,Sneakers,Clothing,Footwear,1.00,2499.00,2499.00,0.20,499.80,1999.20,519.79,Ahmedabad,Gujarat,West,UPI,Standard,2025,3,March,0.26
ORD104448,28-07-2025,CUST1382,Customer_0382,P2021,Perfume,Beauty,Fragrance,1.00,1499.00,1499.00,0.05,74.95,1424.05,519.78,Lucknow,Uttar Pradesh,North,UPI,Standard,2025,7,July,0.365
ORD100170,28-09-2025,CUST1766,Customer_0766,P2001,Smartphone,Electronics,Mobiles,2.00,24999.00,49998.00,0.05,2499.90,47498.10,6887.22,Ahmedabad,Gujarat,West,Credit Card,Standard,2025,9,September,0.145
ORD100173,20-09-2025,CUST1059,Customer_0059,P2010,Dress,Clothing,Women,1.00,1999.00,1999.00,0.05,99.95,1899.05,579.21,Bengaluru,Karnataka,South,Debit Card,Standard,2025,9,September,0.305
ORD100805,22-11-2025,CUST1669,Customer_0669,P2016,Bedsheet Set,Home & Kitchen,Home Decor,1.00,999.00,999.00,0.15,149.85,849.15,165.58,Pune,Maharashtra,West,UPI,Express,2025,11,November,0.195
ORD103286,20-10-2025,CUST1331,Customer_0331,P2011,Sneakers,Clothing,Footwear,2.00,2499.00,4998.00,0.15,749.70,4248.30,1168.28,Hyderabad,Telangana,South,UPI,Standard,2025,10,October,0.275
ORD103508,24-07-2025,CUST1364,Customer_0364,P2004,Wireless Mouse,Electronics,Accessories,1.00,899.00,899.00,0.25,224.75,674.25,57.31,Bengaluru,Karnataka,South,UPI,Standard,2025,7,July,0.085
ORD103710,27-01-2024,CUST1361,Customer_0361,P2002,Wireless Earbuds,Electronics,Mobiles,1.00,2999.00,2999.00,0.05,149.95,2849.05,413.11,Bengaluru,Karnataka,South,Net Banking,Same Day,2024,1,January,0.145
ORD103872,15-09-2025,CUST1725,Customer_0725,P2003,Laptop,Electronics,Computers,1.00,59999.00,59999.00,0.20,11999.80,47999.20,4799.92,Bengaluru,Karnataka,South,Credit Card,Express,2025,9,September,0.1
ORD104137,04-11-2025,CUST1132,Customer_0132,P2020,Shampoo,Beauty,Haircare,1.00,599.00,599.00,0.15,89.85,509.15,170.57,Bengaluru,Karnataka,South,UPI,Standard,2025,11,November,0.335
ORD104224,11-12-2025,CUST1190,Customer_0190,P2009,Kurti,Clothing,Women,1.00,1199.00,1199.00,0.15,179.85,1019.15,280.27,Bengaluru,Karnataka,South,Credit Card,Standard,2025,12,December,0.275
ORD104397,30-09-2024,CUST1707,Customer_0707,P2017,Office Chair,Home & Kitchen,Furniture,1.00,5999.00,5999.00,0.05,299.95,5699.05,1282.29,Delhi,Delhi,North,Cash on Delivery,Standard,2024,9,September,0.225
ORD104965,30-01-2024,CUST1100,Customer_0100,P2012,Sandals,Clothing,Footwear,1.00,1299.00,1299.00,0.15,194.85,1104.15,303.64,Delhi,Delhi,North,UPI,Standard,2024,1,January,0.275
ORD100466,03-07-2024,CUST1437,Customer_0437,P2004,Wireless Mouse,Electronics,Accessories,2.00,899.00,1798.00,0.15,269.70,1528.30,175.75,Gurugram,Haryana,North,Credit Card,Express,2024,7,July,0.115
ORD100748,06-10-2024,CUST1154,Customer_0154,P2001,Smartphone,Electronics,Mobiles,2.00,24999.00,49998.00,0.20,9999.60,39998.40,3999.84,Hyderabad,Telangana,South,UPI,Standard,2024,10,October,0.1
ORD101857,20-12-2025,CUST1715,Customer_0715,P2016,Bedsheet Set,Home & Kitchen,Home Decor,1.00,999.00,999.00,0.05,49.95,949.05,213.54,Delhi,Delhi,North,Net Banking,Standard,2025,12,December,0.225
ORD104252,12-11-2024,CUST1453,Customer_0453,P2021,Perfume,Beauty,Fragrance,2.00,1499.00,2998.00,0.10,299.80,2698.20,944.37,Jaipur,Rajasthan,North,Debit Card,Standard,2024,11,November,0.35
ORD100538,13-12-2024,CUST1444,Customer_0444,P2016,Bedsheet Set,Home & Kitchen,Home Decor,4.00,999.00,3996.00,0.30,1198.80,2797.20,419.58,Ahmedabad,Gujarat,West,UPI,Standard,2024,12,December,0.15
ORD100803,25-12-2024,CUST1069,Customer_0069,P2021,Perfume,Beauty,Fragrance,1.00,1499.00,1499.00,0.10,149.90,1349.10,472.18,Delhi,Delhi,North,Credit Card,Same Day,2024,12,December,0.35
ORD100870,07-01-2024,CUST1324,Customer_0324,P2002,Wireless Earbuds,Electronics,Mobiles,1.00,2999.00,2999.00,0.10,299.90,2699.10,350.88,Delhi,Delhi,North,UPI,Standard,2024,1,January,0.13
ORD100977,04-07-2024,CUST1374,Customer_0374,P2008,Jeans,Clothing,Men,1.00,1799.00,1799.00,0.25,449.75,1349.25,330.57,Gurugram,Haryana,North,UPI,Same Day,2024,7,July,0.245
ORD101404,26-05-2024,CUST1274,Customer_0274,P2024,Cricket Bat,Sports,Outdoor,3.00,2499.00,7497.00,0.15,1124.55,6372.45,1497.53,Mumbai,Maharashtra,West,Debit Card,Standard,2024,5,May,0.235
ORD102076,02-08-2025,CUST1675,Customer_0675,P2010,Dress,Clothing,Women,2.00,1999.00,3998.00,0.10,399.80,3598.20,1043.48,Noida,Uttar Pradesh,North,UPI,Standard,2025,8,August,0.29
ORD102124,04-11-2025,CUST1770,Customer_0770,P2025,Football,Sports,Outdoor,1.00,999.00,999.00,0.10,99.90,899.10,224.78,Chennai,Tamil Nadu,South,Credit Card,Express,2025,11,November,0.25
ORD102575,14-02-2025,CUST1526,Customer_0526,P2014,Cookware Set,Home & Kitchen,Kitchen,1.00,2999.00,2999.00,0.20,599.80,2399.20,431.86,Noida,Uttar Pradesh,North,UPI,Standard,2025,2,February,0.18
ORD102792,12-03-2024,CUST1409,Customer_0409,P2005,Keyboard,Electronics,Accessories,1.00,1299.00,1299.00,0.20,259.80,1039.20,103.92,Hyderabad,Telangana,South,Net Banking,Standard,2024,3,March,0.1
ORD103005,25-05-2024,CUST1133,Customer_0133,P2013,Mixer Grinder,Home & Kitchen,Kitchen,1.00,3499.00,3499.00,0.20,699.80,2799.20,503.86,Mumbai,Maharashtra,West,UPI,Express,2024,5,May,0.18
ORD103141,10-10-2025,CUST1358,Customer_0358,P2013,Mixer Grinder,Home & Kitchen,Kitchen,1.00,3499.00,3499.00,0.10,349.90,3149.10,661.31,Delhi,Delhi,North,Credit Card,Standard,2025,10,October,0.21
ORD103630,01-02-2024,CUST1551,Customer_0551,P2017,Office Chair,Home & Kitchen,Furniture,1.00,5999.00,5999.00,0.05,299.95,5699.05,1282.29,Lucknow,Uttar Pradesh,North,Debit Card,Standard,2024,2,February,0.225
ORD104183,03-04-2024,CUST1416,Customer_0416,P2025,Football,Sports,Outdoor,1.00,999.00,999.00,0.10,99.90,899.10,224.78,Chennai,Tamil Nadu,South,UPI,Same Day,2024,4,April,0.25
ORD100042,27-06-2025,CUST1043,Customer_0043,P2008,Jeans,Clothing,Men,1.00,1799.00,1799.00,0.15,269.85,1529.15,420.52,Delhi,Delhi,North,Credit Card,Express,2025,6,June,0.275
ORD100636,08-08-2024,CUST1737,Customer_0737,P2024,Cricket Bat,Sports,Outdoor,1.00,2499.00,2499.00,0.10,249.90,2249.10,562.28,Pune,Maharashtra,West,UPI,Standard,2024,8,August,0.25
ORD102467,20-01-2025,CUST1143,Customer_0143,P2020,Shampoo,Beauty,Haircare,2.00,599.00,1198.00,0.00,0.00,1198.00,455.24,Chennai,Tamil Nadu,South,Credit Card,Express,2025,1,January,0.38
ORD102915,05-03-2025,CUST1405,Customer_0405,P2011,Sneakers,Clothing,Footwear,2.00,2499.00,4998.00,0.25,1249.50,3748.50,918.38,Pune,Maharashtra,West,Net Banking,Express,2025,3,March,0.245
ORD103923,09-04-2025,CUST1684,Customer_0684,P2025,Football,Sports,Outdoor,2.00,999.00,1998.00,0.15,299.70,1698.30,399.10,Kolkata,West Bengal,East,Credit Card,Standard,2025,4,April,0.235
ORD101409,15-12-2024,CUST1348,Customer_0348,P2020,Shampoo,Beauty,Haircare,1.00,599.00,599.00,0.05,29.95,569.05,207.70,Jaipur,Rajasthan,North,Debit Card,Standard,2024,12,December,0.365
ORD101483,10-06-2024,CUST1390,Customer_0390,P2016,Bedsheet Set,Home & Kitchen,Home Decor,3.00,999.00,2997.00,0.20,599.40,2397.60,431.57,Gurugram,Haryana,North,Credit Card,Standard,2024,6,June,0.18
ORD103288,13-01-2025,CUST1318,Customer_0318,P2005,Keyboard,Electronics,Accessories,3.00,1299.00,3897.00,0.25,974.25,2922.75,248.43,Bengaluru,Karnataka,South,Credit Card,Express,2025,1,January,0.085
ORD100167,15-11-2024,CUST1798,Customer_0798,P2010,Dress,Clothing,Women,2.00,1999.00,3998.00,0.30,1199.40,2798.60,643.68,Pune,Maharashtra,West,UPI,Express,2024,11,November,0.23
ORD100203,28-11-2024,CUST1350,Customer_0350,P2018,Face Wash,Beauty,Skincare,1.00,399.00,399.00,0.15,59.85,339.15,113.62,Mumbai,Maharashtra,West,Net Banking,Standard,2024,11,November,0.335
ORD100666,04-08-2025,CUST1649,Customer_0649,P2025,Football,Sports,Outdoor,1.00,999.00,999.00,0.20,199.80,799.20,175.82,Gurugram,Haryana,North,Credit Card,Standard,2025,8,August,0.22
ORD101365,02-09-2025,CUST1425,Customer_0425,P2024,Cricket Bat,Sports,Outdoor,2.00,2499.00,4998.00,0.15,749.70,4248.30,998.35,Hyderabad,Telangana,South,Debit Card,Standard,2025,9,September,0.235
ORD101616,27-03-2024,CUST1112,Customer_0112,P2021,Perfume,Beauty,Fragrance,1.00,1499.00,1499.00,0.15,224.85,1274.15,426.84,Ahmedabad,Gujarat,West,Net Banking,Standard,2024,3,March,0.335
ORD102696,23-02-2024,CUST1192,Customer_0192,P2020,Shampoo,Beauty,Haircare,1.00,599.00,599.00,0.00,0.00,599.00,227.62,Bengaluru,Karnataka,South,UPI,Express,2024,2,February,0.38
ORD103268,08-06-2024,CUST1207,Customer_0207,P2008,Jeans,Clothing,Men,1.00,1799.00,1799.00,0.05,89.95,1709.05,521.26,Noida,Uttar Pradesh,North,Debit Card,Standard,2024,6,June,0.305
ORD100090,10-06-2024,CUST1384,Customer_0384,P2003,Laptop,Electronics,Computers,1.00,59999.00,59999.00,0.05,2999.95,56999.05,8264.86,Jaipur,Rajasthan,North,UPI,Express,2024,6,June,0.145
ORD100316,24-09-2025,CUST1368,Customer_0368,P2015,Table Lamp,Home & Kitchen,Home Decor,1.00,1299.00,1299.00,0.05,64.95,1234.05,277.66,Delhi,Delhi,North,Credit Card,Standard,2025,9,September,0.225
ORD100317,20-02-2024,CUST1062,Customer_0062,P2003,Laptop,Electronics,Computers,1.00,59999.00,59999.00,0.10,5999.90,53999.10,7019.88,Delhi,Delhi,North,Net Banking,Standard,2024,2,February,0.13
ORD100412,21-11-2025,CUST1375,Customer_0375,P2018,Face Wash,Beauty,Skincare,3.00,399.00,1197.00,0.15,179.55,1017.45,340.85,Ahmedabad,Gujarat,West,Net Banking,Express,2025,11,November,0.335
ORD100415,24-03-2024,CUST1432,Customer_0432,P2011,Sneakers,Clothing,Footwear,1.00,2499.00,2499.00,0.00,0.00,2499.00,799.68,Gurugram,Haryana,North,Credit Card,Standard,2024,3,March,0.32
ORD100817,05-10-2024,CUST1528,Customer_0528,P2009,Kurti,Clothing,Women,2.00,1199.00,2398.00,0.10,239.80,2158.20,625.88,Lucknow,Uttar Pradesh,North,UPI,Same Day,2024,10,October,0.29
ORD100853,29-03-2025,CUST1468,Customer_0468,P2003,Laptop,Electronics,Computers,1.00,59999.00,59999.00,0.10,5999.90,53999.10,7019.88,Delhi,Delhi,North,UPI,Standard,2025,3,March,0.13
ORD102103,08-11-2025,CUST1678,Customer_0678,P2004,Wireless Mouse,Electronics,Accessories,1.00,899.00,899.00,0.15,134.85,764.15,87.88,Chennai,Tamil Nadu,South,Debit Card,Standard,2025,11,November,0.115
ORD102205,10-03-2025,CUST1502,Customer_0502,P2023,Dumbbells,Sports,Fitness,1.00,1599.00,1599.00,0.15,239.85,1359.15,319.40,Jaipur,Rajasthan,North,Debit Card,Express,2025,3,March,0.235
ORD102413,12-05-2025,CUST1503,Customer_0503,P2025,Football,Sports,Outdoor,1.00,999.00,999.00,0.10,99.90,899.10,224.78,Delhi,Delhi,North,Debit Card,Standard,2025,5,May,0.25
ORD102761,13-09-2025,CUST1069,Customer_0069,P2025,Football,Sports,Outdoor,1.00,999.00,999.00,0.10,99.90,899.10,224.78,Noida,Uttar Pradesh,North,Debit Card,Express,2025,9,September,0.25
ORD102925,28-03-2025,CUST1117,Customer_0117,P2008,Jeans,Clothing,Men,2.00,1799.00,3598.00,0.15,539.70,3058.30,841.03,Gurugram,Haryana,North,Net Banking,Standard,2025,3,March,0.275
ORD103865,28-02-2025,CUST1443,Customer_0443,P2010,Dress,Clothing,Women,5.00,1999.00,9995.00,0.10,999.50,8995.50,2608.70,Kolkata,West Bengal,East,UPI,Standard,2025,2,February,0.29
ORD104551,06-10-2024,CUST1088,Customer_0088,P2005,Keyboard,Electronics,Accessories,1.00,1299.00,1299.00,0.30,389.70,909.30,63.65,Pune,Maharashtra,West,Credit Card,Express,2024,10,October,0.07
ORD104690,08-08-2024,CUST1105,Customer_0105,P2002,Wireless Earbuds,Electronics,Mobiles,2.00,2999.00,5998.00,0.05,299.90,5698.10,826.22,Jaipur,Rajasthan,North,Net Banking,Express,2024,8,August,0.145
ORD100649,08-06-2025,CUST1769,Customer_0769,P2007,T-Shirt,Clothing,Men,2.00,799.00,1598.00,0.05,79.90,1518.10,463.02,Ahmedabad,Gujarat,West,Cash on Delivery,Standard,2025,6,June,0.305
ORD100739,26-04-2024,CUST1330,Customer_0330,P2007,T-Shirt,Clothing,Men,2.00,799.00,1598.00,0.10,159.80,1438.20,417.08,Gurugram,Haryana,North,UPI,Standard,2024,4,April,0.29
ORD101569,19-12-2024,CUST1157,Customer_0157,P2023,Dumbbells,Sports,Fitness,1.00,1599.00,1599.00,0.00,0.00,1599.00,447.72,Kolkata,West Bengal,East,Cash on Delivery,Standard,2024,12,December,0.28
ORD103770,16-03-2025,CUST1692,Customer_0692,P2021,Perfume,Beauty,Fragrance,1.00,1499.00,1499.00,0.20,299.80,1199.20,383.74,Jaipur,Rajasthan,North,UPI,Standard,2025,3,March,0.32
ORD100196,23-04-2024,CUST1710,Customer_0710,P2020,Shampoo,Beauty,Haircare,1.00,599.00,599.00,0.10,59.90,539.10,188.68,Jaipur,Rajasthan,North,Credit Card,Express,2024,4,April,0.35
ORD100255,17-10-2024,CUST1377,Customer_0377,P2012,Sandals,Clothing,Footwear,2.00,1299.00,2598.00,0.05,129.90,2468.10,752.77,Ahmedabad,Gujarat,West,Credit Card,Standard,2024,10,October,0.305
ORD100403,25-11-2025,CUST1601,Customer_0601,P2012,Sandals,Clothing,Footwear,3.00,1299.00,3897.00,0.10,389.70,3507.30,1017.12,Ahmedabad,Gujarat,West,Credit Card,Standard,2025,11,November,0.29
ORD100854,25-11-2025,CUST1306,Customer_0306,P2003,Laptop,Electronics,Computers,1.00,59999.00,59999.00,0.20,11999.80,47999.20,4799.92,Hyderabad,Telangana,South,Debit Card,Express,2025,11,November,0.1
ORD101715,30-08-2025,CUST1293,Customer_0293,P2024,Cricket Bat,Sports,Outdoor,1.00,2499.00,2499.00,0.15,374.85,2124.15,499.18,Kolkata,West Bengal,East,UPI,Standard,2025,8,August,0.235
ORD102332,13-05-2025,CUST1431,Customer_0431,P2017,Office Chair,Home & Kitchen,Furniture,1.00,5999.00,5999.00,0.20,1199.80,4799.20,863.86,Lucknow,Uttar Pradesh,North,UPI,Express,2025,5,May,0.18
ORD103125,23-06-2025,CUST1134,Customer_0134,P2009,Kurti,Clothing,Women,3.00,1199.00,3597.00,0.10,359.70,3237.30,938.82,Pune,Maharashtra,West,Credit Card,Standard,2025,6,June,0.29
ORD103675,14-11-2025,CUST1346,Customer_0346,P2004,Wireless Mouse,Electronics,Accessories,1.00,899.00,899.00,0.10,89.90,809.10,105.18,Jaipur,Rajasthan,North,Credit Card,Express,2025,11,November,0.13
ORD104516,11-11-2024,CUST1231,Customer_0231,P2008,Jeans,Clothing,Men,1.00,1799.00,1799.00,0.05,89.95,1709.05,521.26,Delhi,Delhi,North,Net Banking,Standard,2024,11,November,0.305
ORD104865,16-02-2024,CUST1209,Customer_0209,P2013,Mixer Grinder,Home & Kitchen,Kitchen,2.00,3499.00,6998.00,0.15,1049.70,5948.30,1159.92,Jaipur,Rajasthan,North,Credit Card,Standard,2024,2,February,0.195
ORD102036,13-08-2024,CUST1741,Customer_0741,P2018,Face Wash,Beauty,Skincare,1.00,399.00,399.00,0.10,39.90,359.10,125.68,Ahmedabad,Gujarat,West,Debit Card,Standard,2024,8,August,0.35
ORD102458,08-02-2025,CUST1358,Customer_0358,P2007,T-Shirt,Clothing,Men,2.00,799.00,1598.00,0.20,319.60,1278.40,332.38,Kolkata,West Bengal,East,UPI,Standard,2025,2,February,0.26
ORD103912,05-09-2025,CUST1728,Customer_0728,P2007,T-Shirt,Clothing,Men,2.00,799.00,1598.00,0.15,239.70,1358.30,373.53,Kolkata,West Bengal,East,Credit Card,Express,2025,9,September,0.275
ORD104268,26-02-2024,CUST1490,Customer_0490,P2018,Face Wash,Beauty,Skincare,2.00,399.00,798.00,0.00,0.00,798.00,303.24,Jaipur,Rajasthan,North,UPI,Standard,2024,2,February,0.38
ORD100942,08-01-2024,CUST1129,Customer_0129,P2005,Keyboard,Electronics,Accessories,1.00,1299.00,1299.00,0.10,129.90,1169.10,151.98,Lucknow,Uttar Pradesh,North,Net Banking,Standard,2024,1,January,0.13
ORD101383,28-07-2024,CUST1122,Customer_0122,P2025,Football,Sports,Outdoor,3.00,999.00,2997.00,0.20,599.40,2397.60,527.47,Ahmedabad,Gujarat,West,Credit Card,Express,2024,7,July,0.22
ORD101725,04-11-2024,CUST1401,Customer_0401,P2019,Sunscreen,Beauty,Skincare,1.00,699.00,699.00,0.00,0.00,699.00,265.62,Hyderabad,Telangana,South,Credit Card,Standard,2024,11,November,0.38
ORD103498,04-08-2024,CUST1032,Customer_0032,P2018,Face Wash,Beauty,Skincare,1.00,399.00,399.00,0.10,39.90,359.10,125.68,Ahmedabad,Gujarat,West,Debit Card,Standard,2024,8,August,0.35
ORD103640,20-05-2024,CUST1391,Customer_0391,P2024,Cricket Bat,Sports,Outdoor,1.00,2499.00,2499.00,0.05,124.95,2374.05,629.12,Pune,Maharashtra,West,UPI,Express,2024,5,May,0.265
ORD104454,18-09-2024,CUST1188,Customer_0188,P2003,Laptop,Electronics,Computers,3.00,59999.00,179997.00,0.00,0.00,179997.00,28799.52,Pune,Maharashtra,West,Credit Card,Standard,2024,9,September,0.16
ORD100353,23-10-2024,CUST1267,Customer_0267,P2017,Office Chair,Home & Kitchen,Furniture,2.00,5999.00,11998.00,0.25,2999.50,8998.50,1484.75,Ahmedabad,Gujarat,West,Credit Card,Standard,2024,10,October,0.165
ORD102635,01-12-2024,CUST1647,Customer_0647,P2012,Sandals,Clothing,Footwear,3.00,1299.00,3897.00,0.10,389.70,3507.30,1017.12,Bengaluru,Karnataka,South,UPI,Standard,2024,12,December,0.29
ORD103185,02-05-2024,CUST1251,Customer_0251,P2007,T-Shirt,Clothing,Men,3.00,799.00,2397.00,0.10,239.70,2157.30,625.62,Jaipur,Rajasthan,North,UPI,Standard,2024,5,May,0.29
ORD103398,08-01-2024,CUST1668,Customer_0668,P2010,Dress,Clothing,Women,4.00,1999.00,7996.00,0.10,799.60,7196.40,2086.96,Delhi,Delhi,North,Debit Card,Express,2024,1,January,0.29
ORD104100,24-05-2025,CUST1797,Customer_0797,P2021,Perfume,Beauty,Fragrance,2.00,1499.00,2998.00,0.15,449.70,2548.30,853.68,Jaipur,Rajasthan,North,Net Banking,Standard,2025,5,May,0.335
ORD100437,16-03-2025,CUST1275,Customer_0275,P2004,Wireless Mouse,Electronics,Accessories,3.00,899.00,2697.00,0.15,404.55,2292.45,263.63,Ahmedabad,Gujarat,West,Credit Card,Standard,2025,3,March,0.115
ORD101249,28-06-2024,CUST1552,Customer_0552,P2005,Keyboard,Electronics,Accessories,1.00,1299.00,1299.00,0.10,129.90,1169.10,151.98,Lucknow,Uttar Pradesh,North,Debit Card,Express,2024,6,June,0.13
ORD101436,12-05-2024,CUST1745,Customer_0745,P2021,Perfume,Beauty,Fragrance,4.00,1499.00,5996.00,0.15,899.40,5096.60,1707.36,Hyderabad,Telangana,South,UPI,Express,2024,5,May,0.335
ORD104595,24-01-2025,CUST1053,Customer_0053,P2002,Wireless Earbuds,Electronics,Mobiles,2.00,2999.00,5998.00,0.05,299.90,5698.10,826.22,Kolkata,West Bengal,East,Credit Card,Express,2025,1,January,0.145
ORD100797,29-06-2025,CUST1616,Customer_0616,P2011,Sneakers,Clothing,Footwear,1.00,2499.00,2499.00,0.05,124.95,2374.05,724.09,Kolkata,West Bengal,East,Debit Card,Standard,2025,6,June,0.305
ORD101181,21-12-2025,CUST1741,Customer_0741,P2011,Sneakers,Clothing,Footwear,2.00,2499.00,4998.00,0.15,749.70,4248.30,1168.28,Gurugram,Haryana,North,Net Banking,Standard,2025,12,December,0.275
ORD101672,23-08-2024,CUST1665,Customer_0665,P2001,Smartphone,Electronics,Mobiles,1.00,24999.00,24999.00,0.15,3749.85,21249.15,2443.65,Kolkata,West Bengal,East,Credit Card,Express,2024,8,August,0.115
ORD103168,27-05-2025,CUST1662,Customer_0662,P2001,Smartphone,Electronics,Mobiles,2.00,24999.00,49998.00,0.20,9999.60,39998.40,3999.84,Gurugram,Haryana,North,Debit Card,Standard,2025,5,May,0.1
ORD103171,26-07-2025,CUST1303,Customer_0303,P2023,Dumbbells,Sports,Fitness,1.00,1599.00,1599.00,0.00,0.00,1599.00,447.72,Kolkata,West Bengal,East,UPI,Standard,2025,7,July,0.28
ORD103309,15-11-2025,CUST1787,Customer_0787,P2022,Yoga Mat,Sports,Fitness,1.00,899.00,899.00,0.10,89.90,809.10,202.28,Bengaluru,Karnataka,South,UPI,Standard,2025,11,November,0.25
ORD104267,28-12-2024,CUST1522,Customer_0522,P2012,Sandals,Clothing,Footwear,2.00,1299.00,2598.00,0.00,0.00,2598.00,831.36,Bengaluru,Karnataka,South,UPI,Standard,2024,12,December,0.32
ORD100169,14-03-2024,CUST1399,Customer_0399,P2007,T-Shirt,Clothing,Men,1.00,799.00,799.00,0.25,199.75,599.25,146.82,Delhi,Delhi,North,UPI,Standard,2024,3,March,0.245
ORD100292,10-02-2025,CUST1645,Customer_0645,P2019,Sunscreen,Beauty,Skincare,2.00,699.00,1398.00,0.00,0.00,1398.00,531.24,Bengaluru,Karnataka,South,Cash on Delivery,Standard,2025,2,February,0.38
ORD101772,13-02-2024,CUST1793,Customer_0793,P2009,Kurti,Clothing,Women,1.00,1199.00,1199.00,0.20,239.80,959.20,249.39,Pune,Maharashtra,West,UPI,Standard,2024,2,February,0.26
ORD102278,22-03-2025,CUST1103,Customer_0103,P2025,Football,Sports,Outdoor,2.00,999.00,1998.00,0.00,0.00,1998.00,559.44,Delhi,Delhi,North,Cash on Delivery,Standard,2025,3,March,0.28
ORD102787,20-01-2024,CUST1227,Customer_0227,P2001,Smartphone,Electronics,Mobiles,4.00,24999.00,99996.00,0.15,14999.40,84996.60,9774.61,Gurugram,Haryana,North,Debit Card,Same Day,2024,1,January,0.115
ORD104250,15-04-2025,CUST1269,Customer_0269,P2006,Power Bank,Electronics,Accessories,4.00,1499.00,5996.00,0.10,599.60,5396.40,701.53,Delhi,Delhi,North,Net Banking,Express,2025,4,April,0.13
ORD104450,20-03-2024,CUST1782,Customer_0782,P2016,Bedsheet Set,Home & Kitchen,Home Decor,2.00,999.00,1998.00,0.20,399.60,1598.40,287.71,Kolkata,West Bengal,East,UPI,Standard,2024,3,March,0.18
ORD104671,16-11-2024,CUST1645,Customer_0645,P2023,Dumbbells,Sports,Fitness,2.00,1599.00,3198.00,0.15,479.70,2718.30,638.80,Ahmedabad,Gujarat,West,Credit Card,Standard,2024,11,November,0.235
ORD104949,12-08-2025,CUST1111,Customer_0111,P2018,Face Wash,Beauty,Skincare,2.00,399.00,798.00,0.05,39.90,758.10,276.71,Delhi,Delhi,North,Debit Card,Standard,2025,8,August,0.365
ORD104970,15-03-2025,CUST1677,Customer_0677,P2018,Face Wash,Beauty,Skincare,2.00,399.00,798.00,0.10,79.80,718.20,251.37,Delhi,Delhi,North,UPI,Express,2025,3,March,0.35
ORD101215,10-08-2025,CUST1427,Customer_0427,P2022,Yoga Mat,Sports,Fitness,1.00,899.00,899.00,0.00,0.00,899.00,251.72,Hyderabad,Telangana,South,Debit Card,Standard,2025,8,August,0.28
ORD101543,18-02-2025,CUST1180,Customer_0180,P2012,Sandals,Clothing,Footwear,1.00,1299.00,1299.00,0.10,129.90,1169.10,339.04,Lucknow,Uttar Pradesh,North,Net Banking,Standard,2025,2,February,0.29
ORD101551,27-12-2025,CUST1660,Customer_0660,P2016,Bedsheet Set,Home & Kitchen,Home Decor,1.00,999.00,999.00,0.10,99.90,899.10,188.81,Kolkata,West Bengal,East,Credit Card,Express,2025,12,December,0.21
ORD102638,17-10-2025,CUST1113,Customer_0113,P2012,Sandals,Clothing,Footwear,1.00,1299.00,1299.00,0.10,129.90,1169.10,339.04,Mumbai,Maharashtra,West,UPI,Standard,2025,10,October,0.29
ORD102648,03-03-2025,CUST1197,Customer_0197,P2001,Smartphone,Electronics,Mobiles,1.00,24999.00,24999.00,0.10,2499.90,22499.10,2924.88,Jaipur,Rajasthan,North,Credit Card,Express,2025,3,March,0.13
ORD103223,23-10-2024,CUST1463,Customer_0463,P2024,Cricket Bat,Sports,Outdoor,1.00,2499.00,2499.00,0.10,249.90,2249.10,562.28,Delhi,Delhi,North,Net Banking,Express,2024,10,October,0.25
ORD104152,27-04-2024,CUST1425,Customer_0425,P2017,Office Chair,Home & Kitchen,Furniture,4.00,5999.00,23996.00,0.15,3599.40,20396.60,3977.34,Ahmedabad,Gujarat,West,Net Banking,Express,2024,4,April,0.195
ORD104330,18-02-2025,CUST1755,Customer_0755,P2025,Football,Sports,Outdoor,1.00,999.00,999.00,0.00,0.00,999.00,279.72,Kolkata,West Bengal,East,Debit Card,Standard,2025,2,February,0.28
ORD100445,22-01-2024,CUST1601,Customer_0601,P2025,Football,Sports,Outdoor,1.00,999.00,999.00,0.15,149.85,849.15,199.55,Lucknow,Uttar Pradesh,North,Net Banking,Standard,2024,1,January,0.235
ORD100595,28-11-2024,CUST1013,Customer_0013,P2012,Sandals,Clothing,Footwear,1.00,1299.00,1299.00,0.10,129.90,1169.10,339.04,Bengaluru,Karnataka,South,Credit Card,Standard,2024,11,November,0.29
ORD102613,24-06-2024,CUST1253,Customer_0253,P2016,Bedsheet Set,Home & Kitchen,Home Decor,4.00,999.00,3996.00,0.00,0.00,3996.00,959.04,Kolkata,West Bengal,East,UPI,Standard,2024,6,June,0.24
ORD102852,24-09-2025,CUST1783,Customer_0783,P2012,Sandals,Clothing,Footwear,1.00,1299.00,1299.00,0.10,129.90,1169.10,339.04,Jaipur,Rajasthan,North,Cash on Delivery,Standard,2025,9,September,0.29
ORD102952,16-04-2025,CUST1389,Customer_0389,P2012,Sandals,Clothing,Footwear,3.00,1299.00,3897.00,0.15,584.55,3312.45,910.92,Bengaluru,Karnataka,South,Credit Card,Standard,2025,4,April,0.275
ORD103478,07-12-2025,CUST1671,Customer_0671,P2014,Cookware Set,Home & Kitchen,Kitchen,2.00,2999.00,5998.00,0.15,899.70,5098.30,994.17,Jaipur,Rajasthan,North,Credit Card,Standard,2025,12,December,0.195
ORD104017,05-01-2025,CUST1387,Customer_0387,P2007,T-Shirt,Clothing,Men,1.00,799.00,799.00,0.20,159.80,639.20,166.19,Pune,Maharashtra,West,Credit Card,Standard,2025,1,January,0.26
ORD100149,31-03-2024,CUST1333,Customer_0333,P2014,Cookware Set,Home & Kitchen,Kitchen,1.00,2999.00,2999.00,0.05,149.95,2849.05,641.04,Mumbai,Maharashtra,West,Cash on Delivery,Same Day,2024,3,March,0.225
ORD100171,23-03-2025,CUST1602,Customer_0602,P2019,Sunscreen,Beauty,Skincare,1.00,699.00,699.00,0.25,174.75,524.25,159.90,Hyderabad,Telangana,South,UPI,Express,2025,3,March,0.305
ORD100895,18-04-2024,CUST1253,Customer_0253,P2018,Face Wash,Beauty,Skincare,1.00,399.00,399.00,0.25,99.75,299.25,91.27,Kolkata,West Bengal,East,Cash on Delivery,Standard,2024,4,April,0.305
ORD101267,06-09-2024,CUST1288,Customer_0288,P2005,Keyboard,Electronics,Accessories,2.00,1299.00,2598.00,0.05,129.90,2468.10,357.87,Noida,Uttar Pradesh,North,Net Banking,Standard,2024,9,September,0.145
ORD101486,22-03-2025,CUST1284,Customer_0284,P2022,Yoga Mat,Sports,Fitness,3.00,899.00,2697.00,0.05,134.85,2562.15,678.97,Ahmedabad,Gujarat,West,UPI,Express,2025,3,March,0.265
ORD101881,26-08-2025,CUST1185,Customer_0185,P2021,Perfume,Beauty,Fragrance,1.00,1499.00,1499.00,0.05,74.95,1424.05,519.78,Mumbai,Maharashtra,West,Debit Card,Standard,2025,8,August,0.365
ORD104535,14-02-2025,CUST1340,Customer_0340,P2006,Power Bank,Electronics,Accessories,1.00,1499.00,1499.00,0.10,149.90,1349.10,175.38,Pune,Maharashtra,West,Cash on Delivery,Express,2025,2,February,0.13
ORD104571,20-06-2025,CUST1005,Customer_0005,P2013,Mixer Grinder,Home & Kitchen,Kitchen,1.00,3499.00,3499.00,0.20,699.80,2799.20,503.86,Jaipur,Rajasthan,North,Net Banking,Standard,2025,6,June,0.18
ORD104889,21-03-2024,CUST1733,Customer_0733,P2001,Smartphone,Electronics,Mobiles,1.00,24999.00,24999.00,0.20,4999.80,19999.20,1999.92,Chennai,Tamil Nadu,South,UPI,Express,2024,3,March,0.1
ORD101064,09-02-2025,CUST1383,Customer_0383,P2001,Smartphone,Electronics,Mobiles,1.00,24999.00,24999.00,0.10,2499.90,22499.10,2924.88,Kolkata,West Bengal,East,Debit Card,Standard,2025,2,February,0.13
ORD101742,13-11-2024,CUST1206,Customer_0206,P2025,Football,Sports,Outdoor,2.00,999.00,1998.00,0.15,299.70,1698.30,399.10,Delhi,Delhi,North,Debit Card,Standard,2024,11,November,0.235
ORD102432,13-12-2024,CUST1188,Customer_0188,P2012,Sandals,Clothing,Footwear,1.00,1299.00,1299.00,0.15,194.85,1104.15,303.64,Delhi,Delhi,North,Debit Card,Standard,2024,12,December,0.275
ORD102629,14-08-2024,CUST1744,Customer_0744,P2002,Wireless Earbuds,Electronics,Mobiles,2.00,2999.00,5998.00,0.15,899.70,5098.30,586.30,Ahmedabad,Gujarat,West,UPI,Express,2024,8,August,0.115
ORD102770,07-12-2024,CUST1422,Customer_0422,P2023,Dumbbells,Sports,Fitness,4.00,1599.00,6396.00,0.05,319.80,6076.20,1610.19,Bengaluru,Karnataka,South,Debit Card,Standard,2024,12,December,0.265
ORD104541,21-06-2024,CUST1125,Customer_0125,P2007,T-Shirt,Clothing,Men,1.00,799.00,799.00,0.30,239.70,559.30,128.64,Bengaluru,Karnataka,South,Net Banking,Standard,2024,6,June,0.23
ORD104698,19-03-2024,CUST1729,Customer_0729,P2002,Wireless Earbuds,Electronics,Mobiles,2.00,2999.00,5998.00,0.20,1199.60,4798.40,479.84,Gurugram,Haryana,North,Net Banking,Standard,2024,3,March,0.1
ORD101272,06-06-2025,CUST1376,Customer_0376,P2007,T-Shirt,Clothing,Men,1.00,799.00,799.00,0.30,239.70,559.30,128.64,Hyderabad,Telangana,South,UPI,Standard,2025,6,June,0.23
ORD101703,10-10-2025,CUST1622,Customer_0622,P2012,Sandals,Clothing,Footwear,2.00,1299.00,2598.00,0.10,259.80,2338.20,678.08,Mumbai,Maharashtra,West,Credit Card,Standard,2025,10,October,0.29
ORD100443,26-04-2024,CUST1433,Customer_0433,P2014,Cookware Set,Home & Kitchen,Kitchen,1.00,2999.00,2999.00,0.10,299.90,2699.10,566.81,Pune,Maharashtra,West,Net Banking,Standard,2024,4,April,0.21
ORD101527,27-06-2025,CUST1677,Customer_0677,P2013,Mixer Grinder,Home & Kitchen,Kitchen,1.00,3499.00,3499.00,0.05,174.95,3324.05,747.91,Jaipur,Rajasthan,North,Cash on Delivery,Standard,2025,6,June,0.225
ORD101638,06-06-2025,CUST1438,Customer_0438,P2012,Sandals,Clothing,Footwear,2.00,1299.00,2598.00,0.10,259.80,2338.20,678.08,Pune,Maharashtra,West,UPI,Standard,2025,6,June,0.29
ORD102164,17-07-2024,CUST1793,Customer_0793,P2012,Sandals,Clothing,Footwear,4.00,1299.00,5196.00,0.10,519.60,4676.40,1356.16,Lucknow,Uttar Pradesh,North,Credit Card,Standard,2024,7,July,0.29
ORD103211,23-12-2024,CUST1724,Customer_0724,P2002,Wireless Earbuds,Electronics,Mobiles,1.00,2999.00,2999.00,0.20,599.80,2399.20,239.92,Mumbai,Maharashtra,West,Cash on Delivery,Standard,2024,12,December,0.1
ORD103265,25-12-2024,CUST1109,Customer_0109,P2008,Jeans,Clothing,Men,1.00,1799.00,1799.00,0.20,359.80,1439.20,374.19,Hyderabad,Telangana,South,Cash on Delivery,Standard,2024,12,December,0.26
ORD104998,22-10-2025,CUST1243,Customer_0243,P2014,Cookware Set,Home & Kitchen,Kitchen,1.00,2999.00,2999.00,0.20,599.80,2399.20,431.86,Ahmedabad,Gujarat,West,UPI,Standard,2025,10,October,0.18
ORD100034,31-05-2024,CUST1626,Customer_0626,P2014,Cookware Set,Home & Kitchen,Kitchen,1.00,2999.00,2999.00,0.05,149.95,2849.05,641.04,Noida,Uttar Pradesh,North,Debit Card,Standard,2024,5,May,0.225
ORD100558,29-08-2024,CUST1376,Customer_0376,P2011,Sneakers,Clothing,Footwear,1.00,2499.00,2499.00,0.15,374.85,2124.15,584.14,Jaipur,Rajasthan,North,Cash on Delivery,Standard,2024,8,August,0.275
ORD100617,15-04-2024,CUST1507,Customer_0507,P2008,Jeans,Clothing,Men,1.00,1799.00,1799.00,0.10,179.90,1619.10,469.54,Kolkata,West Bengal,East,UPI,Same Day,2024,4,April,0.29
ORD100618,29-05-2024,CUST1435,Customer_0435,P2006,Power Bank,Electronics,Accessories,1.00,1499.00,1499.00,0.00,0.00,1499.00,239.84,Ahmedabad,Gujarat,West,Credit Card,Standard,2024,5,May,0.16
ORD100843,19-09-2024,CUST1616,Customer_0616,P2003,Laptop,Electronics,Computers,1.00,59999.00,59999.00,0.00,0.00,59999.00,9599.84,Lucknow,Uttar Pradesh,North,Debit Card,Standard,2024,9,September,0.16
ORD100996,21-07-2024,CUST1682,Customer_0682,P2021,Perfume,Beauty,Fragrance,3.00,1499.00,4497.00,0.30,1349.10,3147.90,912.89,Jaipur,Rajasthan,North,UPI,Standard,2024,7,July,0.29
ORD101192,26-06-2024,CUST1429,Customer_0429,P2004,Wireless Mouse,Electronics,Accessories,1.00,899.00,899.00,0.00,0.00,899.00,143.84,Chennai,Tamil Nadu,South,Net Banking,Standard,2024,6,June,0.16
ORD102088,08-09-2025,CUST1777,Customer_0777,P2008,Jeans,Clothing,Men,1.00,1799.00,1799.00,0.15,269.85,1529.15,420.52,Lucknow,Uttar Pradesh,North,Net Banking,Standard,2025,9,September,0.275
ORD102359,05-06-2024,CUST1453,Customer_0453,P2007,T-Shirt,Clothing,Men,3.00,799.00,2397.00,0.00,0.00,2397.00,767.04,Hyderabad,Telangana,South,UPI,Express,2024,6,June,0.32
ORD102492,02-11-2025,CUST1101,Customer_0101,P2001,Smartphone,Electronics,Mobiles,3.00,24999.00,74997.00,0.10,7499.70,67497.30,8774.65,Hyderabad,Telangana,South,Cash on Delivery,Standard,2025,11,November,0.13
ORD102898,18-03-2024,CUST1031,Customer_0031,P2009,Kurti,Clothing,Women,1.00,1199.00,1199.00,0.00,0.00,1199.00,383.68,Chennai,Tamil Nadu,South,UPI,Standard,2024,3,March,0.32
ORD103852,30-06-2024,CUST1751,Customer_0751,P2013,Mixer Grinder,Home & Kitchen,Kitchen,2.00,3499.00,6998.00,0.10,699.80,6298.20,1322.62,Jaipur,Rajasthan,North,UPI,Standard,2024,6,June,0.21
ORD104892,05-10-2025,CUST1597,Customer_0597,P2018,Face Wash,Beauty,Skincare,1.00,399.00,399.00,0.10,39.90,359.10,125.68,Jaipur,Rajasthan,North,UPI,Standard,2025,10,October,0.35
ORD103482,20-05-2025,CUST1666,Customer_0666,P2018,Face Wash,Beauty,Skincare,3.00,399.00,1197.00,0.05,59.85,1137.15,415.06,Jaipur,Rajasthan,North,Credit Card,Standard,2025,5,May,0.365
ORD103533,20-04-2025,CUST1495,Customer_0495,P2018,Face Wash,Beauty,Skincare,1.00,399.00,399.00,0.25,99.75,299.25,91.27,Gurugram,Haryana,North,Credit Card,Standard,2025,4,April,0.305
ORD104058,31-07-2025,CUST1571,Customer_0571,P2013,Mixer Grinder,Home & Kitchen,Kitchen,1.00,3499.00,3499.00,0.00,0.00,3499.00,839.76,Pune,Maharashtra,West,Cash on Delivery,Express,2025,7,July,0.24
ORD104824,16-08-2025,CUST1205,Customer_0205,P2011,Sneakers,Clothing,Footwear,1.00,2499.00,2499.00,0.10,249.90,2249.10,652.24,Lucknow,Uttar Pradesh,North,Net Banking,Express,2025,8,August,0.29
ORD100624,04-04-2025,CUST1698,Customer_0698,P2004,Wireless Mouse,Electronics,Accessories,1.00,899.00,899.00,0.00,0.00,899.00,143.84,Ahmedabad,Gujarat,West,Credit Card,Express,2025,4,April,0.16
ORD102163,28-11-2025,CUST1032,Customer_0032,P2008,Jeans,Clothing,Men,1.00,1799.00,1799.00,0.20,359.80,1439.20,374.19,Jaipur,Rajasthan,North,Debit Card,Standard,2025,11,November,0.26
ORD102872,01-08-2025,CUST1059,Customer_0059,P2022,Yoga Mat,Sports,Fitness,1.00,899.00,899.00,0.15,134.85,764.15,179.58,Bengaluru,Karnataka,South,UPI,Express,2025,8,August,0.235
ORD103004,20-10-2025,CUST1342,Customer_0342,P2012,Sandals,Clothing,Footwear,2.00,1299.00,2598.00,0.15,389.70,2208.30,607.28,Ahmedabad,Gujarat,West,UPI,Express,2025,10,October,0.275
ORD104695,12-10-2025,CUST1273,Customer_0273,P2018,Face Wash,Beauty,Skincare,1.00,399.00,399.00,0.05,19.95,379.05,138.35,Mumbai,Maharashtra,West,Debit Card,Same Day,2025,10,October,0.365
ORD100276,01-10-2025,CUST1618,Customer_0618,P2007,T-Shirt,Clothing,Men,4.00,799.00,3196.00,0.05,159.80,3036.20,926.04,Mumbai,Maharashtra,West,Credit Card,Standard,2025,10,October,0.305
ORD100315,26-11-2024,CUST1678,Customer_0678,P2004,Wireless Mouse,Electronics,Accessories,2.00,899.00,1798.00,0.05,89.90,1708.10,247.67,Hyderabad,Telangana,South,Debit Card,Standard,2024,11,November,0.145
ORD100421,04-10-2025,CUST1446,Customer_0446,P2003,Laptop,Electronics,Computers,2.00,59999.00,119998.00,0.25,29999.50,89998.50,7649.87,Jaipur,Rajasthan,North,Credit Card,Standard,2025,10,October,0.085
ORD102152,19-11-2024,CUST1495,Customer_0495,P2007,T-Shirt,Clothing,Men,1.00,799.00,799.00,0.15,119.85,679.15,186.77,Ahmedabad,Gujarat,West,Credit Card,Standard,2024,11,November,0.275
ORD102345,03-06-2024,CUST1364,Customer_0364,P2014,Cookware Set,Home & Kitchen,Kitchen,1.00,2999.00,2999.00,0.00,0.00,2999.00,719.76,Chennai,Tamil Nadu,South,Net Banking,Express,2024,6,June,0.24
ORD102573,26-03-2025,CUST1305,Customer_0305,P2022,Yoga Mat,Sports,Fitness,3.00,899.00,2697.00,0.10,269.70,2427.30,606.83,Gurugram,Haryana,North,UPI,Standard,2025,3,March,0.25
ORD100032,10-03-2024,CUST1130,Customer_0130,P2019,Sunscreen,Beauty,Skincare,1.00,699.00,699.00,0.05,34.95,664.05,242.38,Lucknow,Uttar Pradesh,North,UPI,Standard,2024,3,March,0.365
ORD100085,25-04-2025,CUST1532,Customer_0532,P2007,T-Shirt,Clothing,Men,2.00,799.00,1598.00,0.20,319.60,1278.40,332.38,Ahmedabad,Gujarat,West,Net Banking,Express,2025,4,April,0.26
ORD101376,28-03-2025,CUST1579,Customer_0579,P2007,T-Shirt,Clothing,Men,1.00,799.00,799.00,0.15,119.85,679.15,186.77,Pune,Maharashtra,West,Debit Card,Same Day,2025,3,March,0.275
ORD101500,08-10-2025,CUST1434,Customer_0434,P2006,Power Bank,Electronics,Accessories,2.00,1499.00,2998.00,0.20,599.60,2398.40,239.84,Pune,Maharashtra,West,Credit Card,Standard,2025,10,October,0.1
ORD102181,06-11-2024,CUST1323,Customer_0323,P2020,Shampoo,Beauty,Haircare,2.00,599.00,1198.00,0.05,59.90,1138.10,415.41,Mumbai,Maharashtra,West,UPI,Standard,2024,11,November,0.365
ORD102645,08-10-2024,CUST1623,Customer_0623,P2024,Cricket Bat,Sports,Outdoor,3.00,2499.00,7497.00,0.05,374.85,7122.15,1887.37,Kolkata,West Bengal,East,UPI,Express,2024,10,October,0.265
ORD102835,28-08-2025,CUST1479,Customer_0479,P2007,T-Shirt,Clothing,Men,1.00,799.00,799.00,0.25,199.75,599.25,146.82,Delhi,Delhi,North,Credit Card,Standard,2025,8,August,0.245
ORD103221,27-02-2024,CUST1439,Customer_0439,P2012,Sandals,Clothing,Footwear,3.00,1299.00,3897.00,0.15,584.55,3312.45,910.92,Delhi,Delhi,North,Credit Card,Standard,2024,2,February,0.275
ORD103355,26-12-2024,CUST1295,Customer_0295,P2025,Football,Sports,Outdoor,4.00,999.00,3996.00,0.15,599.40,3396.60,798.20,Pune,Maharashtra,West,UPI,Standard,2024,12,December,0.235
ORD104249,03-06-2025,CUST1229,Customer_0229,P2012,Sandals,Clothing,Footwear,5.00,1299.00,6495.00,0.10,649.50,5845.50,1695.20,Chennai,Tamil Nadu,South,Cash on Delivery,Same Day,2025,6,June,0.29
ORD104376,16-03-2024,CUST1711,Customer_0711,P2009,Kurti,Clothing,Women,2.00,1199.00,2398.00,0.10,239.80,2158.20,625.88,Noida,Uttar Pradesh,North,Credit Card,Standard,2024,3,March,0.29
ORD101531,13-11-2024,CUST1090,Customer_0090,P2022,Yoga Mat,Sports,Fitness,1.00,899.00,899.00,0.15,134.85,764.15,179.58,Chennai,Tamil Nadu,South,Net Banking,Standard,2024,11,November,0.235
ORD102322,17-04-2025,CUST1385,Customer_0385,P2013,Mixer Grinder,Home & Kitchen,Kitchen,2.00,3499.00,6998.00,0.05,349.90,6648.10,1495.82,Gurugram,Haryana,North,Credit Card,Same Day,2025,4,April,0.225
ORD104311,07-04-2025,CUST1305,Customer_0305,P2009,Kurti,Clothing,Women,1.00,1199.00,1199.00,0.10,119.90,1079.10,312.94,Jaipur,Rajasthan,North,UPI,Standard,2025,4,April,0.29
ORD104807,08-02-2024,CUST1544,Customer_0544,P2016,Bedsheet Set,Home & Kitchen,Home Decor,4.00,999.00,3996.00,0.10,399.60,3596.40,755.24,Gurugram,Haryana,North,UPI,Same Day,2024,2,February,0.21
ORD101189,28-02-2024,CUST1205,Customer_0205,P2007,T-Shirt,Clothing,Men,2.00,799.00,1598.00,0.00,0.00,1598.00,511.36,Gurugram,Haryana,North,UPI,Standard,2024,2,February,0.32
ORD101776,12-01-2025,CUST1328,Customer_0328,P2024,Cricket Bat,Sports,Outdoor,2.00,2499.00,4998.00,0.15,749.70,4248.30,998.35,Jaipur,Rajasthan,North,Debit Card,Standard,2025,1,January,0.235
ORD101873,20-10-2024,CUST1667,Customer_0667,P2010,Dress,Clothing,Women,3.00,1999.00,5997.00,0.15,899.55,5097.45,1401.80,Kolkata,West Bengal,East,Credit Card,Express,2024,10,October,0.275
ORD101914,19-03-2024,CUST1045,Customer_0045,P2013,Mixer Grinder,Home & Kitchen,Kitchen,1.00,3499.00,3499.00,0.05,174.95,3324.05,747.91,Hyderabad,Telangana,South,Credit Card,Standard,2024,3,March,0.225
ORD103628,22-10-2025,CUST1663,Customer_0663,P2005,Keyboard,Electronics,Accessories,3.00,1299.00,3897.00,0.10,389.70,3507.30,455.95,Mumbai,Maharashtra,West,UPI,Standard,2025,10,October,0.13
ORD103857,02-04-2024,CUST1563,Customer_0563,P2025,Football,Sports,Outdoor,2.00,999.00,1998.00,0.30,599.40,1398.60,265.73,Hyderabad,Telangana,South,UPI,Same Day,2024,4,April,0.19
ORD100070,21-09-2025,CUST1598,Customer_0598,P2001,Smartphone,Electronics,Mobiles,2.00,24999.00,49998.00,0.15,7499.70,42498.30,4887.30,Delhi,Delhi,North,Net Banking,Standard,2025,9,September,0.115
ORD103671,31-08-2025,CUST1751,Customer_0751,P2007,T-Shirt,Clothing,Men,1.00,799.00,799.00,0.00,0.00,799.00,255.68,Ahmedabad,Gujarat,West,Debit Card,Standard,2025,8,August,0.32
ORD104202,03-06-2025,CUST1049,Customer_0049,P2017,Office Chair,Home & Kitchen,Furniture,4.00,5999.00,23996.00,0.00,0.00,23996.00,5759.04,Kolkata,West Bengal,East,Credit Card,Standard,2025,6,June,0.24
ORD104390,28-01-2025,CUST1789,Customer_0789,P2015,Table Lamp,Home & Kitchen,Home Decor,3.00,1299.00,3897.00,0.10,389.70,3507.30,736.53,Mumbai,Maharashtra,West,Credit Card,Express,2025,1,January,0.21
ORD104946,18-04-2025,CUST1418,Customer_0418,P2017,Office Chair,Home & Kitchen,Furniture,1.00,5999.00,5999.00,0.15,899.85,5099.15,994.33,Chennai,Tamil Nadu,South,UPI,Standard,2025,4,April,0.195
ORD100796,17-08-2025,CUST1734,Customer_0734,P2014,Cookware Set,Home & Kitchen,Kitchen,1.00,2999.00,2999.00,0.25,749.75,2249.25,371.13,Noida,Uttar Pradesh,North,Debit Card,Standard,2025,8,August,0.165
ORD102685,21-07-2025,CUST1634,Customer_0634,P2010,Dress,Clothing,Women,1.00,1999.00,1999.00,0.20,399.80,1599.20,415.79,Gurugram,Haryana,North,Credit Card,Express,2025,7,July,0.26
ORD103966,12-02-2024,CUST1647,Customer_0647,P2003,Laptop,Electronics,Computers,1.00,59999.00,59999.00,0.10,5999.90,53999.10,7019.88,Delhi,Delhi,North,UPI,Express,2024,2,February,0.13
ORD104145,05-04-2025,CUST1308,Customer_0308,P2012,Sandals,Clothing,Footwear,2.00,1299.00,2598.00,0.25,649.50,1948.50,477.38,Gurugram,Haryana,North,UPI,Express,2025,4,April,0.245
ORD104174,08-08-2025,CUST1360,Customer_0360,P2021,Perfume,Beauty,Fragrance,1.00,1499.00,1499.00,0.20,299.80,1199.20,383.74,Gurugram,Haryana,North,UPI,Standard,2025,8,August,0.32
ORD100424,29-10-2025,CUST1517,Customer_0517,P2011,Sneakers,Clothing,Footwear,1.00,2499.00,2499.00,0.10,249.90,2249.10,652.24,Delhi,Delhi,North,Debit Card,Express,2025,10,October,0.29
ORD101579,11-07-2024,CUST1251,Customer_0251,P2001,Smartphone,Electronics,Mobiles,1.00,24999.00,24999.00,0.05,1249.95,23749.05,3443.61,Lucknow,Uttar Pradesh,North,Credit Card,Standard,2024,7,July,0.145
ORD103358,25-11-2024,CUST1410,Customer_0410,P2007,T-Shirt,Clothing,Men,1.00,799.00,799.00,0.10,79.90,719.10,208.54,Mumbai,Maharashtra,West,Credit Card,Express,2024,11,November,0.29
ORD104323,11-09-2025,CUST1438,Customer_0438,P2013,Mixer Grinder,Home & Kitchen,Kitchen,3.00,3499.00,10497.00,0.15,1574.55,8922.45,1739.88,Noida,Uttar Pradesh,North,Credit Card,Same Day,2025,9,September,0.195
ORD104604,02-05-2025,CUST1130,Customer_0130,P2002,Wireless Earbuds,Electronics,Mobiles,1.00,2999.00,2999.00,0.15,449.85,2549.15,293.15,Hyderabad,Telangana,South,Net Banking,Standard,2025,5,May,0.115
ORD104820,28-05-2025,CUST1594,Customer_0594,P2010,Dress,Clothing,Women,2.00,1999.00,3998.00,0.25,999.50,2998.50,734.63,Gurugram,Haryana,North,Credit Card,Express,2025,5,May,0.245
ORD100518,03-06-2024,CUST1685,Customer_0685,P2008,Jeans,Clothing,Men,2.00,1799.00,3598.00,0.10,359.80,3238.20,939.08,Bengaluru,Karnataka,South,Credit Card,Same Day,2024,6,June,0.29
ORD101239,04-03-2024,CUST1362,Customer_0362,P2017,Office Chair,Home & Kitchen,Furniture,1.00,5999.00,5999.00,0.15,899.85,5099.15,994.33,Kolkata,West Bengal,East,Debit Card,Standard,2024,3,March,0.195
ORD101807,06-04-2025,CUST1571,Customer_0571,P2020,Shampoo,Beauty,Haircare,3.00,599.00,1797.00,0.10,179.70,1617.30,566.05,Ahmedabad,Gujarat,West,UPI,Standard,2025,4,April,0.35
ORD101811,15-04-2024,CUST1135,Customer_0135,P2001,Smartphone,Electronics,Mobiles,1.00,24999.00,24999.00,0.10,2499.90,22499.10,2924.88,Chennai,Tamil Nadu,South,Debit Card,Express,2024,4,April,0.13
ORD102006,17-12-2024,CUST1288,Customer_0288,P2009,Kurti,Clothing,Women,1.00,1199.00,1199.00,0.10,119.90,1079.10,312.94,Jaipur,Rajasthan,North,Credit Card,Same Day,2024,12,December,0.29
ORD104321,27-03-2024,CUST1292,Customer_0292,P2011,Sneakers,Clothing,Footwear,3.00,2499.00,7497.00,0.05,374.85,7122.15,2172.26,Hyderabad,Telangana,South,UPI,Standard,2024,3,March,0.305
ORD100992,31-05-2025,CUST1343,Customer_0343,P2025,Football,Sports,Outdoor,4.00,999.00,3996.00,0.05,199.80,3796.20,1005.99,Hyderabad,Telangana,South,Debit Card,Express,2025,5,May,0.265
ORD101142,23-10-2025,CUST1539,Customer_0539,P2012,Sandals,Clothing,Footwear,1.00,1299.00,1299.00,0.15,194.85,1104.15,303.64,Ahmedabad,Gujarat,West,Credit Card,Same Day,2025,10,October,0.275
ORD101783,25-06-2024,CUST1031,Customer_0031,P2008,Jeans,Clothing,Men,1.00,1799.00,1799.00,0.05,89.95,1709.05,521.26,Hyderabad,Telangana,South,Credit Card,Standard,2024,6,June,0.305
ORD102721,10-02-2024,CUST1304,Customer_0304,P2002,Wireless Earbuds,Electronics,Mobiles,2.00,2999.00,5998.00,0.30,1799.40,4198.60,293.90,Hyderabad,Telangana,South,Credit Card,Standard,2024,2,February,0.07
ORD103611,10-09-2024,CUST1192,Customer_0192,P2024,Cricket Bat,Sports,Outdoor,1.00,2499.00,2499.00,0.10,249.90,2249.10,562.28,Kolkata,West Bengal,East,Net Banking,Express,2024,9,September,0.25
ORD100001,25-12-2025,CUST1502,Customer_0502,P2007,T-Shirt,Clothing,Men,2.00,799.00,1598.00,0.15,239.70,1358.30,373.53,Noida,Uttar Pradesh,North,Debit Card,Standard,2025,12,December,0.275
ORD102057,24-03-2025,CUST1102,Customer_0102,P2021,Perfume,Beauty,Fragrance,1.00,1499.00,1499.00,0.00,0.00,1499.00,569.62,Jaipur,Rajasthan,North,Debit Card,Standard,2025,3,March,0.38
ORD103348,25-03-2025,CUST1092,Customer_0092,P2016,Bedsheet Set,Home & Kitchen,Home Decor,1.00,999.00,999.00,0.05,49.95,949.05,213.54,Bengaluru,Karnataka,South,UPI,Standard,2025,3,March,0.225
ORD103616,20-06-2025,CUST1695,Customer_0695,P2010,Dress,Clothing,Women,3.00,1999.00,5997.00,0.30,1799.10,4197.90,965.52,Chennai,Tamil Nadu,South,Cash on Delivery,Express,2025,6,June,0.23
ORD103931,19-06-2025,CUST1069,Customer_0069,P2007,T-Shirt,Clothing,Men,2.00,799.00,1598.00,0.20,319.60,1278.40,332.38,Delhi,Delhi,North,UPI,Same Day,2025,6,June,0.26
ORD100906,16-09-2025,CUST1641,Customer_0641,P2005,Keyboard,Electronics,Accessories,1.00,1299.00,1299.00,0.00,0.00,1299.00,207.84,Delhi,Delhi,North,Debit Card,Standard,2025,9,September,0.16
ORD101650,11-06-2024,CUST1360,Customer_0360,P2007,T-Shirt,Clothing,Men,1.00,799.00,799.00,0.10,79.90,719.10,208.54,Gurugram,Haryana,North,UPI,Standard,2024,6,June,0.29
ORD103310,07-01-2025,CUST1417,Customer_0417,P2005,Keyboard,Electronics,Accessories,3.00,1299.00,3897.00,0.05,194.85,3702.15,536.81,Delhi,Delhi,North,Cash on Delivery,Express,2025,1,January,0.145
ORD103735,16-01-2025,CUST1586,Customer_0586,P2005,Keyboard,Electronics,Accessories,1.00,1299.00,1299.00,0.05,64.95,1234.05,178.94,Gurugram,Haryana,North,Cash on Delivery,Standard,2025,1,January,0.145
ORD104271,16-10-2024,CUST1340,Customer_0340,P2012,Sandals,Clothing,Footwear,1.00,1299.00,1299.00,0.05,64.95,1234.05,376.39,Gurugram,Haryana,North,Debit Card,Standard,2024,10,October,0.305
ORD104652,31-01-2025,CUST1155,Customer_0155,P2003,Laptop,Electronics,Computers,1.00,59999.00,59999.00,0.10,5999.90,53999.10,7019.88,Hyderabad,Telangana,South,UPI,Express,2025,1,January,0.13
ORD104856,22-02-2025,CUST1054,Customer_0054,P2014,Cookware Set,Home & Kitchen,Kitchen,1.00,2999.00,2999.00,0.30,899.70,2099.30,314.90,Lucknow,Uttar Pradesh,North,UPI,Standard,2025,2,February,0.15
ORD100047,12-12-2024,CUST1696,Customer_0696,P2025,Football,Sports,Outdoor,1.00,999.00,999.00,0.05,49.95,949.05,251.50,Jaipur,Rajasthan,North,Debit Card,Express,2024,12,December,0.265
ORD101968,26-11-2025,CUST1213,Customer_0213,P2005,Keyboard,Electronics,Accessories,2.00,1299.00,2598.00,0.00,0.00,2598.00,415.68,Jaipur,Rajasthan,North,Debit Card,Same Day,2025,11,November,0.16
ORD102120,04-09-2025,CUST1356,Customer_0356,P2016,Bedsheet Set,Home & Kitchen,Home Decor,2.00,999.00,1998.00,0.15,299.70,1698.30,331.17,Ahmedabad,Gujarat,West,Debit Card,Express,2025,9,September,0.195
ORD103165,23-02-2024,CUST1406,Customer_0406,P2012,Sandals,Clothing,Footwear,3.00,1299.00,3897.00,0.10,389.70,3507.30,1017.12,Noida,Uttar Pradesh,North,Cash on Delivery,Standard,2024,2,February,0.29
ORD103319,08-10-2025,CUST1440,Customer_0440,P2010,Dress,Clothing,Women,2.00,1999.00,3998.00,0.25,999.50,2998.50,734.63,Hyderabad,Telangana,South,UPI,Standard,2025,10,October,0.245
ORD103558,24-10-2025,CUST1239,Customer_0239,P2006,Power Bank,Electronics,Accessories,1.00,1499.00,1499.00,0.30,449.70,1049.30,73.45,Ahmedabad,Gujarat,West,UPI,Standard,2025,10,October,0.07
ORD103936,08-12-2024,CUST1213,Customer_0213,P2003,Laptop,Electronics,Computers,2.00,59999.00,119998.00,0.05,5999.90,113998.10,16529.72,Delhi,Delhi,North,Cash on Delivery,Express,2024,12,December,0.145
ORD104679,08-03-2024,CUST1584,Customer_0584,P2019,Sunscreen,Beauty,Skincare,1.00,699.00,699.00,0.00,0.00,699.00,265.62,Bengaluru,Karnataka,South,UPI,Standard,2024,3,March,0.38
ORD100691,03-12-2024,CUST1205,Customer_0205,P2010,Dress,Clothing,Women,1.00,1999.00,1999.00,0.05,99.95,1899.05,579.21,Chennai,Tamil Nadu,South,Credit Card,Standard,2024,12,December,0.305
ORD101005,06-04-2024,CUST1477,Customer_0477,P2005,Keyboard,Electronics,Accessories,1.00,1299.00,1299.00,0.10,129.90,1169.10,151.98,Hyderabad,Telangana,South,UPI,Standard,2024,4,April,0.13
ORD101216,25-07-2025,CUST1455,Customer_0455,P2015,Table Lamp,Home & Kitchen,Home Decor,2.00,1299.00,2598.00,0.30,779.40,1818.60,272.79,Noida,Uttar Pradesh,North,UPI,Express,2025,7,July,0.15
ORD101251,25-11-2025,CUST1209,Customer_0209,P2019,Sunscreen,Beauty,Skincare,1.00,699.00,699.00,0.10,69.90,629.10,220.18,Hyderabad,Telangana,South,Debit Card,Express,2025,11,November,0.35
ORD101277,30-01-2025,CUST1713,Customer_0713,P2002,Wireless Earbuds,Electronics,Mobiles,1.00,2999.00,2999.00,0.30,899.70,2099.30,146.95,Delhi,Delhi,North,Debit Card,Express,2025,1,January,0.07
ORD101589,17-10-2024,CUST1382,Customer_0382,P2023,Dumbbells,Sports,Fitness,2.00,1599.00,3198.00,0.20,639.60,2558.40,562.85,Mumbai,Maharashtra,West,Debit Card,Same Day,2024,10,October,0.22
ORD103684,15-09-2024,CUST1107,Customer_0107,P2004,Wireless Mouse,Electronics,Accessories,1.00,899.00,899.00,0.20,179.80,719.20,71.92,Bengaluru,Karnataka,South,Credit Card,Standard,2024,9,September,0.1
ORD104356,03-11-2025,CUST1427,Customer_0427,P2012,Sandals,Clothing,Footwear,1.00,1299.00,1299.00,0.30,389.70,909.30,209.14,Gurugram,Haryana,North,UPI,Express,2025,11,November,0.23
ORD100451,09-09-2025,CUST1023,Customer_0023,P2009,Kurti,Clothing,Women,3.00,1199.00,3597.00,0.10,359.70,3237.30,938.82,Ahmedabad,Gujarat,West,UPI,Express,2025,9,September,0.29
ORD101042,02-06-2024,CUST1556,Customer_0556,P2004,Wireless Mouse,Electronics,Accessories,2.00,899.00,1798.00,0.10,179.80,1618.20,210.37,Jaipur,Rajasthan,North,Cash on Delivery,Express,2024,6,June,0.13
ORD101262,07-12-2024,CUST1586,Customer_0586,P2005,Keyboard,Electronics,Accessories,1.00,1299.00,1299.00,0.10,129.90,1169.10,151.98,Ahmedabad,Gujarat,West,Debit Card,Express,2024,12,December,0.13
ORD101538,24-03-2024,CUST1002,Customer_0002,P2020,Shampoo,Beauty,Haircare,1.00,599.00,599.00,0.10,59.90,539.10,188.68,Mumbai,Maharashtra,West,Debit Card,Standard,2024,3,March,0.35
ORD102590,19-08-2025,CUST1508,Customer_0508,P2012,Sandals,Clothing,Footwear,5.00,1299.00,6495.00,0.00,0.00,6495.00,2078.40,Bengaluru,Karnataka,South,UPI,Express,2025,8,August,0.32
ORD102596,10-11-2025,CUST1204,Customer_0204,P2003,Laptop,Electronics,Computers,1.00,59999.00,59999.00,0.25,14999.75,44999.25,3824.94,Hyderabad,Telangana,South,Debit Card,Standard,2025,11,November,0.085
ORD104320,24-05-2024,CUST1621,Customer_0621,P2004,Wireless Mouse,Electronics,Accessories,1.00,899.00,899.00,0.20,179.80,719.20,71.92,Gurugram,Haryana,North,Debit Card,Same Day,2024,5,May,0.1
ORD100878,24-12-2024,CUST1080,Customer_0080,P2012,Sandals,Clothing,Footwear,3.00,1299.00,3897.00,0.05,194.85,3702.15,1129.16,Delhi,Delhi,North,UPI,Standard,2024,12,December,0.305
ORD102477,13-11-2024,CUST1207,Customer_0207,P2013,Mixer Grinder,Home & Kitchen,Kitchen,1.00,3499.00,3499.00,0.05,174.95,3324.05,747.91,Kolkata,West Bengal,East,Net Banking,Standard,2024,11,November,0.225
ORD102533,02-11-2025,CUST1587,Customer_0587,P2019,Sunscreen,Beauty,Skincare,1.00,699.00,699.00,0.20,139.80,559.20,178.94,Chennai,Tamil Nadu,South,UPI,Standard,2025,11,November,0.32
ORD102957,16-12-2025,CUST1071,Customer_0071,P2014,Cookware Set,Home & Kitchen,Kitchen,2.00,2999.00,5998.00,0.15,899.70,5098.30,994.17,Bengaluru,Karnataka,South,Net Banking,Same Day,2025,12,December,0.195
ORD103150,09-11-2025,CUST1331,Customer_0331,P2019,Sunscreen,Beauty,Skincare,2.00,699.00,1398.00,0.05,69.90,1328.10,484.76,Mumbai,Maharashtra,West,Debit Card,Express,2025,11,November,0.365
ORD103939,05-02-2025,CUST1451,Customer_0451,P2007,T-Shirt,Clothing,Men,3.00,799.00,2397.00,0.00,0.00,2397.00,767.04,Jaipur,Rajasthan,North,Credit Card,Standard,2025,2,February,0.32
ORD100725,12-05-2024,CUST1655,Customer_0655,P2002,Wireless Earbuds,Electronics,Mobiles,5.00,2999.00,14995.00,0.15,2249.25,12745.75,1465.76,Gurugram,Haryana,North,UPI,Standard,2024,5,May,0.115
ORD102388,01-09-2025,CUST1191,Customer_0191,P2016,Bedsheet Set,Home & Kitchen,Home Decor,1.00,999.00,999.00,0.10,99.90,899.10,188.81,Gurugram,Haryana,North,Debit Card,Standard,2025,9,September,0.21
ORD102897,26-12-2025,CUST1013,Customer_0013,P2002,Wireless Earbuds,Electronics,Mobiles,1.00,2999.00,2999.00,0.10,299.90,2699.10,350.88,Jaipur,Rajasthan,North,Net Banking,Standard,2025,12,December,0.13
ORD104212,27-03-2024,CUST1440,Customer_0440,P2002,Wireless Earbuds,Electronics,Mobiles,1.00,2999.00,2999.00,0.20,599.80,2399.20,239.92,Noida,Uttar Pradesh,North,UPI,Express,2024,3,March,0.1
ORD104363,13-11-2024,CUST1550,Customer_0550,P2012,Sandals,Clothing,Footwear,1.00,1299.00,1299.00,0.05,64.95,1234.05,376.39,Bengaluru,Karnataka,South,Debit Card,Standard,2024,11,November,0.305
ORD104395,26-07-2025,CUST1163,Customer_0163,P2012,Sandals,Clothing,Footwear,2.00,1299.00,2598.00,0.10,259.80,2338.20,678.08,Delhi,Delhi,North,UPI,Standard,2025,7,July,0.29
ORD104703,20-01-2025,CUST1034,Customer_0034,P2012,Sandals,Clothing,Footwear,2.00,1299.00,2598.00,0.10,259.80,2338.20,678.08,Hyderabad,Telangana,South,Credit Card,Standard,2025,1,January,0.29
ORD104903,20-10-2025,CUST1372,Customer_0372,P2002,Wireless Earbuds,Electronics,Mobiles,4.00,2999.00,11996.00,0.15,1799.40,10196.60,1172.61,Jaipur,Rajasthan,North,Credit Card,Express,2025,10,October,0.115
ORD100099,02-12-2024,CUST1026,Customer_0026,P2004,Wireless Mouse,Electronics,Accessories,2.00,899.00,1798.00,0.00,0.00,1798.00,287.68,Pune,Maharashtra,West,Credit Card,Standard,2024,12,December,0.16
ORD100144,10-05-2024,CUST1762,Customer_0762,P2013,Mixer Grinder,Home & Kitchen,Kitchen,2.00,3499.00,6998.00,0.25,1749.50,5248.50,866.00,Delhi,Delhi,North,UPI,Standard,2024,5,May,0.165
ORD100221,17-11-2025,CUST1042,Customer_0042,P2005,Keyboard,Electronics,Accessories,2.00,1299.00,2598.00,0.25,649.50,1948.50,165.62,Mumbai,Maharashtra,West,UPI,Express,2025,11,November,0.085
ORD100929,20-12-2025,CUST1672,Customer_0672,P2008,Jeans,Clothing,Men,1.00,1799.00,1799.00,0.15,269.85,1529.15,420.52,Noida,Uttar Pradesh,North,Debit Card,Standard,2025,12,December,0.275
ORD101076,02-12-2025,CUST1140,Customer_0140,P2017,Office Chair,Home & Kitchen,Furniture,2.00,5999.00,11998.00,0.20,2399.60,9598.40,1727.71,Hyderabad,Telangana,South,Credit Card,Express,2025,12,December,0.18
ORD102416,23-06-2025,CUST1660,Customer_0660,P2023,Dumbbells,Sports,Fitness,1.00,1599.00,1599.00,0.05,79.95,1519.05,402.55,Delhi,Delhi,North,Credit Card,Standard,2025,6,June,0.265
ORD104983,05-04-2024,CUST1113,Customer_0113,P2016,Bedsheet Set,Home & Kitchen,Home Decor,2.00,999.00,1998.00,0.05,99.90,1898.10,427.07,Delhi,Delhi,North,UPI,Standard,2024,4,April,0.225
ORD100404,23-10-2025,CUST1461,Customer_0461,P2002,Wireless Earbuds,Electronics,Mobiles,4.00,2999.00,11996.00,0.15,1799.40,10196.60,1172.61,Hyderabad,Telangana,South,Credit Card,Express,2025,10,October,0.115
ORD100856,17-11-2025,CUST1134,Customer_0134,P2001,Smartphone,Electronics,Mobiles,1.00,24999.00,24999.00,0.05,1249.95,23749.05,3443.61,Lucknow,Uttar Pradesh,North,UPI,Express,2025,11,November,0.145
ORD102936,09-03-2025,CUST1233,Customer_0233,P2007,T-Shirt,Clothing,Men,1.00,799.00,799.00,0.10,79.90,719.10,208.54,Gurugram,Haryana,North,Cash on Delivery,Standard,2025,3,March,0.29
ORD100122,04-06-2025,CUST1171,Customer_0171,P2009,Kurti,Clothing,Women,5.00,1199.00,5995.00,0.10,599.50,5395.50,1564.70,Noida,Uttar Pradesh,North,UPI,Express,2025,6,June,0.29
ORD100522,05-01-2025,CUST1494,Customer_0494,P2015,Table Lamp,Home & Kitchen,Home Decor,1.00,1299.00,1299.00,0.10,129.90,1169.10,245.51,Bengaluru,Karnataka,South,UPI,Express,2025,1,January,0.21
ORD100567,19-01-2024,CUST1012,Customer_0012,P2016,Bedsheet Set,Home & Kitchen,Home Decor,3.00,999.00,2997.00,0.15,449.55,2547.45,496.75,Hyderabad,Telangana,South,UPI,Express,2024,1,January,0.195
ORD101760,06-01-2025,CUST1450,Customer_0450,P2011,Sneakers,Clothing,Footwear,2.00,2499.00,4998.00,0.00,0.00,4998.00,1599.36,Hyderabad,Telangana,South,Net Banking,Standard,2025,1,January,0.32
ORD101981,12-11-2024,CUST1706,Customer_0706,P2005,Keyboard,Electronics,Accessories,1.00,1299.00,1299.00,0.05,64.95,1234.05,178.94,Hyderabad,Telangana,South,Credit Card,Express,2024,11,November,0.145
ORD104023,03-07-2024,CUST1707,Customer_0707,P2007,T-Shirt,Clothing,Men,1.00,799.00,799.00,0.05,39.95,759.05,231.51,Gurugram,Haryana,North,Debit Card,Standard,2024,7,July,0.305
ORD100165,07-08-2024,CUST1404,Customer_0404,P2006,Power Bank,Electronics,Accessories,2.00,1499.00,2998.00,0.20,599.60,2398.40,239.84,Gurugram,Haryana,North,Credit Card,Standard,2024,8,August,0.1
ORD100884,15-12-2024,CUST1536,Customer_0536,P2022,Yoga Mat,Sports,Fitness,2.00,899.00,1798.00,0.10,179.80,1618.20,404.55,Kolkata,West Bengal,East,UPI,Same Day,2024,12,December,0.25
ORD101046,12-05-2025,CUST1457,Customer_0457,P2005,Keyboard,Electronics,Accessories,1.00,1299.00,1299.00,0.15,194.85,1104.15,126.98,Pune,Maharashtra,West,Credit Card,Express,2025,5,May,0.115
ORD101362,15-07-2024,CUST1337,Customer_0337,P2022,Yoga Mat,Sports,Fitness,1.00,899.00,899.00,0.05,44.95,854.05,226.32,Noida,Uttar Pradesh,North,UPI,Standard,2024,7,July,0.265
ORD102168,19-08-2024,CUST1508,Customer_0508,P2012,Sandals,Clothing,Footwear,2.00,1299.00,2598.00,0.10,259.80,2338.20,678.08,Bengaluru,Karnataka,South,Debit Card,Standard,2024,8,August,0.29
ORD102320,20-05-2024,CUST1234,Customer_0234,P2017,Office Chair,Home & Kitchen,Furniture,1.00,5999.00,5999.00,0.05,299.95,5699.05,1282.29,Chennai,Tamil Nadu,South,UPI,Express,2024,5,May,0.225
ORD104461,07-06-2024,CUST1247,Customer_0247,P2010,Dress,Clothing,Women,3.00,1999.00,5997.00,0.25,1499.25,4497.75,1101.95,Pune,Maharashtra,West,Net Banking,Standard,2024,6,June,0.245
ORD104581,20-03-2024,CUST1550,Customer_0550,P2018,Face Wash,Beauty,Skincare,1.00,399.00,399.00,0.10,39.90,359.10,125.68,Ahmedabad,Gujarat,West,Debit Card,Express,2024,3,March,0.35
ORD102337,29-10-2024,CUST1532,Customer_0532,P2005,Keyboard,Electronics,Accessories,3.00,1299.00,3897.00,0.05,194.85,3702.15,536.81,Jaipur,Rajasthan,North,UPI,Standard,2024,10,October,0.145
ORD100093,13-04-2024,CUST1344,Customer_0344,P2022,Yoga Mat,Sports,Fitness,3.00,899.00,2697.00,0.00,0.00,2697.00,755.16,Kolkata,West Bengal,East,Debit Card,Standard,2024,4,April,0.28
ORD100362,03-06-2025,CUST1171,Customer_0171,P2004,Wireless Mouse,Electronics,Accessories,3.00,899.00,2697.00,0.15,404.55,2292.45,263.63,Noida,Uttar Pradesh,North,Credit Card,Same Day,2025,6,June,0.115
ORD103248,06-07-2025,CUST1752,Customer_0752,P2014,Cookware Set,Home & Kitchen,Kitchen,1.00,2999.00,2999.00,0.05,149.95,2849.05,641.04,Chennai,Tamil Nadu,South,Credit Card,Standard,2025,7,July,0.225
ORD100082,23-06-2025,CUST1340,Customer_0340,P2025,Football,Sports,Outdoor,3.00,999.00,2997.00,0.15,449.55,2547.45,598.65,Lucknow,Uttar Pradesh,North,Credit Card,Express,2025,6,June,0.235
ORD101125,08-02-2024,CUST1756,Customer_0756,P2020,Shampoo,Beauty,Haircare,3.00,599.00,1797.00,0.05,89.85,1707.15,623.11,Mumbai,Maharashtra,West,Credit Card,Standard,2024,2,February,0.365
ORD101280,08-11-2025,CUST1189,Customer_0189,P2005,Keyboard,Electronics,Accessories,1.00,1299.00,1299.00,0.00,0.00,1299.00,207.84,Pune,Maharashtra,West,Debit Card,Express,2025,11,November,0.16
ORD101874,10-12-2024,CUST1305,Customer_0305,P2006,Power Bank,Electronics,Accessories,1.00,1499.00,1499.00,0.05,74.95,1424.05,206.49,Mumbai,Maharashtra,West,UPI,Same Day,2024,12,December,0.145
ORD102087,24-09-2025,CUST1194,Customer_0194,P2010,Dress,Clothing,Women,1.00,1999.00,1999.00,0.05,99.95,1899.05,579.21,Gurugram,Haryana,North,UPI,Standard,2025,9,September,0.305
ORD102756,14-05-2024,CUST1018,Customer_0018,P2002,Wireless Earbuds,Electronics,Mobiles,1.00,2999.00,2999.00,0.10,299.90,2699.10,350.88,Bengaluru,Karnataka,South,UPI,Standard,2024,5,May,0.13
ORD102796,03-09-2025,CUST1730,Customer_0730,P2002,Wireless Earbuds,Electronics,Mobiles,1.00,2999.00,2999.00,0.10,299.90,2699.10,350.88,Jaipur,Rajasthan,North,Credit Card,Standard,2025,9,September,0.13
ORD103133,20-01-2025,CUST1788,Customer_0788,P2014,Cookware Set,Home & Kitchen,Kitchen,1.00,2999.00,2999.00,0.10,299.90,2699.10,566.81,Noida,Uttar Pradesh,North,UPI,Express,2025,1,January,0.21
ORD103139,06-06-2024,CUST1423,Customer_0423,P2020,Shampoo,Beauty,Haircare,1.00,599.00,599.00,0.15,89.85,509.15,170.57,Bengaluru,Karnataka,South,Credit Card,Same Day,2024,6,June,0.335
ORD103384,15-06-2024,CUST1339,Customer_0339,P2003,Laptop,Electronics,Computers,4.00,59999.00,239996.00,0.00,0.00,239996.00,38399.36,Kolkata,West Bengal,East,Net Banking,Standard,2024,6,June,0.16
ORD103602,04-07-2024,CUST1675,Customer_0675,P2007,T-Shirt,Clothing,Men,1.00,799.00,799.00,0.15,119.85,679.15,186.77,Kolkata,West Bengal,East,UPI,Standard,2024,7,July,0.275
ORD100423,10-12-2025,CUST1323,Customer_0323,P2015,Table Lamp,Home & Kitchen,Home Decor,2.00,1299.00,2598.00,0.10,259.80,2338.20,491.02,Gurugram,Haryana,North,Debit Card,Standard,2025,12,December,0.21
ORD101571,01-10-2025,CUST1399,Customer_0399,P2011,Sneakers,Clothing,Footwear,2.00,2499.00,4998.00,0.10,499.80,4498.20,1304.48,Jaipur,Rajasthan,North,UPI,Same Day,2025,10,October,0.29
ORD102829,18-06-2024,CUST1363,Customer_0363,P2004,Wireless Mouse,Electronics,Accessories,4.00,899.00,3596.00,0.10,359.60,3236.40,420.73,Chennai,Tamil Nadu,South,Credit Card,Same Day,2024,6,June,0.13
ORD104993,24-03-2025,CUST1199,Customer_0199,P2020,Shampoo,Beauty,Haircare,2.00,599.00,1198.00,0.30,359.40,838.60,243.19,Ahmedabad,Gujarat,West,UPI,Standard,2025,3,March,0.29
ORD100115,14-02-2024,CUST1366,Customer_0366,P2002,Wireless Earbuds,Electronics,Mobiles,2.00,2999.00,5998.00,0.15,899.70,5098.30,586.30,Mumbai,Maharashtra,West,Credit Card,Standard,2024,2,February,0.115
ORD101468,24-02-2025,CUST1701,Customer_0701,P2021,Perfume,Beauty,Fragrance,2.00,1499.00,2998.00,0.15,449.70,2548.30,853.68,Mumbai,Maharashtra,West,Credit Card,Express,2025,2,February,0.335
ORD101932,08-01-2025,CUST1044,Customer_0044,P2010,Dress,Clothing,Women,2.00,1999.00,3998.00,0.00,0.00,3998.00,1279.36,Noida,Uttar Pradesh,North,Debit Card,Standard,2025,1,January,0.32
ORD102496,23-11-2025,CUST1644,Customer_0644,P2001,Smartphone,Electronics,Mobiles,2.00,24999.00,49998.00,0.05,2499.90,47498.10,6887.22,Noida,Uttar Pradesh,North,Net Banking,Standard,2025,11,November,0.145
ORD102605,31-08-2024,CUST1031,Customer_0031,P2020,Shampoo,Beauty,Haircare,1.00,599.00,599.00,0.15,89.85,509.15,170.57,Hyderabad,Telangana,South,Debit Card,Standard,2024,8,August,0.335
ORD102997,30-03-2025,CUST1656,Customer_0656,P2015,Table Lamp,Home & Kitchen,Home Decor,2.00,1299.00,2598.00,0.05,129.90,2468.10,555.32,Noida,Uttar Pradesh,North,Credit Card,Standard,2025,3,March,0.225
ORD103374,17-09-2025,CUST1435,Customer_0435,P2011,Sneakers,Clothing,Footwear,4.00,2499.00,9996.00,0.00,0.00,9996.00,3198.72,Bengaluru,Karnataka,South,UPI,Standard,2025,9,September,0.32
ORD103506,18-10-2024,CUST1022,Customer_0022,P2007,T-Shirt,Clothing,Men,1.00,799.00,799.00,0.10,79.90,719.10,208.54,Hyderabad,Telangana,South,Credit Card,Standard,2024,10,October,0.29
ORD102868,04-04-2025,CUST1488,Customer_0488,P2012,Sandals,Clothing,Footwear,2.00,1299.00,2598.00,0.10,259.80,2338.20,678.08,Jaipur,Rajasthan,North,UPI,Standard,2025,4,April,0.29
ORD102906,27-08-2024,CUST1039,Customer_0039,P2010,Dress,Clothing,Women,1.00,1999.00,1999.00,0.00,0.00,1999.00,639.68,Bengaluru,Karnataka,South,UPI,Express,2024,8,August,0.32
ORD103594,30-06-2025,CUST1661,Customer_0661,P2025,Football,Sports,Outdoor,1.00,999.00,999.00,0.10,99.90,899.10,224.78,Delhi,Delhi,North,UPI,Standard,2025,6,June,0.25
ORD103817,01-09-2024,CUST1706,Customer_0706,P2010,Dress,Clothing,Women,1.00,1999.00,1999.00,0.20,399.80,1599.20,415.79,Kolkata,West Bengal,East,UPI,Express,2024,9,September,0.26
ORD104591,12-11-2024,CUST1789,Customer_0789,P2006,Power Bank,Electronics,Accessories,1.00,1499.00,1499.00,0.05,74.95,1424.05,206.49,Kolkata,West Bengal,East,UPI,Standard,2024,11,November,0.145
ORD104746,25-04-2025,CUST1620,Customer_0620,P2008,Jeans,Clothing,Men,3.00,1799.00,5397.00,0.05,269.85,5127.15,1563.78,Gurugram,Haryana,North,Cash on Delivery,Express,2025,4,April,0.305
ORD104951,17-07-2024,CUST1115,Customer_0115,P2003,Laptop,Electronics,Computers,4.00,59999.00,239996.00,0.10,23999.60,215996.40,28079.53,Pune,Maharashtra,West,Debit Card,Standard,2024,7,July,0.13
ORD101049,11-01-2025,CUST1523,Customer_0523,P2001,Smartphone,Electronics,Mobiles,2.00,24999.00,49998.00,0.10,4999.80,44998.20,5849.77,Hyderabad,Telangana,South,Debit Card,Same Day,2025,1,January,0.13
ORD101137,25-11-2025,CUST1287,Customer_0287,P2013,Mixer Grinder,Home & Kitchen,Kitchen,1.00,3499.00,3499.00,0.10,349.90,3149.10,661.31,Chennai,Tamil Nadu,South,Credit Card,Express,2025,11,November,0.21
ORD101951,07-08-2025,CUST1053,Customer_0053,P2022,Yoga Mat,Sports,Fitness,1.00,899.00,899.00,0.05,44.95,854.05,226.32,Ahmedabad,Gujarat,West,Credit Card,Same Day,2025,8,August,0.265
ORD102232,27-03-2025,CUST1671,Customer_0671,P2007,T-Shirt,Clothing,Men,3.00,799.00,2397.00,0.20,479.40,1917.60,498.58,Pune,Maharashtra,West,UPI,Standard,2025,3,March,0.26
ORD102483,17-04-2025,CUST1787,Customer_0787,P2008,Jeans,Clothing,Men,2.00,1799.00,3598.00,0.15,539.70,3058.30,841.03,Pune,Maharashtra,West,Credit Card,Express,2025,4,April,0.275
ORD103369,15-10-2024,CUST1553,Customer_0553,P2016,Bedsheet Set,Home & Kitchen,Home Decor,1.00,999.00,999.00,0.10,99.90,899.10,188.81,Delhi,Delhi,North,Credit Card,Same Day,2024,10,October,0.21
ORD103517,26-01-2025,CUST1613,Customer_0613,P2006,Power Bank,Electronics,Accessories,4.00,1499.00,5996.00,0.10,599.60,5396.40,701.53,Chennai,Tamil Nadu,South,Net Banking,Express,2025,1,January,0.13
ORD104873,29-05-2025,CUST1182,Customer_0182,P2018,Face Wash,Beauty,Skincare,3.00,399.00,1197.00,0.05,59.85,1137.15,415.06,Chennai,Tamil Nadu,South,Debit Card,Same Day,2025,5,May,0.365
ORD103098,24-06-2025,CUST1111,Customer_0111,P2011,Sneakers,Clothing,Footwear,1.00,2499.00,2499.00,0.15,374.85,2124.15,584.14,Lucknow,Uttar Pradesh,North,Net Banking,Express,2025,6,June,0.275
ORD103197,04-03-2025,CUST1365,Customer_0365,P2023,Dumbbells,Sports,Fitness,1.00,1599.00,1599.00,0.15,239.85,1359.15,319.40,Lucknow,Uttar Pradesh,North,Net Banking,Express,2025,3,March,0.235
ORD100327,14-06-2024,CUST1690,Customer_0690,P2004,Wireless Mouse,Electronics,Accessories,1.00,899.00,899.00,0.10,89.90,809.10,105.18,Jaipur,Rajasthan,North,Debit Card,Standard,2024,6,June,0.13
ORD100408,23-07-2024,CUST1516,Customer_0516,P2008,Jeans,Clothing,Men,1.00,1799.00,1799.00,0.15,269.85,1529.15,420.52,Hyderabad,Telangana,South,Credit Card,Standard,2024,7,July,0.275
ORD100448,11-09-2025,CUST1112,Customer_0112,P2014,Cookware Set,Home & Kitchen,Kitchen,1.00,2999.00,2999.00,0.10,299.90,2699.10,566.81,Gurugram,Haryana,North,UPI,Express,2025,9,September,0.21
ORD100586,21-05-2024,CUST1069,Customer_0069,P2005,Keyboard,Electronics,Accessories,2.00,1299.00,2598.00,0.10,259.80,2338.20,303.97,Gurugram,Haryana,North,Credit Card,Standard,2024,5,May,0.13
ORD101232,13-09-2024,CUST1394,Customer_0394,P2009,Kurti,Clothing,Women,5.00,1199.00,5995.00,0.10,599.50,5395.50,1564.70,Chennai,Tamil Nadu,South,Debit Card,Standard,2024,9,September,0.29
ORD102317,23-02-2024,CUST1684,Customer_0684,P2024,Cricket Bat,Sports,Outdoor,2.00,2499.00,4998.00,0.05,249.90,4748.10,1258.25,Chennai,Tamil Nadu,South,UPI,Same Day,2024,2,February,0.265
ORD102452,18-10-2025,CUST1765,Customer_0765,P2009,Kurti,Clothing,Women,1.00,1199.00,1199.00,0.30,359.70,839.30,193.04,Kolkata,West Bengal,East,Credit Card,Standard,2025,10,October,0.23
ORD102587,07-05-2025,CUST1094,Customer_0094,P2005,Keyboard,Electronics,Accessories,1.00,1299.00,1299.00,0.25,324.75,974.25,82.81,Gurugram,Haryana,North,Credit Card,Standard,2025,5,May,0.085
ORD102938,15-01-2025,CUST1207,Customer_0207,P2012,Sandals,Clothing,Footwear,1.00,1299.00,1299.00,0.05,64.95,1234.05,376.39,Kolkata,West Bengal,East,Debit Card,Standard,2025,1,January,0.305
ORD102954,21-07-2025,CUST1506,Customer_0506,P2020,Shampoo,Beauty,Haircare,2.00,599.00,1198.00,0.10,119.80,1078.20,377.37,Noida,Uttar Pradesh,North,Credit Card,Standard,2025,7,July,0.35
ORD103409,15-04-2024,CUST1413,Customer_0413,P2025,Football,Sports,Outdoor,2.00,999.00,1998.00,0.05,99.90,1898.10,503.00,Bengaluru,Karnataka,South,Debit Card,Express,2024,4,April,0.265
ORD103760,29-12-2025,CUST1215,Customer_0215,P2013,Mixer Grinder,Home & Kitchen,Kitchen,1.00,3499.00,3499.00,0.10,349.90,3149.10,661.31,Hyderabad,Telangana,South,Debit Card,Standard,2025,12,December,0.21
ORD104204,12-06-2025,CUST1537,Customer_0537,P2009,Kurti,Clothing,Women,1.00,1199.00,1199.00,0.00,0.00,1199.00,383.68,Kolkata,West Bengal,East,Net Banking,Express,2025,6,June,0.32
ORD104345,07-05-2024,CUST1767,Customer_0767,P2021,Perfume,Beauty,Fragrance,3.00,1499.00,4497.00,0.15,674.55,3822.45,1280.52,Gurugram,Haryana,North,UPI,Standard,2024,5,May,0.335
ORD104826,18-10-2024,CUST1707,Customer_0707,P2003,Laptop,Electronics,Computers,2.00,59999.00,119998.00,0.10,11999.80,107998.20,14039.77,Delhi,Delhi,North,Net Banking,Standard,2024,10,October,0.13
ORD104872,26-03-2024,CUST1613,Customer_0613,P2006,Power Bank,Electronics,Accessories,1.00,1499.00,1499.00,0.10,149.90,1349.10,175.38,Lucknow,Uttar Pradesh,North,UPI,Standard,2024,3,March,0.13
ORD100284,13-06-2024,CUST1612,Customer_0612,P2010,Dress,Clothing,Women,1.00,1999.00,1999.00,0.00,0.00,1999.00,639.68,Hyderabad,Telangana,South,Debit Card,Same Day,2024,6,June,0.32
ORD100712,06-10-2024,CUST1543,Customer_0543,P2008,Jeans,Clothing,Men,1.00,1799.00,1799.00,0.20,359.80,1439.20,374.19,Hyderabad,Telangana,South,UPI,Express,2024,10,October,0.26
ORD101416,05-04-2025,CUST1281,Customer_0281,P2003,Laptop,Electronics,Computers,1.00,59999.00,59999.00,0.15,8999.85,50999.15,5864.90,Pune,Maharashtra,West,Cash on Delivery,Standard,2025,4,April,0.115
ORD102172,09-06-2025,CUST1468,Customer_0468,P2014,Cookware Set,Home & Kitchen,Kitchen,2.00,2999.00,5998.00,0.15,899.70,5098.30,994.17,Bengaluru,Karnataka,South,Credit Card,Standard,2025,6,June,0.195
ORD102387,30-05-2024,CUST1799,Customer_0799,P2009,Kurti,Clothing,Women,2.00,1199.00,2398.00,0.05,119.90,2278.10,694.82,Kolkata,West Bengal,East,Credit Card,Standard,2024,5,May,0.305
ORD103275,23-03-2025,CUST1667,Customer_0667,P2002,Wireless Earbuds,Electronics,Mobiles,5.00,2999.00,14995.00,0.10,1499.50,13495.50,1754.42,Chennai,Tamil Nadu,South,Credit Card,Express,2025,3,March,0.13
ORD103835,03-04-2024,CUST1423,Customer_0423,P2008,Jeans,Clothing,Men,1.00,1799.00,1799.00,0.05,89.95,1709.05,521.26,Ahmedabad,Gujarat,West,Net Banking,Express,2024,4,April,0.305
ORD100475,15-08-2024,CUST1671,Customer_0671,P2018,Face Wash,Beauty,Skincare,4.00,399.00,1596.00,0.20,319.20,1276.80,408.58,Chennai,Tamil Nadu,South,UPI,Standard,2024,8,August,0.32
ORD100541,06-04-2025,CUST1721,Customer_0721,P2013,Mixer Grinder,Home & Kitchen,Kitchen,3.00,3499.00,10497.00,0.25,2624.25,7872.75,1299.00,Ahmedabad,Gujarat,West,UPI,Standard,2025,4,April,0.165
ORD100646,23-12-2024,CUST1396,Customer_0396,P2001,Smartphone,Electronics,Mobiles,1.00,24999.00,24999.00,0.10,2499.90,22499.10,2924.88,Bengaluru,Karnataka,South,Cash on Delivery,Standard,2024,12,December,0.13
ORD101753,28-01-2024,CUST1575,Customer_0575,P2020,Shampoo,Beauty,Haircare,2.00,599.00,1198.00,0.10,119.80,1078.20,377.37,Ahmedabad,Gujarat,West,Debit Card,Express,2024,1,January,0.35
ORD102064,28-02-2025,CUST1047,Customer_0047,P2007,T-Shirt,Clothing,Men,3.00,799.00,2397.00,0.15,359.55,2037.45,560.30,Kolkata,West Bengal,East,Debit Card,Standard,2025,2,February,0.275
ORD102565,24-02-2024,CUST1307,Customer_0307,P2024,Cricket Bat,Sports,Outdoor,2.00,2499.00,4998.00,0.00,0.00,4998.00,1399.44,Delhi,Delhi,North,Debit Card,Express,2024,2,February,0.28
ORD102637,09-02-2025,CUST1173,Customer_0173,P2003,Laptop,Electronics,Computers,3.00,59999.00,179997.00,0.15,26999.55,152997.45,17594.71,Pune,Maharashtra,West,Credit Card,Express,2025,2,February,0.115
ORD100947,29-05-2025,CUST1239,Customer_0239,P2003,Laptop,Electronics,Computers,2.00,59999.00,119998.00,0.00,0.00,119998.00,19199.68,Gurugram,Haryana,North,UPI,Express,2025,5,May,0.16
ORD101153,17-01-2025,CUST1384,Customer_0384,P2017,Office Chair,Home & Kitchen,Furniture,1.00,5999.00,5999.00,0.05,299.95,5699.05,1282.29,Ahmedabad,Gujarat,West,UPI,Same Day,2025,1,January,0.225
ORD103329,29-08-2024,CUST1163,Customer_0163,P2008,Jeans,Clothing,Men,1.00,1799.00,1799.00,0.15,269.85,1529.15,420.52,Hyderabad,Telangana,South,UPI,Standard,2024,8,August,0.275
ORD103752,30-01-2025,CUST1389,Customer_0389,P2001,Smartphone,Electronics,Mobiles,2.00,24999.00,49998.00,0.10,4999.80,44998.20,5849.77,Hyderabad,Telangana,South,Credit Card,Standard,2025,1,January,0.13
ORD104114,24-03-2024,CUST1746,Customer_0746,P2025,Football,Sports,Outdoor,1.00,999.00,999.00,0.05,49.95,949.05,251.50,Noida,Uttar Pradesh,North,Debit Card,Express,2024,3,March,0.265
ORD100511,18-01-2025,CUST1569,Customer_0569,P2007,T-Shirt,Clothing,Men,1.00,799.00,799.00,0.10,79.90,719.10,208.54,Delhi,Delhi,North,UPI,Standard,2025,1,January,0.29
ORD100581,17-08-2024,CUST1314,Customer_0314,P2011,Sneakers,Clothing,Footwear,1.00,2499.00,2499.00,0.15,374.85,2124.15,584.14,Hyderabad,Telangana,South,UPI,Express,2024,8,August,0.275
ORD101065,29-01-2024,CUST1059,Customer_0059,P2003,Laptop,Electronics,Computers,1.00,59999.00,59999.00,0.15,8999.85,50999.15,5864.90,Chennai,Tamil Nadu,South,UPI,Standard,2024,1,January,0.115
ORD102122,22-11-2024,CUST1665,Customer_0665,P2001,Smartphone,Electronics,Mobiles,1.00,24999.00,24999.00,0.00,0.00,24999.00,3999.84,Chennai,Tamil Nadu,South,UPI,Express,2024,11,November,0.16
ORD102229,11-04-2024,CUST1059,Customer_0059,P2008,Jeans,Clothing,Men,1.00,1799.00,1799.00,0.10,179.90,1619.10,469.54,Mumbai,Maharashtra,West,UPI,Express,2024,4,April,0.29
ORD102252,27-10-2025,CUST1768,Customer_0768,P2005,Keyboard,Electronics,Accessories,1.00,1299.00,1299.00,0.30,389.70,909.30,63.65,Hyderabad,Telangana,South,Cash on Delivery,Standard,2025,10,October,0.07
ORD102415,09-12-2024,CUST1766,Customer_0766,P2016,Bedsheet Set,Home & Kitchen,Home Decor,1.00,999.00,999.00,0.05,49.95,949.05,213.54,Hyderabad,Telangana,South,Net Banking,Express,2024,12,December,0.225
ORD101985,29-05-2024,CUST1771,Customer_0771,P2019,Sunscreen,Beauty,Skincare,1.00,699.00,699.00,0.25,174.75,524.25,159.90,Hyderabad,Telangana,South,Debit Card,Standard,2024,5,May,0.305
ORD102040,20-05-2024,CUST1615,Customer_0615,P2015,Table Lamp,Home & Kitchen,Home Decor,1.00,1299.00,1299.00,0.15,194.85,1104.15,215.31,Delhi,Delhi,North,Cash on Delivery,Standard,2024,5,May,0.195
ORD102367,09-02-2024,CUST1152,Customer_0152,P2011,Sneakers,Clothing,Footwear,2.00,2499.00,4998.00,0.15,749.70,4248.30,1168.28,Chennai,Tamil Nadu,South,Credit Card,Standard,2024,2,February,0.275
ORD102606,20-10-2024,CUST1368,Customer_0368,P2001,Smartphone,Electronics,Mobiles,1.00,24999.00,24999.00,0.15,3749.85,21249.15,2443.65,Gurugram,Haryana,North,Debit Card,Express,2024,10,October,0.115
ORD102924,28-04-2025,CUST1701,Customer_0701,P2023,Dumbbells,Sports,Fitness,1.00,1599.00,1599.00,0.15,239.85,1359.15,319.40,Jaipur,Rajasthan,North,Credit Card,Standard,2025,4,April,0.235
ORD102934,13-12-2025,CUST1689,Customer_0689,P2008,Jeans,Clothing,Men,1.00,1799.00,1799.00,0.10,179.90,1619.10,469.54,Ahmedabad,Gujarat,West,Cash on Delivery,Standard,2025,12,December,0.29
ORD103093,22-05-2024,CUST1540,Customer_0540,P2012,Sandals,Clothing,Footwear,1.00,1299.00,1299.00,0.15,194.85,1104.15,303.64,Delhi,Delhi,North,UPI,Same Day,2024,5,May,0.275
ORD103534,23-12-2025,CUST1127,Customer_0127,P2025,Football,Sports,Outdoor,1.00,999.00,999.00,0.15,149.85,849.15,199.55,Mumbai,Maharashtra,West,Debit Card,Standard,2025,12,December,0.235
ORD104726,25-04-2025,CUST1607,Customer_0607,P2015,Table Lamp,Home & Kitchen,Home Decor,1.00,1299.00,1299.00,0.05,64.95,1234.05,277.66,Lucknow,Uttar Pradesh,North,Credit Card,Standard,2025,4,April,0.225
ORD104898,04-04-2025,CUST1659,Customer_0659,P2021,Perfume,Beauty,Fragrance,1.00,1499.00,1499.00,0.15,224.85,1274.15,426.84,Mumbai,Maharashtra,West,UPI,Same Day,2025,4,April,0.335
ORD100672,22-09-2025,CUST1708,Customer_0708,P2001,Smartphone,Electronics,Mobiles,1.00,24999.00,24999.00,0.15,3749.85,21249.15,2443.65,Noida,Uttar Pradesh,North,UPI,Standard,2025,9,September,0.115
ORD101607,06-01-2024,CUST1096,Customer_0096,P2019,Sunscreen,Beauty,Skincare,2.00,699.00,1398.00,0.05,69.90,1328.10,484.76,Chennai,Tamil Nadu,South,Credit Card,Standard,2024,1,January,0.365
ORD102108,22-03-2024,CUST1773,Customer_0773,P2009,Kurti,Clothing,Women,1.00,1199.00,1199.00,0.10,119.90,1079.10,312.94,Lucknow,Uttar Pradesh,North,Credit Card,Standard,2024,3,March,0.29
ORD102624,20-01-2024,CUST1348,Customer_0348,P2010,Dress,Clothing,Women,1.00,1999.00,1999.00,0.15,299.85,1699.15,467.27,Noida,Uttar Pradesh,North,Debit Card,Standard,2024,1,January,0.275
ORD103544,19-09-2024,CUST1639,Customer_0639,P2003,Laptop,Electronics,Computers,1.00,59999.00,59999.00,0.15,8999.85,50999.15,5864.90,Jaipur,Rajasthan,North,Cash on Delivery,Express,2024,9,September,0.115
ORD103748,08-08-2024,CUST1616,Customer_0616,P2002,Wireless Earbuds,Electronics,Mobiles,1.00,2999.00,2999.00,0.10,299.90,2699.10,350.88,Delhi,Delhi,North,UPI,Same Day,2024,8,August,0.13
ORD104940,02-06-2024,CUST1428,Customer_0428,P2005,Keyboard,Electronics,Accessories,3.00,1299.00,3897.00,0.10,389.70,3507.30,455.95,Ahmedabad,Gujarat,West,Credit Card,Standard,2024,6,June,0.13
ORD101164,15-07-2025,CUST1513,Customer_0513,P2001,Smartphone,Electronics,Mobiles,4.00,24999.00,99996.00,0.00,0.00,99996.00,15999.36,Pune,Maharashtra,West,Credit Card,Express,2025,7,July,0.16
ORD102479,15-09-2025,CUST1193,Customer_0193,P2016,Bedsheet Set,Home & Kitchen,Home Decor,3.00,999.00,2997.00,0.05,149.85,2847.15,640.61,Ahmedabad,Gujarat,West,Debit Card,Standard,2025,9,September,0.225
ORD102576,24-06-2025,CUST1306,Customer_0306,P2023,Dumbbells,Sports,Fitness,1.00,1599.00,1599.00,0.10,159.90,1439.10,359.78,Gurugram,Haryana,North,Credit Card,Express,2025,6,June,0.25
ORD104683,09-03-2025,CUST1631,Customer_0631,P2009,Kurti,Clothing,Women,4.00,1199.00,4796.00,0.05,239.80,4556.20,1389.64,Jaipur,Rajasthan,North,Credit Card,Express,2025,3,March,0.305
ORD101163,23-04-2024,CUST1272,Customer_0272,P2014,Cookware Set,Home & Kitchen,Kitchen,1.00,2999.00,2999.00,0.00,0.00,2999.00,719.76,Pune,Maharashtra,West,UPI,Standard,2024,4,April,0.24
ORD101283,22-10-2024,CUST1517,Customer_0517,P2004,Wireless Mouse,Electronics,Accessories,3.00,899.00,2697.00,0.05,134.85,2562.15,371.51,Gurugram,Haryana,North,Credit Card,Express,2024,10,October,0.145
ORD101967,31-08-2024,CUST1167,Customer_0167,P2024,Cricket Bat,Sports,Outdoor,1.00,2499.00,2499.00,0.30,749.70,1749.30,332.37,Hyderabad,Telangana,South,Debit Card,Express,2024,8,August,0.19
ORD102459,04-11-2024,CUST1237,Customer_0237,P2001,Smartphone,Electronics,Mobiles,1.00,24999.00,24999.00,0.15,3749.85,21249.15,2443.65,Ahmedabad,Gujarat,West,Credit Card,Standard,2024,11,November,0.115
ORD103016,04-05-2024,CUST1617,Customer_0617,P2017,Office Chair,Home & Kitchen,Furniture,2.00,5999.00,11998.00,0.05,599.90,11398.10,2564.57,Gurugram,Haryana,North,Credit Card,Standard,2024,5,May,0.225
ORD103149,18-02-2024,CUST1304,Customer_0304,P2021,Perfume,Beauty,Fragrance,2.00,1499.00,2998.00,0.10,299.80,2698.20,944.37,Mumbai,Maharashtra,West,Debit Card,Standard,2024,2,February,0.35
ORD103501,01-09-2024,CUST1723,Customer_0723,P2023,Dumbbells,Sports,Fitness,1.00,1599.00,1599.00,0.00,0.00,1599.00,447.72,Hyderabad,Telangana,South,Credit Card,Standard,2024,9,September,0.28
ORD100686,05-03-2025,CUST1099,Customer_0099,P2011,Sneakers,Clothing,Footwear,2.00,2499.00,4998.00,0.20,999.60,3998.40,1039.58,Noida,Uttar Pradesh,North,UPI,Standard,2025,3,March,0.26
ORD100757,16-10-2025,CUST1341,Customer_0341,P2002,Wireless Earbuds,Electronics,Mobiles,1.00,2999.00,2999.00,0.15,449.85,2549.15,293.15,Chennai,Tamil Nadu,South,Net Banking,Standard,2025,10,October,0.115
ORD102431,29-09-2025,CUST1593,Customer_0593,P2003,Laptop,Electronics,Computers,2.00,59999.00,119998.00,0.15,17999.70,101998.30,11729.80,Lucknow,Uttar Pradesh,North,Credit Card,Express,2025,9,September,0.115
ORD102471,13-04-2025,CUST1019,Customer_0019,P2008,Jeans,Clothing,Men,1.00,1799.00,1799.00,0.15,269.85,1529.15,420.52,Lucknow,Uttar Pradesh,North,Credit Card,Same Day,2025,4,April,0.275
ORD103378,05-03-2024,CUST1566,Customer_0566,P2011,Sneakers,Clothing,Footwear,2.00,2499.00,4998.00,0.20,999.60,3998.40,1039.58,Mumbai,Maharashtra,West,Credit Card,Express,2024,3,March,0.26
ORD100453,23-04-2024,CUST1463,Customer_0463,P2011,Sneakers,Clothing,Footwear,2.00,2499.00,4998.00,0.30,1499.40,3498.60,804.68,Kolkata,West Bengal,East,Net Banking,Express,2024,4,April,0.23
ORD102427,26-05-2025,CUST1542,Customer_0542,P2023,Dumbbells,Sports,Fitness,1.00,1599.00,1599.00,0.10,159.90,1439.10,359.78,Pune,Maharashtra,West,UPI,Standard,2025,5,May,0.25
ORD104105,03-09-2025,CUST1080,Customer_0080,P2014,Cookware Set,Home & Kitchen,Kitchen,2.00,2999.00,5998.00,0.10,599.80,5398.20,1133.62,Chennai,Tamil Nadu,South,Net Banking,Standard,2025,9,September,0.21
ORD104337,02-07-2025,CUST1688,Customer_0688,P2025,Football,Sports,Outdoor,3.00,999.00,2997.00,0.10,299.70,2697.30,674.32,Mumbai,Maharashtra,West,UPI,Express,2025,7,July,0.25
ORD100355,17-01-2024,CUST1641,Customer_0641,P2002,Wireless Earbuds,Electronics,Mobiles,1.00,2999.00,2999.00,0.20,599.80,2399.20,239.92,Jaipur,Rajasthan,North,Debit Card,Standard,2024,1,January,0.1
ORD100746,09-10-2025,CUST1204,Customer_0204,P2002,Wireless Earbuds,Electronics,Mobiles,1.00,2999.00,2999.00,0.10,299.90,2699.10,350.88,Jaipur,Rajasthan,North,Cash on Delivery,Standard,2025,10,October,0.13
ORD101387,11-06-2025,CUST1608,Customer_0608,P2010,Dress,Clothing,Women,2.00,1999.00,3998.00,0.20,799.60,3198.40,831.58,Gurugram,Haryana,North,Credit Card,Standard,2025,6,June,0.26
ORD101708,11-08-2025,CUST1732,Customer_0732,P2016,Bedsheet Set,Home & Kitchen,Home Decor,1.00,999.00,999.00,0.10,99.90,899.10,188.81,Jaipur,Rajasthan,North,UPI,Same Day,2025,8,August,0.21
ORD103084,04-09-2024,CUST1264,Customer_0264,P2003,Laptop,Electronics,Computers,2.00,59999.00,119998.00,0.05,5999.90,113998.10,16529.72,Mumbai,Maharashtra,West,UPI,Standard,2024,9,September,0.145
ORD103420,27-05-2024,CUST1410,Customer_0410,P2003,Laptop,Electronics,Computers,2.00,59999.00,119998.00,0.15,17999.70,101998.30,11729.80,Noida,Uttar Pradesh,North,Net Banking,Standard,2024,5,May,0.115
ORD104852,25-10-2024,CUST1506,Customer_0506,P2005,Keyboard,Electronics,Accessories,2.00,1299.00,2598.00,0.00,0.00,2598.00,415.68,Pune,Maharashtra,West,Credit Card,Express,2024,10,October,0.16
ORD100050,15-03-2025,CUST1280,Customer_0280,P2024,Cricket Bat,Sports,Outdoor,1.00,2499.00,2499.00,0.10,249.90,2249.10,562.28,Ahmedabad,Gujarat,West,UPI,Standard,2025,3,March,0.25
ORD100062,02-01-2024,CUST1096,Customer_0096,P2001,Smartphone,Electronics,Mobiles,1.00,24999.00,24999.00,0.20,4999.80,19999.20,1999.92,Chennai,Tamil Nadu,South,UPI,Express,2024,1,January,0.1
ORD100257,21-09-2025,CUST1732,Customer_0732,P2003,Laptop,Electronics,Computers,3.00,59999.00,179997.00,0.15,26999.55,152997.45,17594.71,Hyderabad,Telangana,South,Debit Card,Standard,2025,9,September,0.115
ORD100711,27-12-2024,CUST1440,Customer_0440,P2014,Cookware Set,Home & Kitchen,Kitchen,1.00,2999.00,2999.00,0.25,749.75,2249.25,371.13,Ahmedabad,Gujarat,West,UPI,Same Day,2024,12,December,0.165
ORD102158,03-09-2024,CUST1235,Customer_0235,P2002,Wireless Earbuds,Electronics,Mobiles,1.00,2999.00,2999.00,0.15,449.85,2549.15,293.15,Hyderabad,Telangana,South,UPI,Standard,2024,9,September,0.115
ORD102715,07-08-2025,CUST1462,Customer_0462,P2001,Smartphone,Electronics,Mobiles,2.00,24999.00,49998.00,0.15,7499.70,42498.30,4887.30,Hyderabad,Telangana,South,Cash on Delivery,Standard,2025,8,August,0.115
ORD103102,02-03-2025,CUST1463,Customer_0463,P2019,Sunscreen,Beauty,Skincare,1.00,699.00,699.00,0.00,0.00,699.00,265.62,Pune,Maharashtra,West,Debit Card,Standard,2025,3,March,0.38
ORD104496,10-07-2024,CUST1417,Customer_0417,P2010,Dress,Clothing,Women,3.00,1999.00,5997.00,0.20,1199.40,4797.60,1247.38,Jaipur,Rajasthan,North,Net Banking,Standard,2024,7,July,0.26
ORD104529,11-11-2025,CUST1180,Customer_0180,P2002,Wireless Earbuds,Electronics,Mobiles,2.00,2999.00,5998.00,0.10,599.80,5398.20,701.77,Lucknow,Uttar Pradesh,North,Credit Card,Standard,2025,11,November,0.13
ORD100428,15-11-2025,CUST1373,Customer_0373,P2005,Keyboard,Electronics,Accessories,3.00,1299.00,3897.00,0.05,194.85,3702.15,536.81,Delhi,Delhi,North,Credit Card,Express,2025,11,November,0.145
ORD100458,28-03-2024,CUST1515,Customer_0515,P2012,Sandals,Clothing,Footwear,2.00,1299.00,2598.00,0.05,129.90,2468.10,752.77,Bengaluru,Karnataka,South,Net Banking,Standard,2024,3,March,0.305
ORD102216,20-06-2025,CUST1469,Customer_0469,P2005,Keyboard,Electronics,Accessories,1.00,1299.00,1299.00,0.15,194.85,1104.15,126.98,Chennai,Tamil Nadu,South,Net Banking,Express,2025,6,June,0.115
ORD101605,04-01-2025,CUST1350,Customer_0350,P2012,Sandals,Clothing,Footwear,1.00,1299.00,1299.00,0.05,64.95,1234.05,376.39,Chennai,Tamil Nadu,South,UPI,Standard,2025,1,January,0.305
ORD102018,10-03-2024,CUST1114,Customer_0114,P2012,Sandals,Clothing,Footwear,1.00,1299.00,1299.00,0.05,64.95,1234.05,376.39,Noida,Uttar Pradesh,North,Net Banking,Same Day,2024,3,March,0.305
ORD102200,22-06-2025,CUST1479,Customer_0479,P2025,Football,Sports,Outdoor,2.00,999.00,1998.00,0.05,99.90,1898.10,503.00,Gurugram,Haryana,North,UPI,Standard,2025,6,June,0.265
ORD103600,11-07-2025,CUST1127,Customer_0127,P2023,Dumbbells,Sports,Fitness,1.00,1599.00,1599.00,0.15,239.85,1359.15,319.40,Chennai,Tamil Nadu,South,UPI,Express,2025,7,July,0.235
ORD104380,03-06-2025,CUST1403,Customer_0403,P2006,Power Bank,Electronics,Accessories,2.00,1499.00,2998.00,0.10,299.80,2698.20,350.77,Kolkata,West Bengal,East,UPI,Standard,2025,6,June,0.13
ORD104780,03-06-2025,CUST1060,Customer_0060,P2011,Sneakers,Clothing,Footwear,1.00,2499.00,2499.00,0.20,499.80,1999.20,519.79,Bengaluru,Karnataka,South,Credit Card,Standard,2025,6,June,0.26
ORD100043,21-07-2025,CUST1615,Customer_0615,P2024,Cricket Bat,Sports,Outdoor,1.00,2499.00,2499.00,0.15,374.85,2124.15,499.18,Delhi,Delhi,North,Debit Card,Same Day,2025,7,July,0.235
ORD100598,21-01-2024,CUST1084,Customer_0084,P2021,Perfume,Beauty,Fragrance,1.00,1499.00,1499.00,0.10,149.90,1349.10,472.18,Hyderabad,Telangana,South,UPI,Standard,2024,1,January,0.35
ORD100750,03-02-2025,CUST1738,Customer_0738,P2001,Smartphone,Electronics,Mobiles,1.00,24999.00,24999.00,0.10,2499.90,22499.10,2924.88,Chennai,Tamil Nadu,South,UPI,Standard,2025,2,February,0.13
ORD101007,26-04-2025,CUST1224,Customer_0224,P2010,Dress,Clothing,Women,1.00,1999.00,1999.00,0.15,299.85,1699.15,467.27,Delhi,Delhi,North,Net Banking,Standard,2025,4,April,0.275
ORD101210,14-02-2024,CUST1401,Customer_0401,P2024,Cricket Bat,Sports,Outdoor,1.00,2499.00,2499.00,0.00,0.00,2499.00,699.72,Pune,Maharashtra,West,Credit Card,Standard,2024,2,February,0.28
ORD101368,12-10-2025,CUST1564,Customer_0564,P2016,Bedsheet Set,Home & Kitchen,Home Decor,1.00,999.00,999.00,0.15,149.85,849.15,165.58,Pune,Maharashtra,West,UPI,Standard,2025,10,October,0.195
ORD101423,31-01-2025,CUST1106,Customer_0106,P2005,Keyboard,Electronics,Accessories,2.00,1299.00,2598.00,0.10,259.80,2338.20,303.97,Lucknow,Uttar Pradesh,North,UPI,Same Day,2025,1,January,0.13
ORD101442,17-01-2025,CUST1666,Customer_0666,P2020,Shampoo,Beauty,Haircare,1.00,599.00,599.00,0.15,89.85,509.15,170.57,Jaipur,Rajasthan,North,Credit Card,Standard,2025,1,January,0.335
ORD101582,16-09-2024,CUST1253,Customer_0253,P2007,T-Shirt,Clothing,Men,3.00,799.00,2397.00,0.25,599.25,1797.75,440.45,Lucknow,Uttar Pradesh,North,UPI,Standard,2024,9,September,0.245
ORD102874,17-01-2024,CUST1182,Customer_0182,P2023,Dumbbells,Sports,Fitness,2.00,1599.00,3198.00,0.10,319.80,2878.20,719.55,Kolkata,West Bengal,East,UPI,Standard,2024,1,January,0.25
ORD102949,31-12-2024,CUST1579,Customer_0579,P2009,Kurti,Clothing,Women,1.00,1199.00,1199.00,0.15,179.85,1019.15,280.27,Kolkata,West Bengal,East,Net Banking,Express,2024,12,December,0.275
ORD104483,10-03-2024,CUST1058,Customer_0058,P2013,Mixer Grinder,Home & Kitchen,Kitchen,2.00,3499.00,6998.00,0.15,1049.70,5948.30,1159.92,Delhi,Delhi,North,Cash on Delivery,Standard,2024,3,March,0.195
ORD100036,19-12-2024,CUST1596,Customer_0596,P2009,Kurti,Clothing,Women,1.00,1199.00,1199.00,0.15,179.85,1019.15,280.27,Hyderabad,Telangana,South,UPI,Express,2024,12,December,0.275
ORD100226,03-09-2024,CUST1787,Customer_0787,P2009,Kurti,Clothing,Women,2.00,1199.00,2398.00,0.30,719.40,1678.60,386.08,Jaipur,Rajasthan,North,Credit Card,Standard,2024,9,September,0.23
ORD100484,03-11-2025,CUST1044,Customer_0044,P2013,Mixer Grinder,Home & Kitchen,Kitchen,2.00,3499.00,6998.00,0.10,699.80,6298.20,1322.62,Ahmedabad,Gujarat,West,UPI,Express,2025,11,November,0.21
ORD100904,05-10-2025,CUST1487,Customer_0487,P2006,Power Bank,Electronics,Accessories,2.00,1499.00,2998.00,0.20,599.60,2398.40,239.84,Kolkata,West Bengal,East,UPI,Standard,2025,10,October,0.1
ORD101658,16-04-2024,CUST1047,Customer_0047,P2002,Wireless Earbuds,Electronics,Mobiles,3.00,2999.00,8997.00,0.15,1349.55,7647.45,879.46,Lucknow,Uttar Pradesh,North,Net Banking,Express,2024,4,April,0.115
ORD101974,18-08-2025,CUST1325,Customer_0325,P2018,Face Wash,Beauty,Skincare,1.00,399.00,399.00,0.05,19.95,379.05,138.35,Mumbai,Maharashtra,West,Debit Card,Standard,2025,8,August,0.365
ORD102250,06-12-2024,CUST1272,Customer_0272,P2013,Mixer Grinder,Home & Kitchen,Kitchen,3.00,3499.00,10497.00,0.10,1049.70,9447.30,1983.93,Delhi,Delhi,North,UPI,Standard,2024,12,December,0.21
ORD102781,16-05-2024,CUST1026,Customer_0026,P2007,T-Shirt,Clothing,Men,1.00,799.00,799.00,0.05,39.95,759.05,231.51,Chennai,Tamil Nadu,South,Credit Card,Standard,2024,5,May,0.305
ORD102905,15-02-2024,CUST1161,Customer_0161,P2014,Cookware Set,Home & Kitchen,Kitchen,2.00,2999.00,5998.00,0.00,0.00,5998.00,1439.52,Bengaluru,Karnataka,South,Credit Card,Express,2024,2,February,0.24
ORD101310,26-12-2024,CUST1067,Customer_0067,P2012,Sandals,Clothing,Footwear,1.00,1299.00,1299.00,0.20,259.80,1039.20,270.19,Ahmedabad,Gujarat,West,UPI,Standard,2024,12,December,0.26
ORD103604,13-07-2025,CUST1769,Customer_0769,P2020,Shampoo,Beauty,Haircare,4.00,599.00,2396.00,0.10,239.60,2156.40,754.74,Ahmedabad,Gujarat,West,Net Banking,Standard,2025,7,July,0.35
ORD103814,12-12-2024,CUST1058,Customer_0058,P2005,Keyboard,Electronics,Accessories,1.00,1299.00,1299.00,0.00,0.00,1299.00,207.84,Delhi,Delhi,North,Credit Card,Express,2024,12,December,0.16
ORD100019,20-10-2025,CUST1624,Customer_0624,P2024,Cricket Bat,Sports,Outdoor,2.00,2499.00,4998.00,0.20,999.60,3998.40,879.65,Gurugram,Haryana,North,Net Banking,Standard,2025,10,October,0.22
ORD100049,28-06-2024,CUST1532,Customer_0532,P2011,Sneakers,Clothing,Footwear,1.00,2499.00,2499.00,0.20,499.80,1999.20,519.79,Delhi,Delhi,North,Credit Card,Express,2024,6,June,0.26
ORD100693,02-12-2025,CUST1346,Customer_0346,P2001,Smartphone,Electronics,Mobiles,1.00,24999.00,24999.00,0.05,1249.95,23749.05,3443.61,Ahmedabad,Gujarat,West,Credit Card,Same Day,2025,12,December,0.145
ORD101173,20-04-2025,CUST1369,Customer_0369,P2015,Table Lamp,Home & Kitchen,Home Decor,1.00,1299.00,1299.00,0.00,0.00,1299.00,311.76,Ahmedabad,Gujarat,West,UPI,Standard,2025,4,April,0.24
ORD104398,13-12-2025,CUST1367,Customer_0367,P2023,Dumbbells,Sports,Fitness,1.00,1599.00,1599.00,0.10,159.90,1439.10,359.78,Kolkata,West Bengal,East,Credit Card,Express,2025,12,December,0.25
ORD104744,05-05-2025,CUST1727,Customer_0727,P2003,Laptop,Electronics,Computers,1.00,59999.00,59999.00,0.05,2999.95,56999.05,8264.86,Lucknow,Uttar Pradesh,North,Debit Card,Express,2025,5,May,0.145
ORD100205,08-10-2025,CUST1013,Customer_0013,P2022,Yoga Mat,Sports,Fitness,2.00,899.00,1798.00,0.15,269.70,1528.30,359.15,Hyderabad,Telangana,South,UPI,Express,2025,10,October,0.235
ORD102034,05-07-2024,CUST1389,Customer_0389,P2024,Cricket Bat,Sports,Outdoor,1.00,2499.00,2499.00,0.10,249.90,2249.10,562.28,Gurugram,Haryana,North,Net Banking,Standard,2024,7,July,0.25
ORD103638,18-05-2024,CUST1346,Customer_0346,P2022,Yoga Mat,Sports,Fitness,2.00,899.00,1798.00,0.25,449.50,1348.50,276.44,Mumbai,Maharashtra,West,Credit Card,Express,2024,5,May,0.205
ORD103915,05-03-2024,CUST1602,Customer_0602,P2020,Shampoo,Beauty,Haircare,3.00,599.00,1797.00,0.05,89.85,1707.15,623.11,Pune,Maharashtra,West,UPI,Express,2024,3,March,0.365
ORD104789,13-04-2025,CUST1370,Customer_0370,P2002,Wireless Earbuds,Electronics,Mobiles,1.00,2999.00,2999.00,0.20,599.80,2399.20,239.92,Gurugram,Haryana,North,Debit Card,Express,2025,4,April,0.1
ORD100033,07-02-2024,CUST1510,Customer_0510,P2010,Dress,Clothing,Women,1.00,1999.00,1999.00,0.05,99.95,1899.05,579.21,Gurugram,Haryana,North,Credit Card,Express,2024,2,February,0.305
ORD101738,27-10-2024,CUST1439,Customer_0439,P2009,Kurti,Clothing,Women,1.00,1199.00,1199.00,0.05,59.95,1139.05,347.41,Pune,Maharashtra,West,UPI,Standard,2024,10,October,0.305
ORD103092,25-07-2024,CUST1504,Customer_0504,P2013,Mixer Grinder,Home & Kitchen,Kitchen,2.00,3499.00,6998.00,0.10,699.80,6298.20,1322.62,Mumbai,Maharashtra,West,UPI,Standard,2024,7,July,0.21
ORD104558,14-02-2024,CUST1242,Customer_0242,P2008,Jeans,Clothing,Men,2.00,1799.00,3598.00,0.20,719.60,2878.40,748.38,Chennai,Tamil Nadu,South,Net Banking,Standard,2024,2,February,0.26
ORD104624,23-07-2024,CUST1753,Customer_0753,P2009,Kurti,Clothing,Women,1.00,1199.00,1199.00,0.20,239.80,959.20,249.39,Chennai,Tamil Nadu,South,Net Banking,Standard,2024,7,July,0.26
ORD100151,12-02-2024,CUST1481,Customer_0481,P2003,Laptop,Electronics,Computers,2.00,59999.00,119998.00,0.25,29999.50,89998.50,7649.87,Noida,Uttar Pradesh,North,Credit Card,Standard,2024,2,February,0.085
ORD103154,19-11-2024,CUST1773,Customer_0773,P2005,Keyboard,Electronics,Accessories,1.00,1299.00,1299.00,0.10,129.90,1169.10,151.98,Chennai,Tamil Nadu,South,Net Banking,Standard,2024,11,November,0.13
ORD103709,13-11-2024,CUST1287,Customer_0287,P2009,Kurti,Clothing,Women,1.00,1199.00,1199.00,0.15,179.85,1019.15,280.27,Chennai,Tamil Nadu,South,UPI,Standard,2024,11,November,0.275
ORD103713,11-06-2025,CUST1107,Customer_0107,P2013,Mixer Grinder,Home & Kitchen,Kitchen,1.00,3499.00,3499.00,0.10,349.90,3149.10,661.31,Hyderabad,Telangana,South,Cash on Delivery,Express,2025,6,June,0.21
ORD103827,11-02-2025,CUST1267,Customer_0267,P2010,Dress,Clothing,Women,1.00,1999.00,1999.00,0.05,99.95,1899.05,579.21,Jaipur,Rajasthan,North,Credit Card,Express,2025,2,February,0.305
ORD103943,10-07-2025,CUST1426,Customer_0426,P2002,Wireless Earbuds,Electronics,Mobiles,1.00,2999.00,2999.00,0.10,299.90,2699.10,350.88,Bengaluru,Karnataka,South,Debit Card,Standard,2025,7,July,0.13
ORD104280,29-04-2025,CUST1321,Customer_0321,P2007,T-Shirt,Clothing,Men,1.00,799.00,799.00,0.25,199.75,599.25,146.82,Hyderabad,Telangana,South,UPI,Standard,2025,4,April,0.245
ORD104296,16-09-2024,CUST1671,Customer_0671,P2016,Bedsheet Set,Home & Kitchen,Home Decor,2.00,999.00,1998.00,0.30,599.40,1398.60,209.79,Gurugram,Haryana,North,Debit Card,Same Day,2024,9,September,0.15
ORD101231,07-02-2024,CUST1276,Customer_0276,P2002,Wireless Earbuds,Electronics,Mobiles,1.00,2999.00,2999.00,0.05,149.95,2849.05,413.11,Noida,Uttar Pradesh,North,UPI,Standard,2024,2,February,0.145
ORD101399,24-10-2025,CUST1338,Customer_0338,P2009,Kurti,Clothing,Women,1.00,1199.00,1199.00,0.20,239.80,959.20,249.39,Delhi,Delhi,North,Cash on Delivery,Express,2025,10,October,0.26
ORD101511,14-07-2024,CUST1033,Customer_0033,P2010,Dress,Clothing,Women,1.00,1999.00,1999.00,0.20,399.80,1599.20,415.79,Bengaluru,Karnataka,South,UPI,Express,2024,7,July,0.26
ORD103655,19-10-2024,CUST1664,Customer_0664,P2003,Laptop,Electronics,Computers,2.00,59999.00,119998.00,0.20,23999.60,95998.40,9599.84,Noida,Uttar Pradesh,North,Credit Card,Standard,2024,10,October,0.1
ORD100275,31-12-2024,CUST1101,Customer_0101,P2012,Sandals,Clothing,Footwear,1.00,1299.00,1299.00,0.25,324.75,974.25,238.69,Pune,Maharashtra,West,UPI,Standard,2024,12,December,0.245
ORD101273,18-02-2024,CUST1632,Customer_0632,P2004,Wireless Mouse,Electronics,Accessories,1.00,899.00,899.00,0.10,89.90,809.10,105.18,Chennai,Tamil Nadu,South,Credit Card,Standard,2024,2,February,0.13
ORD101853,02-11-2025,CUST1043,Customer_0043,P2020,Shampoo,Beauty,Haircare,1.00,599.00,599.00,0.05,29.95,569.05,207.70,Gurugram,Haryana,North,UPI,Express,2025,11,November,0.365
ORD103002,05-12-2024,CUST1479,Customer_0479,P2005,Keyboard,Electronics,Accessories,1.00,1299.00,1299.00,0.05,64.95,1234.05,178.94,Chennai,Tamil Nadu,South,UPI,Standard,2024,12,December,0.145
ORD104167,06-10-2024,CUST1741,Customer_0741,P2002,Wireless Earbuds,Electronics,Mobiles,1.00,2999.00,2999.00,0.15,449.85,2549.15,293.15,Hyderabad,Telangana,South,Credit Card,Standard,2024,10,October,0.115
ORD100778,07-05-2024,CUST1021,Customer_0021,P2011,Sneakers,Clothing,Footwear,2.00,2499.00,4998.00,0.15,749.70,4248.30,1168.28,Gurugram,Haryana,North,UPI,Express,2024,5,May,0.275
ORD103022,11-01-2025,CUST1668,Customer_0668,P2008,Jeans,Clothing,Men,2.00,1799.00,3598.00,0.05,179.90,3418.10,1042.52,Mumbai,Maharashtra,West,UPI,Standard,2025,1,January,0.305
ORD104074,23-03-2025,CUST1564,Customer_0564,P2003,Laptop,Electronics,Computers,1.00,59999.00,59999.00,0.10,5999.90,53999.10,7019.88,Chennai,Tamil Nadu,South,Debit Card,Same Day,2025,3,March,0.13
ORD104223,13-02-2025,CUST1137,Customer_0137,P2009,Kurti,Clothing,Women,1.00,1199.00,1199.00,0.00,0.00,1199.00,383.68,Chennai,Tamil Nadu,South,Credit Card,Standard,2025,2,February,0.32
ORD100195,26-03-2025,CUST1394,Customer_0394,P2017,Office Chair,Home & Kitchen,Furniture,1.00,5999.00,5999.00,0.15,899.85,5099.15,994.33,Gurugram,Haryana,North,UPI,Express,2025,3,March,0.195
ORD100418,30-01-2025,CUST1119,Customer_0119,P2011,Sneakers,Clothing,Footwear,2.00,2499.00,4998.00,0.00,0.00,4998.00,1599.36,Lucknow,Uttar Pradesh,North,Net Banking,Standard,2025,1,January,0.32
ORD101871,13-12-2024,CUST1655,Customer_0655,P2012,Sandals,Clothing,Footwear,1.00,1299.00,1299.00,0.10,129.90,1169.10,339.04,Noida,Uttar Pradesh,North,Net Banking,Standard,2024,12,December,0.29
ORD102176,10-07-2024,CUST1502,Customer_0502,P2008,Jeans,Clothing,Men,3.00,1799.00,5397.00,0.10,539.70,4857.30,1408.62,Chennai,Tamil Nadu,South,UPI,Standard,2024,7,July,0.29
ORD102212,23-05-2025,CUST1126,Customer_0126,P2010,Dress,Clothing,Women,3.00,1999.00,5997.00,0.10,599.70,5397.30,1565.22,Delhi,Delhi,North,Net Banking,Standard,2025,5,May,0.29
ORD103837,09-12-2025,CUST1382,Customer_0382,P2020,Shampoo,Beauty,Haircare,3.00,599.00,1797.00,0.30,539.10,1257.90,364.79,Hyderabad,Telangana,South,Debit Card,Standard,2025,12,December,0.29
ORD100274,24-05-2025,CUST1477,Customer_0477,P2018,Face Wash,Beauty,Skincare,1.00,399.00,399.00,0.15,59.85,339.15,113.62,Pune,Maharashtra,West,Credit Card,Express,2025,5,May,0.335
ORD102412,11-01-2025,CUST1569,Customer_0569,P2008,Jeans,Clothing,Men,1.00,1799.00,1799.00,0.10,179.90,1619.10,469.54,Mumbai,Maharashtra,West,Cash on Delivery,Express,2025,1,January,0.29
ORD102480,15-06-2025,CUST1155,Customer_0155,P2001,Smartphone,Electronics,Mobiles,1.00,24999.00,24999.00,0.10,2499.90,22499.10,2924.88,Pune,Maharashtra,West,Credit Card,Standard,2025,6,June,0.13
ORD103067,30-09-2024,CUST1301,Customer_0301,P2003,Laptop,Electronics,Computers,3.00,59999.00,179997.00,0.05,8999.85,170997.15,24794.59,Bengaluru,Karnataka,South,UPI,Standard,2024,9,September,0.145
ORD103490,25-03-2024,CUST1260,Customer_0260,P2006,Power Bank,Electronics,Accessories,1.00,1499.00,1499.00,0.05,74.95,1424.05,206.49,Mumbai,Maharashtra,West,UPI,Express,2024,3,March,0.145
ORD103930,10-03-2025,CUST1363,Customer_0363,P2018,Face Wash,Beauty,Skincare,3.00,399.00,1197.00,0.10,119.70,1077.30,377.05,Gurugram,Haryana,North,Credit Card,Standard,2025,3,March,0.35
ORD104349,21-03-2024,CUST1715,Customer_0715,P2017,Office Chair,Home & Kitchen,Furniture,2.00,5999.00,11998.00,0.00,0.00,11998.00,2879.52,Chennai,Tamil Nadu,South,Credit Card,Express,2024,3,March,0.24
ORD104989,16-03-2025,CUST1043,Customer_0043,P2017,Office Chair,Home & Kitchen,Furniture,1.00,5999.00,5999.00,0.05,299.95,5699.05,1282.29,Mumbai,Maharashtra,West,Credit Card,Express,2025,3,March,0.225
ORD101561,08-09-2025,CUST1652,Customer_0652,P2018,Face Wash,Beauty,Skincare,3.00,399.00,1197.00,0.10,119.70,1077.30,377.05,Noida,Uttar Pradesh,North,UPI,Standard,2025,9,September,0.35
ORD101954,03-07-2024,CUST1695,Customer_0695,P2018,Face Wash,Beauty,Skincare,1.00,399.00,399.00,0.00,0.00,399.00,151.62,Noida,Uttar Pradesh,North,Debit Card,Standard,2024,7,July,0.38
ORD101679,12-07-2025,CUST1281,Customer_0281,P2016,Bedsheet Set,Home & Kitchen,Home Decor,1.00,999.00,999.00,0.25,249.75,749.25,123.63,Kolkata,West Bengal,East,Debit Card,Standard,2025,7,July,0.165
ORD102079,27-10-2024,CUST1661,Customer_0661,P2025,Football,Sports,Outdoor,1.00,999.00,999.00,0.20,199.80,799.20,175.82,Pune,Maharashtra,West,Credit Card,Express,2024,10,October,0.22
ORD102639,24-11-2024,CUST1456,Customer_0456,P2014,Cookware Set,Home & Kitchen,Kitchen,1.00,2999.00,2999.00,0.05,149.95,2849.05,641.04,Gurugram,Haryana,North,UPI,Express,2024,11,November,0.225
ORD102757,15-04-2024,CUST1722,Customer_0722,P2013,Mixer Grinder,Home & Kitchen,Kitchen,3.00,3499.00,10497.00,0.10,1049.70,9447.30,1983.93,Gurugram,Haryana,North,Debit Card,Standard,2024,4,April,0.21
ORD103564,22-03-2024,CUST1512,Customer_0512,P2007,T-Shirt,Clothing,Men,2.00,799.00,1598.00,0.00,0.00,1598.00,511.36,Mumbai,Maharashtra,West,UPI,Standard,2024,3,March,0.32
ORD104328,01-12-2024,CUST1373,Customer_0373,P2020,Shampoo,Beauty,Haircare,1.00,599.00,599.00,0.15,89.85,509.15,170.57,Lucknow,Uttar Pradesh,North,Credit Card,Same Day,2024,12,December,0.335
ORD101294,07-11-2025,CUST1314,Customer_0314,P2001,Smartphone,Electronics,Mobiles,1.00,24999.00,24999.00,0.13,3249.87,21749.13,2631.64,Noida,Uttar Pradesh,North,Credit Card,Express,2025,11,November,0.121
ORD101681,29-10-2024,CUST1005,Customer_0005,P2013,Mixer Grinder,Home & Kitchen,Kitchen,2.00,3499.00,6998.00,0.13,909.74,6088.26,1223.74,Kolkata,West Bengal,East,Net Banking,Express,2024,10,October,0.201
ORD102283,09-11-2024,CUST1098,Customer_0098,P2005,Keyboard,Electronics,Accessories,1.00,1299.00,1299.00,0.13,168.87,1130.13,136.75,Bengaluru,Karnataka,South,Credit Card,Standard,2024,11,November,0.121
ORD100718,01-04-2025,CUST1639,Customer_0639,P2021,Perfume,Beauty,Fragrance,1.00,1499.00,1499.00,0.13,194.87,1304.13,444.71,Lucknow,Uttar Pradesh,North,UPI,Express,2025,4,April,0.341
ORD100923,09-09-2025,CUST1081,Customer_0081,P2015,Table Lamp,Home & Kitchen,Home Decor,1.00,1299.00,1299.00,0.18,233.82,1065.18,198.12,Lucknow,Uttar Pradesh,North,UPI,Standard,2025,9,September,0.186
ORD101002,12-03-2025,CUST1582,Customer_0582,P2008,Jeans,Clothing,Men,1.00,1799.00,1799.00,0.28,503.72,1295.28,305.69,Pune,Maharashtra,West,UPI,Standard,2025,3,March,0.236
ORD104540,19-06-2024,CUST1154,Customer_0154,P2016,Bedsheet Set,Home & Kitchen,Home Decor,1.00,999.00,999.00,0.13,129.87,869.13,174.70,Pune,Maharashtra,West,Net Banking,Standard,2024,6,June,0.201
ORD104971,07-12-2025,CUST1226,Customer_0226,P2017,Office Chair,Home & Kitchen,Furniture,2.00,5999.00,11998.00,0.03,359.94,11638.06,2688.39,Noida,Uttar Pradesh,North,UPI,Same Day,2025,12,December,0.231
ORD100072,30-03-2025,CUST1398,Customer_0398,P2011,Sneakers,Clothing,Footwear,5.00,2499.00,12495.00,0.03,374.85,12120.15,3769.37,Delhi,Delhi,North,Debit Card,Express,2025,3,March,0.311
ORD100198,25-12-2024,CUST1679,Customer_0679,P2018,Face Wash,Beauty,Skincare,2.00,399.00,798.00,0.13,103.74,694.26,236.74,Hyderabad,Telangana,South,Net Banking,Standard,2024,12,December,0.341
ORD100233,02-04-2025,CUST1720,Customer_0720,P2024,Cricket Bat,Sports,Outdoor,4.00,2499.00,9996.00,0.03,299.88,9696.12,2627.65,Bengaluru,Karnataka,South,UPI,Express,2025,4,April,0.271
ORD101345,13-02-2024,CUST1446,Customer_0446,P2018,Face Wash,Beauty,Skincare,2.00,399.00,798.00,0.18,143.64,654.36,213.32,Noida,Uttar Pradesh,North,Net Banking,Express,2024,2,February,0.326
ORD101610,27-12-2024,CUST1286,Customer_0286,P2005,Keyboard,Electronics,Accessories,1.00,1299.00,1299.00,0.23,298.77,1000.23,91.02,Gurugram,Haryana,North,Net Banking,Express,2024,12,December,0.091
ORD101798,21-09-2025,CUST1447,Customer_0447,P2018,Face Wash,Beauty,Skincare,2.00,399.00,798.00,0.28,223.44,574.56,170.07,Delhi,Delhi,North,Credit Card,Standard,2025,9,September,0.296
ORD104118,21-03-2025,CUST1652,Customer_0652,P2002,Wireless Earbuds,Electronics,Mobiles,4.00,2999.00,11996.00,0.08,959.68,11036.32,1500.94,Noida,Uttar Pradesh,North,Credit Card,Express,2025,3,March,0.136
ORD104360,08-10-2024,CUST1165,Customer_0165,P2018,Face Wash,Beauty,Skincare,1.00,399.00,399.00,0.13,51.87,347.13,118.37,Jaipur,Rajasthan,North,UPI,Standard,2024,10,October,0.341
ORD104707,16-10-2025,CUST1345,Customer_0345,P2001,Smartphone,Electronics,Mobiles,1.00,24999.00,24999.00,0.03,749.97,24249.03,3661.60,Hyderabad,Telangana,South,Net Banking,Standard,2025,10,October,0.151
ORD100217,28-02-2024,CUST1099,Customer_0099,P2019,Sunscreen,Beauty,Skincare,3.00,699.00,2097.00,0.13,272.61,1824.39,622.12,Lucknow,Uttar Pradesh,North,Credit Card,Standard,2024,2,February,0.341
ORD101185,17-03-2024,CUST1737,Customer_0737,P2011,Sneakers,Clothing,Footwear,1.00,2499.00,2499.00,0.13,324.87,2174.13,610.93,Bengaluru,Karnataka,South,Debit Card,Express,2024,3,March,0.281
ORD102661,18-11-2025,CUST1144,Customer_0144,P2019,Sunscreen,Beauty,Skincare,3.00,699.00,2097.00,0.18,377.46,1719.54,560.57,Bengaluru,Karnataka,South,Credit Card,Express,2025,11,November,0.326
ORD103674,14-10-2025,CUST1222,Customer_0222,P2012,Sandals,Clothing,Footwear,1.00,1299.00,1299.00,0.08,103.92,1195.08,353.74,Pune,Maharashtra,West,Debit Card,Standard,2025,10,October,0.296
ORD103908,19-02-2025,CUST1161,Customer_0161,P2003,Laptop,Electronics,Computers,2.00,59999.00,119998.00,0.13,15599.74,104398.26,12632.19,Bengaluru,Karnataka,South,UPI,Standard,2025,2,February,0.121
ORD104741,07-01-2025,CUST1208,Customer_0208,P2021,Perfume,Beauty,Fragrance,3.00,1499.00,4497.00,0.13,584.61,3912.39,1334.12,Jaipur,Rajasthan,North,Debit Card,Same Day,2025,1,January,0.341
ORD104997,09-06-2025,CUST1101,Customer_0101,P2003,Laptop,Electronics,Computers,2.00,59999.00,119998.00,0.03,3599.94,116398.06,17576.11,Gurugram,Haryana,North,UPI,Standard,2025,6,June,0.151
ORD100679,26-11-2025,CUST1454,Customer_0454,P2003,Laptop,Electronics,Computers,1.00,59999.00,59999.00,0.18,10799.82,49199.18,5215.11,Gurugram,Haryana,North,UPI,Same Day,2025,11,November,0.106
ORD100945,12-06-2024,CUST1776,Customer_0776,P2008,Jeans,Clothing,Men,1.00,1799.00,1799.00,0.28,503.72,1295.28,305.69,Hyderabad,Telangana,South,UPI,Standard,2024,6,June,0.236
ORD101290,01-02-2024,CUST1585,Customer_0585,P2017,Office Chair,Home & Kitchen,Furniture,1.00,5999.00,5999.00,0.23,1379.77,4619.23,789.89,Pune,Maharashtra,West,UPI,Express,2024,2,February,0.171
ORD101337,26-05-2024,CUST1421,Customer_0421,P2006,Power Bank,Electronics,Accessories,1.00,1499.00,1499.00,0.13,194.87,1304.13,157.80,Delhi,Delhi,North,Cash on Delivery,Standard,2024,5,May,0.121
ORD101675,14-09-2025,CUST1654,Customer_0654,P2002,Wireless Earbuds,Electronics,Mobiles,1.00,2999.00,2999.00,0.08,239.92,2759.08,375.23,Noida,Uttar Pradesh,North,Credit Card,Standard,2025,9,September,0.136
ORD101070,25-11-2025,CUST1466,Customer_0466,P2006,Power Bank,Electronics,Accessories,2.00,1499.00,2998.00,0.08,239.84,2758.16,375.11,Delhi,Delhi,North,UPI,Standard,2025,11,November,0.136
ORD102386,24-03-2025,CUST1797,Customer_0797,P2020,Shampoo,Beauty,Haircare,1.00,599.00,599.00,0.03,17.97,581.03,215.56,Chennai,Tamil Nadu,South,UPI,Express,2025,3,March,0.371
ORD104418,05-02-2024,CUST1158,Customer_0158,P2013,Mixer Grinder,Home & Kitchen,Kitchen,1.00,3499.00,3499.00,0.13,454.87,3044.13,611.87,Lucknow,Uttar Pradesh,North,Net Banking,Express,2024,2,February,0.201
ORD100046,09-05-2024,CUST1020,Customer_0020,P2021,Perfume,Beauty,Fragrance,1.00,1499.00,1499.00,0.18,269.82,1229.18,400.71,Delhi,Delhi,North,UPI,Standard,2024,5,May,0.326
ORD100081,09-03-2024,CUST1703,Customer_0703,P2013,Mixer Grinder,Home & Kitchen,Kitchen,1.00,3499.00,3499.00,0.08,279.92,3219.08,695.32,Noida,Uttar Pradesh,North,Credit Card,Standard,2024,3,March,0.216
ORD101446,29-08-2024,CUST1124,Customer_0124,P2025,Football,Sports,Outdoor,3.00,999.00,2997.00,0.13,389.61,2607.39,628.38,Bengaluru,Karnataka,South,UPI,Standard,2024,8,August,0.241
ORD101922,22-10-2025,CUST1726,Customer_0726,P2022,Yoga Mat,Sports,Fitness,2.00,899.00,1798.00,0.18,323.64,1474.36,333.21,Pune,Maharashtra,West,UPI,Express,2025,10,October,0.226
ORD103072,10-01-2025,CUST1633,Customer_0633,P2006,Power Bank,Electronics,Accessories,1.00,1499.00,1499.00,0.18,269.82,1229.18,130.29,Kolkata,West Bengal,East,Credit Card,Standard,2025,1,January,0.106
ORD103208,05-01-2025,CUST1085,Customer_0085,P2001,Smartphone,Electronics,Mobiles,1.00,24999.00,24999.00,0.03,749.97,24249.03,3661.60,Delhi,Delhi,North,Debit Card,Standard,2025,1,January,0.151
ORD103515,27-01-2025,CUST1192,Customer_0192,P2011,Sneakers,Clothing,Footwear,1.00,2499.00,2499.00,0.03,74.97,2424.03,753.87,Mumbai,Maharashtra,West,Credit Card,Standard,2025,1,January,0.311
ORD103672,03-08-2025,CUST1557,Customer_0557,P2020,Shampoo,Beauty,Haircare,1.00,599.00,599.00,0.28,167.72,431.28,127.66,Mumbai,Maharashtra,West,Net Banking,Standard,2025,8,August,0.296
ORD104658,03-02-2024,CUST1432,Customer_0432,P2011,Sneakers,Clothing,Footwear,1.00,2499.00,2499.00,0.28,699.72,1799.28,424.63,Delhi,Delhi,North,UPI,Same Day,2024,2,February,0.236
ORD100464,11-09-2025,CUST1484,Customer_0484,P2007,T-Shirt,Clothing,Men,1.00,799.00,799.00,0.13,103.87,695.13,195.33,Pune,Maharashtra,West,Credit Card,Same Day,2025,9,September,0.281
ORD101117,06-06-2024,CUST1197,Customer_0197,P2003,Laptop,Electronics,Computers,2.00,59999.00,119998.00,0.13,15599.74,104398.26,12632.19,Noida,Uttar Pradesh,North,Debit Card,Express,2024,6,June,0.121
ORD102451,26-11-2025,CUST1508,Customer_0508,P2014,Cookware Set,Home & Kitchen,Kitchen,4.00,2999.00,11996.00,0.08,959.68,11036.32,2383.85,Kolkata,West Bengal,East,UPI,Express,2025,11,November,0.216
ORD102813,05-04-2025,CUST1226,Customer_0226,P2015,Table Lamp,Home & Kitchen,Home Decor,1.00,1299.00,1299.00,0.08,103.92,1195.08,258.14,Pune,Maharashtra,West,UPI,Express,2025,4,April,0.216
ORD103163,14-01-2025,CUST1399,Customer_0399,P2014,Cookware Set,Home & Kitchen,Kitchen,1.00,2999.00,2999.00,0.03,89.97,2909.03,671.99,Lucknow,Uttar Pradesh,North,UPI,Standard,2025,1,January,0.231
ORD103811,15-01-2025,CUST1369,Customer_0369,P2022,Yoga Mat,Sports,Fitness,2.00,899.00,1798.00,0.13,233.74,1564.26,376.99,Gurugram,Haryana,North,UPI,Standard,2025,1,January,0.241
ORD104229,30-03-2025,CUST1549,Customer_0549,P2002,Wireless Earbuds,Electronics,Mobiles,1.00,2999.00,2999.00,0.08,239.92,2759.08,375.23,Jaipur,Rajasthan,North,UPI,Same Day,2025,3,March,0.136
ORD102239,19-03-2024,CUST1264,Customer_0264,P2014,Cookware Set,Home & Kitchen,Kitchen,2.00,2999.00,5998.00,0.18,1079.64,4918.36,914.81,Mumbai,Maharashtra,West,Net Banking,Standard,2024,3,March,0.186
ORD102343,10-08-2025,CUST1366,Customer_0366,P2019,Sunscreen,Beauty,Skincare,1.00,699.00,699.00,0.08,55.92,643.08,228.94,Jaipur,Rajasthan,North,Credit Card,Standard,2025,8,August,0.356
ORD102850,20-05-2024,CUST1454,Customer_0454,P2004,Wireless Mouse,Electronics,Accessories,5.00,899.00,4495.00,0.23,1033.85,3461.15,314.96,Bengaluru,Karnataka,South,Cash on Delivery,Standard,2024,5,May,0.091
ORD103447,26-06-2025,CUST1698,Customer_0698,P2005,Keyboard,Electronics,Accessories,2.00,1299.00,2598.00,0.18,467.64,2130.36,225.82,Jaipur,Rajasthan,North,UPI,Standard,2025,6,June,0.106
ORD100319,10-01-2025,CUST1006,Customer_0006,P2014,Cookware Set,Home & Kitchen,Kitchen,1.00,2999.00,2999.00,0.28,839.72,2159.28,336.85,Delhi,Delhi,North,Net Banking,Express,2025,1,January,0.156
ORD100662,11-02-2025,CUST1342,Customer_0342,P2014,Cookware Set,Home & Kitchen,Kitchen,3.00,2999.00,8997.00,0.03,269.91,8727.09,2015.96,Lucknow,Uttar Pradesh,North,UPI,Express,2025,2,February,0.231
ORD101213,17-11-2024,CUST1662,Customer_0662,P2006,Power Bank,Electronics,Accessories,2.00,1499.00,2998.00,0.23,689.54,2308.46,210.07,Ahmedabad,Gujarat,West,Net Banking,Express,2024,11,November,0.091
ORD101935,27-10-2025,CUST1540,Customer_0540,P2020,Shampoo,Beauty,Haircare,1.00,599.00,599.00,0.13,77.87,521.13,177.71,Jaipur,Rajasthan,North,Cash on Delivery,Standard,2025,10,October,0.341
ORD103551,12-10-2024,CUST1495,Customer_0495,P2013,Mixer Grinder,Home & Kitchen,Kitchen,1.00,3499.00,3499.00,0.23,804.77,2694.23,460.71,Noida,Uttar Pradesh,North,Debit Card,Standard,2024,10,October,0.171
ORD104438,12-09-2024,CUST1254,Customer_0254,P2023,Dumbbells,Sports,Fitness,2.00,1599.00,3198.00,0.13,415.74,2782.26,670.52,Jaipur,Rajasthan,North,UPI,Standard,2024,9,September,0.241
ORD104596,26-04-2024,CUST1375,Customer_0375,P2024,Cricket Bat,Sports,Outdoor,2.00,2499.00,4998.00,0.08,399.84,4598.16,1177.13,Lucknow,Uttar Pradesh,North,UPI,Standard,2024,4,April,0.256
ORD102188,27-01-2024,CUST1641,Customer_0641,P2012,Sandals,Clothing,Footwear,2.00,1299.00,2598.00,0.03,77.94,2520.06,783.74,Mumbai,Maharashtra,West,UPI,Express,2024,1,January,0.311
ORD102327,09-07-2024,CUST1345,Customer_0345,P2006,Power Bank,Electronics,Accessories,1.00,1499.00,1499.00,0.28,419.72,1079.28,82.03,Bengaluru,Karnataka,South,Debit Card,Express,2024,7,July,0.076
ORD103157,26-05-2025,CUST1483,Customer_0483,P2023,Dumbbells,Sports,Fitness,1.00,1599.00,1599.00,0.33,527.67,1071.33,193.91,Jaipur,Rajasthan,North,Debit Card,Standard,2025,5,May,0.181
ORD103406,14-06-2025,CUST1048,Customer_0048,P2010,Dress,Clothing,Women,1.00,1999.00,1999.00,0.08,159.92,1839.08,544.37,Chennai,Tamil Nadu,South,UPI,Standard,2025,6,June,0.296
ORD103970,31-01-2025,CUST1089,Customer_0089,P2014,Cookware Set,Home & Kitchen,Kitchen,1.00,2999.00,2999.00,0.28,839.72,2159.28,336.85,Gurugram,Haryana,North,Net Banking,Same Day,2025,1,January,0.156
ORD100129,29-07-2025,CUST1422,Customer_0422,P2020,Shampoo,Beauty,Haircare,1.00,599.00,599.00,0.08,47.92,551.08,196.18,Delhi,Delhi,North,Credit Card,Express,2025,7,July,0.356
ORD100900,30-04-2024,CUST1045,Customer_0045,P2004,Wireless Mouse,Electronics,Accessories,2.00,899.00,1798.00,0.13,233.74,1564.26,189.28,Chennai,Tamil Nadu,South,UPI,Standard,2024,4,April,0.121
ORD101663,25-09-2024,CUST1600,Customer_0600,P2015,Table Lamp,Home & Kitchen,Home Decor,2.00,1299.00,2598.00,0.18,467.64,2130.36,396.25,Lucknow,Uttar Pradesh,North,Credit Card,Standard,2024,9,September,0.186
ORD103066,23-09-2024,CUST1006,Customer_0006,P2015,Table Lamp,Home & Kitchen,Home Decor,3.00,1299.00,3897.00,0.18,701.46,3195.54,594.37,Hyderabad,Telangana,South,Cash on Delivery,Standard,2024,9,September,0.186
ORD104958,21-12-2025,CUST1244,Customer_0244,P2003,Laptop,Electronics,Computers,3.00,59999.00,179997.00,0.08,14399.76,165597.24,22521.22,Ahmedabad,Gujarat,West,UPI,Standard,2025,12,December,0.136
ORD101304,01-04-2025,CUST1402,Customer_0402,P2016,Bedsheet Set,Home & Kitchen,Home Decor,1.00,999.00,999.00,0.33,329.67,669.33,94.38,Lucknow,Uttar Pradesh,North,Credit Card,Express,2025,4,April,0.141
ORD101456,07-08-2024,CUST1683,Customer_0683,P2006,Power Bank,Electronics,Accessories,2.00,1499.00,2998.00,0.28,839.44,2158.56,164.05,Bengaluru,Karnataka,South,Debit Card,Express,2024,8,August,0.076
ORD102196,18-09-2025,CUST1525,Customer_0525,P2002,Wireless Earbuds,Electronics,Mobiles,1.00,2999.00,2999.00,0.13,389.87,2609.13,315.70,Delhi,Delhi,North,Debit Card,Standard,2025,9,September,0.121
ORD103144,19-10-2024,CUST1422,Customer_0422,P2012,Sandals,Clothing,Footwear,2.00,1299.00,2598.00,0.13,337.74,2260.26,635.13,Bengaluru,Karnataka,South,Credit Card,Standard,2024,10,October,0.281
ORD103260,11-12-2025,CUST1470,Customer_0470,P2024,Cricket Bat,Sports,Outdoor,2.00,2499.00,4998.00,0.23,1149.54,3848.46,812.03,Jaipur,Rajasthan,North,Net Banking,Standard,2025,12,December,0.211
ORD103878,17-05-2025,CUST1604,Customer_0604,P2017,Office Chair,Home & Kitchen,Furniture,1.00,5999.00,5999.00,0.18,1079.82,4919.18,914.97,Delhi,Delhi,North,Debit Card,Standard,2025,5,May,0.186
ORD104269,23-07-2024,CUST1263,Customer_0263,P2018,Face Wash,Beauty,Skincare,1.00,399.00,399.00,0.13,51.87,347.13,118.37,Pune,Maharashtra,West,UPI,Express,2024,7,July,0.341
ORD104710,05-05-2024,CUST1715,Customer_0715,P2017,Office Chair,Home & Kitchen,Furniture,1.00,5999.00,5999.00,0.03,179.97,5819.03,1344.20,Noida,Uttar Pradesh,North,Credit Card,Standard,2024,5,May,0.231
ORD100289,18-05-2024,CUST1743,Customer_0743,P2003,Laptop,Electronics,Computers,1.00,59999.00,59999.00,0.28,16799.72,43199.28,3283.15,Lucknow,Uttar Pradesh,North,UPI,Standard,2024,5,May,0.076
ORD100667,16-03-2024,CUST1220,Customer_0220,P2003,Laptop,Electronics,Computers,1.00,59999.00,59999.00,0.28,16799.72,43199.28,3283.15,Gurugram,Haryana,North,Net Banking,Standard,2024,3,March,0.076
ORD101444,07-04-2025,CUST1011,Customer_0011,P2022,Yoga Mat,Sports,Fitness,1.00,899.00,899.00,0.18,161.82,737.18,166.60,Noida,Uttar Pradesh,North,UPI,Standard,2025,4,April,0.226
ORD101603,25-06-2024,CUST1587,Customer_0587,P2010,Dress,Clothing,Women,1.00,1999.00,1999.00,0.13,259.87,1739.13,488.70,Chennai,Tamil Nadu,South,Credit Card,Standard,2024,6,June,0.281
ORD101862,31-12-2025,CUST1071,Customer_0071,P2003,Laptop,Electronics,Computers,1.00,59999.00,59999.00,0.03,1799.97,58199.03,8788.05,Chennai,Tamil Nadu,South,UPI,Express,2025,12,December,0.151
ORD103176,31-03-2025,CUST1631,Customer_0631,P2007,T-Shirt,Clothing,Men,1.00,799.00,799.00,0.08,63.92,735.08,217.58,Ahmedabad,Gujarat,West,Credit Card,Standard,2025,3,March,0.296
ORD103240,30-03-2024,CUST1396,Customer_0396,P2009,Kurti,Clothing,Women,1.00,1199.00,1199.00,0.13,155.87,1043.13,293.12,Bengaluru,Karnataka,South,UPI,Standard,2024,3,March,0.281
ORD100127,29-11-2025,CUST1562,Customer_0562,P2016,Bedsheet Set,Home & Kitchen,Home Decor,2.00,999.00,1998.00,0.33,659.34,1338.66,188.75,Hyderabad,Telangana,South,Cash on Delivery,Standard,2025,11,November,0.141
ORD101264,23-11-2024,CUST1509,Customer_0509,P2009,Kurti,Clothing,Women,2.00,1199.00,2398.00,0.08,191.84,2206.16,653.02,Delhi,Delhi,North,UPI,Standard,2024,11,November,0.296
ORD102830,14-11-2025,CUST1357,Customer_0357,P2006,Power Bank,Electronics,Accessories,2.00,1499.00,2998.00,0.33,989.34,2008.66,122.53,Ahmedabad,Gujarat,West,Debit Card,Standard,2025,11,November,0.061
ORD103276,21-12-2024,CUST1462,Customer_0462,P2004,Wireless Mouse,Electronics,Accessories,2.00,899.00,1798.00,0.13,233.74,1564.26,189.28,Ahmedabad,Gujarat,West,Debit Card,Standard,2024,12,December,0.121
ORD103681,27-12-2025,CUST1248,Customer_0248,P2013,Mixer Grinder,Home & Kitchen,Kitchen,1.00,3499.00,3499.00,0.18,629.82,2869.18,533.67,Pune,Maharashtra,West,Debit Card,Standard,2025,12,December,0.186
ORD104566,07-03-2024,CUST1508,Customer_0508,P2009,Kurti,Clothing,Women,1.00,1199.00,1199.00,0.28,335.72,863.28,203.73,Ahmedabad,Gujarat,West,UPI,Express,2024,3,March,0.236
ORD104730,17-07-2025,CUST1759,Customer_0759,P2011,Sneakers,Clothing,Footwear,1.00,2499.00,2499.00,0.08,199.92,2299.08,680.53,Kolkata,West Bengal,East,Cash on Delivery,Standard,2025,7,July,0.296
ORD100330,09-07-2025,CUST1443,Customer_0443,P2003,Laptop,Electronics,Computers,1.00,59999.00,59999.00,0.08,4799.92,55199.08,7507.07,Delhi,Delhi,North,Net Banking,Express,2025,7,July,0.136
ORD100845,24-10-2024,CUST1644,Customer_0644,P2012,Sandals,Clothing,Footwear,1.00,1299.00,1299.00,0.03,38.97,1260.03,391.87,Kolkata,West Bengal,East,Credit Card,Express,2024,10,October,0.311
ORD100998,03-11-2024,CUST1314,Customer_0314,P2018,Face Wash,Beauty,Skincare,2.00,399.00,798.00,0.03,23.94,774.06,287.18,Hyderabad,Telangana,South,UPI,Standard,2024,11,November,0.371
ORD102368,10-06-2024,CUST1597,Customer_0597,P2006,Power Bank,Electronics,Accessories,3.00,1499.00,4497.00,0.23,1034.31,3462.69,315.10,Gurugram,Haryana,North,UPI,Standard,2024,6,June,0.091
ORD102920,29-12-2025,CUST1671,Customer_0671,P2013,Mixer Grinder,Home & Kitchen,Kitchen,2.00,3499.00,6998.00,0.13,909.74,6088.26,1223.74,Lucknow,Uttar Pradesh,North,Credit Card,Standard,2025,12,December,0.201
ORD103270,27-12-2025,CUST1101,Customer_0101,P2017,Office Chair,Home & Kitchen,Furniture,1.00,5999.00,5999.00,0.13,779.87,5219.13,1049.05,Jaipur,Rajasthan,North,UPI,Standard,2025,12,December,0.201
ORD103798,18-12-2025,CUST1548,Customer_0548,P2016,Bedsheet Set,Home & Kitchen,Home Decor,3.00,999.00,2997.00,0.08,239.76,2757.24,595.56,Delhi,Delhi,North,Cash on Delivery,Express,2025,12,December,0.216
ORD104070,15-10-2025,CUST1419,Customer_0419,P2014,Cookware Set,Home & Kitchen,Kitchen,1.00,2999.00,2999.00,0.18,539.82,2459.18,457.41,Gurugram,Haryana,North,Cash on Delivery,Same Day,2025,10,October,0.186
ORD104242,27-06-2024,CUST1269,Customer_0269,P2001,Smartphone,Electronics,Mobiles,2.00,24999.00,49998.00,0.28,13999.44,35998.56,2735.89,Pune,Maharashtra,West,Credit Card,Express,2024,6,June,0.076
ORD104310,05-01-2025,CUST1299,Customer_0299,P2025,Football,Sports,Outdoor,2.00,999.00,1998.00,0.08,159.84,1838.16,470.57,Lucknow,Uttar Pradesh,North,UPI,Standard,2025,1,January,0.256
ORD104469,04-06-2025,CUST1173,Customer_0173,P2019,Sunscreen,Beauty,Skincare,3.00,699.00,2097.00,0.13,272.61,1824.39,622.12,Ahmedabad,Gujarat,West,UPI,Express,2025,6,June,0.341
ORD104910,17-08-2024,CUST1350,Customer_0350,P2005,Keyboard,Electronics,Accessories,1.00,1299.00,1299.00,0.13,168.87,1130.13,136.75,Jaipur,Rajasthan,North,Debit Card,Express,2024,8,August,0.121
ORD100673,04-05-2024,CUST1162,Customer_0162,P2001,Smartphone,Electronics,Mobiles,1.00,24999.00,24999.00,0.08,1999.92,22999.08,3127.87,Kolkata,West Bengal,East,Debit Card,Express,2024,5,May,0.136
ORD100896,24-07-2024,CUST1154,Customer_0154,P2014,Cookware Set,Home & Kitchen,Kitchen,1.00,2999.00,2999.00,0.18,539.82,2459.18,457.41,Gurugram,Haryana,North,Debit Card,Standard,2024,7,July,0.186
ORD101222,22-05-2024,CUST1080,Customer_0080,P2002,Wireless Earbuds,Electronics,Mobiles,3.00,2999.00,8997.00,0.23,2069.31,6927.69,630.42,Pune,Maharashtra,West,UPI,Same Day,2024,5,May,0.091
ORD103331,30-08-2024,CUST1443,Customer_0443,P2019,Sunscreen,Beauty,Skincare,1.00,699.00,699.00,0.13,90.87,608.13,207.37,Kolkata,West Bengal,East,UPI,Standard,2024,8,August,0.341
ORD103336,20-05-2025,CUST1594,Customer_0594,P2023,Dumbbells,Sports,Fitness,2.00,1599.00,3198.00,0.28,895.44,2302.56,451.30,Ahmedabad,Gujarat,West,Debit Card,Standard,2025,5,May,0.196
ORD104713,27-01-2024,CUST1301,Customer_0301,P2015,Table Lamp,Home & Kitchen,Home Decor,1.00,1299.00,1299.00,0.33,428.67,870.33,122.72,Chennai,Tamil Nadu,South,Credit Card,Standard,2024,1,January,0.141
ORD100514,04-01-2025,CUST1233,Customer_0233,P2004,Wireless Mouse,Electronics,Accessories,1.00,899.00,899.00,0.28,251.72,647.28,49.19,Gurugram,Haryana,North,UPI,Standard,2025,1,January,0.076
ORD101774,21-07-2025,CUST1299,Customer_0299,P2010,Dress,Clothing,Women,1.00,1999.00,1999.00,0.13,259.87,1739.13,488.70,Chennai,Tamil Nadu,South,Debit Card,Standard,2025,7,July,0.281
ORD102673,09-08-2025,CUST1167,Customer_0167,P2009,Kurti,Clothing,Women,2.00,1199.00,2398.00,0.13,311.74,2086.26,586.24,Ahmedabad,Gujarat,West,Credit Card,Standard,2025,8,August,0.281
ORD103090,12-01-2025,CUST1325,Customer_0325,P2003,Laptop,Electronics,Computers,1.00,59999.00,59999.00,0.13,7799.87,52199.13,6316.09,Chennai,Tamil Nadu,South,UPI,Standard,2025,1,January,0.121
ORD104033,23-04-2025,CUST1586,Customer_0586,P2018,Face Wash,Beauty,Skincare,3.00,399.00,1197.00,0.13,155.61,1041.39,355.11,Mumbai,Maharashtra,West,Credit Card,Standard,2025,4,April,0.341
ORD104192,18-07-2025,CUST1691,Customer_0691,P2004,Wireless Mouse,Electronics,Accessories,1.00,899.00,899.00,0.18,161.82,737.18,78.14,Hyderabad,Telangana,South,UPI,Standard,2025,7,July,0.106
ORD104792,12-05-2024,CUST1420,Customer_0420,P2016,Bedsheet Set,Home & Kitchen,Home Decor,2.00,999.00,1998.00,0.18,359.64,1638.36,304.73,Delhi,Delhi,North,Credit Card,Standard,2024,5,May,0.186
ORD100722,18-09-2025,CUST1461,Customer_0461,P2019,Sunscreen,Beauty,Skincare,1.00,699.00,699.00,0.08,55.92,643.08,228.94,Lucknow,Uttar Pradesh,North,Debit Card,Express,2025,9,September,0.356
ORD101202,29-03-2024,CUST1794,Customer_0794,P2025,Football,Sports,Outdoor,2.00,999.00,1998.00,0.23,459.54,1538.46,324.62,Bengaluru,Karnataka,South,UPI,Express,2024,3,March,0.211
ORD102791,08-03-2024,CUST1699,Customer_0699,P2017,Office Chair,Home & Kitchen,Furniture,3.00,5999.00,17997.00,0.33,5939.01,12057.99,1700.18,Chennai,Tamil Nadu,South,Credit Card,Express,2024,3,March,0.141
ORD102922,12-11-2024,CUST1371,Customer_0371,P2015,Table Lamp,Home & Kitchen,Home Decor,2.00,1299.00,2598.00,0.08,207.84,2390.16,516.27,Bengaluru,Karnataka,South,Credit Card,Standard,2024,11,November,0.216
ORD100021,11-02-2025,CUST1070,Customer_0070,P2005,Keyboard,Electronics,Accessories,3.00,1299.00,3897.00,0.13,506.61,3390.39,410.24,Gurugram,Haryana,North,UPI,Standard,2025,2,February,0.121
ORD101001,05-05-2025,CUST1774,Customer_0774,P2006,Power Bank,Electronics,Accessories,2.00,1499.00,2998.00,0.23,689.54,2308.46,210.07,Hyderabad,Telangana,South,UPI,Standard,2025,5,May,0.091
ORD102243,22-06-2025,CUST1293,Customer_0293,P2023,Dumbbells,Sports,Fitness,3.00,1599.00,4797.00,0.08,383.76,4413.24,1129.79,Delhi,Delhi,North,Credit Card,Standard,2025,6,June,0.256
ORD103473,24-02-2025,CUST1158,Customer_0158,P2024,Cricket Bat,Sports,Outdoor,3.00,2499.00,7497.00,0.08,599.76,6897.24,1765.69,Chennai,Tamil Nadu,South,Credit Card,Standard,2025,2,February,0.256
ORD103527,23-02-2025,CUST1394,Customer_0394,P2010,Dress,Clothing,Women,1.00,1999.00,1999.00,0.08,159.92,1839.08,544.37,Kolkata,West Bengal,East,UPI,Standard,2025,2,February,0.296
ORD104422,11-08-2025,CUST1739,Customer_0739,P2024,Cricket Bat,Sports,Outdoor,2.00,2499.00,4998.00,0.08,399.84,4598.16,1177.13,Jaipur,Rajasthan,North,Debit Card,Express,2025,8,August,0.256
ORD101019,16-03-2024,CUST1047,Customer_0047,P2007,T-Shirt,Clothing,Men,2.00,799.00,1598.00,0.08,127.84,1470.16,435.17,Noida,Uttar Pradesh,North,Debit Card,Standard,2024,3,March,0.296
ORD102594,08-05-2024,CUST1734,Customer_0734,P2002,Wireless Earbuds,Electronics,Mobiles,2.00,2999.00,5998.00,0.18,1079.64,4918.36,521.35,Jaipur,Rajasthan,North,Net Banking,Express,2024,5,May,0.106
ORD102679,20-11-2024,CUST1553,Customer_0553,P2014,Cookware Set,Home & Kitchen,Kitchen,1.00,2999.00,2999.00,0.18,539.82,2459.18,457.41,Gurugram,Haryana,North,Net Banking,Standard,2024,11,November,0.186
ORD103297,19-10-2025,CUST1284,Customer_0284,P2012,Sandals,Clothing,Footwear,1.00,1299.00,1299.00,0.18,233.82,1065.18,283.34,Noida,Uttar Pradesh,North,UPI,Standard,2025,10,October,0.266
ORD104235,16-03-2024,CUST1175,Customer_0175,P2010,Dress,Clothing,Women,1.00,1999.00,1999.00,0.23,459.77,1539.23,386.35,Noida,Uttar Pradesh,North,UPI,Same Day,2024,3,March,0.251
ORD104740,05-04-2025,CUST1214,Customer_0214,P2022,Yoga Mat,Sports,Fitness,1.00,899.00,899.00,0.23,206.77,692.23,146.06,Hyderabad,Telangana,South,Credit Card,Standard,2025,4,April,0.211
ORD100240,22-04-2025,CUST1304,Customer_0304,P2017,Office Chair,Home & Kitchen,Furniture,2.00,5999.00,11998.00,0.03,359.94,11638.06,2688.39,Delhi,Delhi,North,UPI,Standard,2025,4,April,0.231
ORD100724,27-11-2025,CUST1344,Customer_0344,P2004,Wireless Mouse,Electronics,Accessories,3.00,899.00,2697.00,0.13,350.61,2346.39,283.91,Lucknow,Uttar Pradesh,North,Net Banking,Express,2025,11,November,0.121
ORD101984,13-06-2025,CUST1255,Customer_0255,P2004,Wireless Mouse,Electronics,Accessories,1.00,899.00,899.00,0.08,71.92,827.08,112.48,Mumbai,Maharashtra,West,UPI,Standard,2025,6,June,0.136
ORD101994,18-12-2024,CUST1702,Customer_0702,P2013,Mixer Grinder,Home & Kitchen,Kitchen,1.00,3499.00,3499.00,0.23,804.77,2694.23,460.71,Gurugram,Haryana,North,UPI,Standard,2024,12,December,0.171
ORD102396,11-05-2024,CUST1189,Customer_0189,P2002,Wireless Earbuds,Electronics,Mobiles,3.00,2999.00,8997.00,0.33,2969.01,6027.99,367.71,Chennai,Tamil Nadu,South,Credit Card,Standard,2024,5,May,0.061
ORD103299,18-07-2025,CUST1341,Customer_0341,P2022,Yoga Mat,Sports,Fitness,1.00,899.00,899.00,0.08,71.92,827.08,211.73,Gurugram,Haryana,North,Credit Card,Standard,2025,7,July,0.256
ORD104598,17-10-2025,CUST1409,Customer_0409,P2004,Wireless Mouse,Electronics,Accessories,1.00,899.00,899.00,0.08,71.92,827.08,112.48,Bengaluru,Karnataka,South,Net Banking,Express,2025,10,October,0.136
ORD105000,24-08-2025,CUST1629,Customer_0629,P2012,Sandals,Clothing,Footwear,1.00,1299.00,1299.00,0.03,38.97,1260.03,391.87,Bengaluru,Karnataka,South,UPI,Standard,2025,8,August,0.311
ORD100520,05-07-2024,CUST1755,Customer_0755,P2024,Cricket Bat,Sports,Outdoor,2.00,2499.00,4998.00,0.33,1649.34,3348.66,606.11,Hyderabad,Telangana,South,Debit Card,Standard,2024,7,July,0.181
ORD100795,12-05-2024,CUST1548,Customer_0548,P2019,Sunscreen,Beauty,Skincare,2.00,699.00,1398.00,0.23,321.54,1076.46,334.78,Chennai,Tamil Nadu,South,Credit Card,Standard,2024,5,May,0.311
ORD100981,19-03-2025,CUST1592,Customer_0592,P2017,Office Chair,Home & Kitchen,Furniture,2.00,5999.00,11998.00,0.13,1559.74,10438.26,2098.09,Kolkata,West Bengal,East,UPI,Standard,2025,3,March,0.201
ORD101048,29-05-2025,CUST1187,Customer_0187,P2003,Laptop,Electronics,Computers,3.00,59999.00,179997.00,0.03,5399.91,174597.09,26364.16,Lucknow,Uttar Pradesh,North,Credit Card,Express,2025,5,May,0.151
ORD102743,26-02-2024,CUST1793,Customer_0793,P2010,Dress,Clothing,Women,2.00,1999.00,3998.00,0.18,719.64,3278.36,872.04,Noida,Uttar Pradesh,North,Debit Card,Standard,2024,2,February,0.266
ORD100114,07-05-2024,CUST1659,Customer_0659,P2013,Mixer Grinder,Home & Kitchen,Kitchen,1.00,3499.00,3499.00,0.18,629.82,2869.18,533.67,Kolkata,West Bengal,East,Credit Card,Express,2024,5,May,0.186
ORD101052,14-06-2025,CUST1401,Customer_0401,P2001,Smartphone,Electronics,Mobiles,1.00,24999.00,24999.00,0.13,3249.87,21749.13,2631.64,Ahmedabad,Gujarat,West,UPI,Standard,2025,6,June,0.121
ORD101764,05-06-2024,CUST1507,Customer_0507,P2006,Power Bank,Electronics,Accessories,1.00,1499.00,1499.00,0.08,119.92,1379.08,187.55,Kolkata,West Bengal,East,Net Banking,Express,2024,6,June,0.136
ORD102061,07-11-2024,CUST1678,Customer_0678,P2011,Sneakers,Clothing,Footwear,2.00,2499.00,4998.00,0.18,899.64,4098.36,1090.16,Hyderabad,Telangana,South,UPI,Standard,2024,11,November,0.266
ORD102417,17-06-2024,CUST1271,Customer_0271,P2020,Shampoo,Beauty,Haircare,4.00,599.00,2396.00,0.08,191.68,2204.32,784.74,Mumbai,Maharashtra,West,Credit Card,Standard,2024,6,June,0.356
ORD102807,14-06-2024,CUST1374,Customer_0374,P2011,Sneakers,Clothing,Footwear,1.00,2499.00,2499.00,0.13,324.87,2174.13,610.93,Bengaluru,Karnataka,South,UPI,Express,2024,6,June,0.281
ORD103785,26-11-2024,CUST1554,Customer_0554,P2008,Jeans,Clothing,Men,1.00,1799.00,1799.00,0.08,143.92,1655.08,489.90,Jaipur,Rajasthan,North,UPI,Standard,2024,11,November,0.296
ORD104968,27-12-2025,CUST1220,Customer_0220,P2003,Laptop,Electronics,Computers,2.00,59999.00,119998.00,0.08,9599.84,110398.16,15014.15,Chennai,Tamil Nadu,South,Cash on Delivery,Express,2025,12,December,0.136
ORD100848,18-08-2024,CUST1762,Customer_0762,P2017,Office Chair,Home & Kitchen,Furniture,1.00,5999.00,5999.00,0.03,179.97,5819.03,1344.20,Noida,Uttar Pradesh,North,Cash on Delivery,Standard,2024,8,August,0.231
ORD101226,20-12-2024,CUST1102,Customer_0102,P2017,Office Chair,Home & Kitchen,Furniture,1.00,5999.00,5999.00,0.33,1979.67,4019.33,566.73,Mumbai,Maharashtra,West,Credit Card,Standard,2024,12,December,0.141
ORD101489,15-06-2025,CUST1653,Customer_0653,P2019,Sunscreen,Beauty,Skincare,1.00,699.00,699.00,0.28,195.72,503.28,148.97,Lucknow,Uttar Pradesh,North,Credit Card,Express,2025,6,June,0.296
ORD102371,17-10-2024,CUST1659,Customer_0659,P2012,Sandals,Clothing,Footwear,1.00,1299.00,1299.00,0.08,103.92,1195.08,353.74,Lucknow,Uttar Pradesh,North,Credit Card,Express,2024,10,October,0.296
ORD104121,21-03-2024,CUST1157,Customer_0157,P2008,Jeans,Clothing,Men,2.00,1799.00,3598.00,0.08,287.84,3310.16,979.81,Noida,Uttar Pradesh,North,Credit Card,Express,2024,3,March,0.296
ORD104130,13-09-2024,CUST1132,Customer_0132,P2014,Cookware Set,Home & Kitchen,Kitchen,3.00,2999.00,8997.00,0.13,1169.61,7827.39,1573.31,Pune,Maharashtra,West,UPI,Standard,2024,9,September,0.201
ORD104142,20-07-2024,CUST1025,Customer_0025,P2003,Laptop,Electronics,Computers,3.00,59999.00,179997.00,0.33,59399.01,120597.99,7356.48,Pune,Maharashtra,West,UPI,Standard,2024,7,July,0.061
ORD104326,12-10-2025,CUST1797,Customer_0797,P2016,Bedsheet Set,Home & Kitchen,Home Decor,3.00,999.00,2997.00,0.23,689.31,2307.69,394.61,Kolkata,West Bengal,East,Credit Card,Standard,2025,10,October,0.171
ORD101201,18-07-2025,CUST1041,Customer_0041,P2002,Wireless Earbuds,Electronics,Mobiles,1.00,2999.00,2999.00,0.13,389.87,2609.13,315.70,Pune,Maharashtra,West,Credit Card,Standard,2025,7,July,0.121
ORD101714,08-10-2024,CUST1352,Customer_0352,P2011,Sneakers,Clothing,Footwear,2.00,2499.00,4998.00,0.03,149.94,4848.06,1507.75,Pune,Maharashtra,West,Credit Card,Standard,2024,10,October,0.311
ORD102227,08-05-2024,CUST1793,Customer_0793,P2018,Face Wash,Beauty,Skincare,2.00,399.00,798.00,0.08,63.84,734.16,261.36,Bengaluru,Karnataka,South,Debit Card,Standard,2024,5,May,0.356
ORD102543,02-10-2025,CUST1299,Customer_0299,P2025,Football,Sports,Outdoor,1.00,999.00,999.00,0.08,79.92,919.08,235.28,Gurugram,Haryana,North,Credit Card,Express,2025,10,October,0.256
ORD102677,06-11-2024,CUST1152,Customer_0152,P2019,Sunscreen,Beauty,Skincare,2.00,699.00,1398.00,0.03,41.94,1356.06,503.10,Gurugram,Haryana,North,Credit Card,Standard,2024,11,November,0.371
ORD103732,21-09-2025,CUST1372,Customer_0372,P2005,Keyboard,Electronics,Accessories,2.00,1299.00,2598.00,0.03,77.94,2520.06,380.53,Noida,Uttar Pradesh,North,UPI,Standard,2025,9,September,0.151
ORD103747,30-06-2025,CUST1549,Customer_0549,P2018,Face Wash,Beauty,Skincare,1.00,399.00,399.00,0.03,11.97,387.03,143.59,Gurugram,Haryana,North,Debit Card,Standard,2025,6,June,0.371
ORD103940,05-04-2024,CUST1426,Customer_0426,P2001,Smartphone,Electronics,Mobiles,1.00,24999.00,24999.00,0.23,5749.77,19249.23,1751.68,Gurugram,Haryana,North,UPI,Standard,2024,4,April,0.091
ORD100629,29-05-2025,CUST1580,Customer_0580,P2004,Wireless Mouse,Electronics,Accessories,2.00,899.00,1798.00,0.18,323.64,1474.36,156.28,Pune,Maharashtra,West,UPI,Same Day,2025,5,May,0.106
ORD102083,18-10-2025,CUST1340,Customer_0340,P2005,Keyboard,Electronics,Accessories,1.00,1299.00,1299.00,0.03,38.97,1260.03,190.26,Chennai,Tamil Nadu,South,UPI,Express,2025,10,October,0.151
ORD103637,21-06-2024,CUST1251,Customer_0251,P2021,Perfume,Beauty,Fragrance,3.00,1499.00,4497.00,0.18,809.46,3687.54,1202.14,Mumbai,Maharashtra,West,Debit Card,Express,2024,6,June,0.326
ORD103753,29-08-2025,CUST1309,Customer_0309,P2017,Office Chair,Home & Kitchen,Furniture,1.00,5999.00,5999.00,0.18,1079.82,4919.18,914.97,Chennai,Tamil Nadu,South,UPI,Standard,2025,8,August,0.186
ORD104654,17-08-2025,CUST1021,Customer_0021,P2014,Cookware Set,Home & Kitchen,Kitchen,2.00,2999.00,5998.00,0.33,1979.34,4018.66,566.63,Kolkata,West Bengal,East,UPI,Express,2025,8,August,0.141
ORD104866,06-06-2024,CUST1267,Customer_0267,P2011,Sneakers,Clothing,Footwear,4.00,2499.00,9996.00,0.08,799.68,9196.32,2722.11,Ahmedabad,Gujarat,West,Credit Card,Standard,2024,6,June,0.296
ORD101123,24-06-2024,CUST1473,Customer_0473,P2016,Bedsheet Set,Home & Kitchen,Home Decor,1.00,999.00,999.00,0.23,229.77,769.23,131.54,Pune,Maharashtra,West,Net Banking,Standard,2024,6,June,0.171
ORD101784,05-11-2025,CUST1337,Customer_0337,P2011,Sneakers,Clothing,Footwear,1.00,2499.00,2499.00,0.28,699.72,1799.28,424.63,Delhi,Delhi,North,UPI,Standard,2025,11,November,0.236
ORD101827,01-10-2025,CUST1533,Customer_0533,P2004,Wireless Mouse,Electronics,Accessories,1.00,899.00,899.00,0.13,116.87,782.13,94.64,Pune,Maharashtra,West,UPI,Standard,2025,10,October,0.121
ORD101906,11-09-2025,CUST1589,Customer_0589,P2019,Sunscreen,Beauty,Skincare,4.00,699.00,2796.00,0.18,503.28,2292.72,747.43,Kolkata,West Bengal,East,UPI,Standard,2025,9,September,0.326
ORD101925,11-12-2024,CUST1142,Customer_0142,P2007,T-Shirt,Clothing,Men,1.00,799.00,799.00,0.13,103.87,695.13,195.33,Lucknow,Uttar Pradesh,North,Credit Card,Standard,2024,12,December,0.281
ORD102668,31-07-2025,CUST1164,Customer_0164,P2003,Laptop,Electronics,Computers,1.00,59999.00,59999.00,0.08,4799.92,55199.08,7507.07,Mumbai,Maharashtra,West,Credit Card,Express,2025,7,July,0.136
ORD102964,12-02-2024,CUST1029,Customer_0029,P2017,Office Chair,Home & Kitchen,Furniture,1.00,5999.00,5999.00,0.18,1079.82,4919.18,914.97,Delhi,Delhi,North,UPI,Standard,2024,2,February,0.186
ORD104613,30-01-2024,CUST1688,Customer_0688,P2002,Wireless Earbuds,Electronics,Mobiles,1.00,2999.00,2999.00,0.03,89.97,2909.03,439.26,Bengaluru,Karnataka,South,Credit Card,Same Day,2024,1,January,0.151
ORD100004,24-03-2024,CUST1080,Customer_0080,P2018,Face Wash,Beauty,Skincare,3.00,399.00,1197.00,0.33,395.01,801.99,225.36,Ahmedabad,Gujarat,West,Net Banking,Express,2024,3,March,0.281
ORD101183,16-02-2024,CUST1685,Customer_0685,P2008,Jeans,Clothing,Men,3.00,1799.00,5397.00,0.03,161.91,5235.09,1628.11,Hyderabad,Telangana,South,Debit Card,Standard,2024,2,February,0.311
ORD101198,18-10-2025,CUST1633,Customer_0633,P2019,Sunscreen,Beauty,Skincare,1.00,699.00,699.00,0.13,90.87,608.13,207.37,Chennai,Tamil Nadu,South,Credit Card,Standard,2025,10,October,0.341
ORD102878,13-08-2025,CUST1561,Customer_0561,P2019,Sunscreen,Beauty,Skincare,1.00,699.00,699.00,0.08,55.92,643.08,228.94,Jaipur,Rajasthan,North,Net Banking,Express,2025,8,August,0.356
ORD100069,28-09-2024,CUST1073,Customer_0073,P2005,Keyboard,Electronics,Accessories,2.00,1299.00,2598.00,0.23,597.54,2000.46,182.04,Delhi,Delhi,North,Credit Card,Express,2024,9,September,0.091
ORD100230,28-10-2025,CUST1459,Customer_0459,P2023,Dumbbells,Sports,Fitness,1.00,1599.00,1599.00,0.13,207.87,1391.13,335.26,Kolkata,West Bengal,East,UPI,Express,2025,10,October,0.241
ORD100888,03-08-2024,CUST1761,Customer_0761,P2021,Perfume,Beauty,Fragrance,3.00,1499.00,4497.00,0.23,1034.31,3462.69,1076.90,Bengaluru,Karnataka,South,Debit Card,Standard,2024,8,August,0.311
ORD101327,08-08-2025,CUST1703,Customer_0703,P2021,Perfume,Beauty,Fragrance,4.00,1499.00,5996.00,0.23,1379.08,4616.92,1435.86,Kolkata,West Bengal,East,Credit Card,Standard,2025,8,August,0.311
ORD103430,02-03-2025,CUST1074,Customer_0074,P2022,Yoga Mat,Sports,Fitness,1.00,899.00,899.00,0.03,26.97,872.03,236.32,Jaipur,Rajasthan,North,UPI,Same Day,2025,3,March,0.271
ORD100201,24-09-2025,CUST1716,Customer_0716,P2011,Sneakers,Clothing,Footwear,1.00,2499.00,2499.00,0.23,574.77,1924.23,482.98,Ahmedabad,Gujarat,West,Net Banking,Express,2025,9,September,0.251
ORD100611,16-10-2025,CUST1352,Customer_0352,P2015,Table Lamp,Home & Kitchen,Home Decor,2.00,1299.00,2598.00,0.03,77.94,2520.06,582.13,Bengaluru,Karnataka,South,Credit Card,Standard,2025,10,October,0.231
ORD102148,01-02-2024,CUST1164,Customer_0164,P2017,Office Chair,Home & Kitchen,Furniture,1.00,5999.00,5999.00,0.28,1679.72,4319.28,673.81,Chennai,Tamil Nadu,South,UPI,Standard,2024,2,February,0.156
ORD102914,24-05-2025,CUST1025,Customer_0025,P2010,Dress,Clothing,Women,3.00,1999.00,5997.00,0.13,779.61,5217.39,1466.09,Ahmedabad,Gujarat,West,UPI,Standard,2025,5,May,0.281
ORD102953,04-10-2025,CUST1682,Customer_0682,P2011,Sneakers,Clothing,Footwear,3.00,2499.00,7497.00,0.23,1724.31,5772.69,1448.95,Noida,Uttar Pradesh,North,Debit Card,Express,2025,10,October,0.251
ORD103400,12-07-2025,CUST1798,Customer_0798,P2023,Dumbbells,Sports,Fitness,1.00,1599.00,1599.00,0.18,287.82,1311.18,296.33,Chennai,Tamil Nadu,South,Credit Card,Express,2025,7,July,0.226
ORD104338,23-10-2024,CUST1743,Customer_0743,P2004,Wireless Mouse,Electronics,Accessories,2.00,899.00,1798.00,0.08,143.84,1654.16,224.97,Chennai,Tamil Nadu,South,UPI,Standard,2024,10,October,0.136
ORD102654,19-10-2025,CUST1481,Customer_0481,P2025,Football,Sports,Outdoor,1.00,999.00,999.00,0.13,129.87,869.13,209.46,Bengaluru,Karnataka,South,UPI,Same Day,2025,10,October,0.241
ORD104343,05-11-2024,CUST1439,Customer_0439,P2016,Bedsheet Set,Home & Kitchen,Home Decor,1.00,999.00,999.00,0.13,129.87,869.13,174.70,Noida,Uttar Pradesh,North,UPI,Express,2024,11,November,0.201
ORD100825,09-05-2025,CUST1094,Customer_0094,P2005,Keyboard,Electronics,Accessories,3.00,1299.00,3897.00,0.13,506.61,3390.39,410.24,Hyderabad,Telangana,South,UPI,Standard,2025,5,May,0.121
ORD100826,07-09-2024,CUST1412,Customer_0412,P2013,Mixer Grinder,Home & Kitchen,Kitchen,1.00,3499.00,3499.00,0.18,629.82,2869.18,533.67,Gurugram,Haryana,North,Credit Card,Standard,2024,9,September,0.186
ORD101332,02-12-2025,CUST1412,Customer_0412,P2005,Keyboard,Electronics,Accessories,2.00,1299.00,2598.00,0.18,467.64,2130.36,225.82,Gurugram,Haryana,North,UPI,Standard,2025,12,December,0.106
ORD101418,19-02-2025,CUST1650,Customer_0650,P2005,Keyboard,Electronics,Accessories,1.00,1299.00,1299.00,0.23,298.77,1000.23,91.02,Noida,Uttar Pradesh,North,Credit Card,Same Day,2025,2,February,0.091
ORD102039,31-10-2024,CUST1420,Customer_0420,P2015,Table Lamp,Home & Kitchen,Home Decor,2.00,1299.00,2598.00,0.13,337.74,2260.26,454.31,Mumbai,Maharashtra,West,UPI,Standard,2024,10,October,0.201
ORD102153,09-04-2025,CUST1118,Customer_0118,P2003,Laptop,Electronics,Computers,1.00,59999.00,59999.00,0.13,7799.87,52199.13,6316.09,Hyderabad,Telangana,South,UPI,Standard,2025,4,April,0.121
ORD102351,15-03-2024,CUST1496,Customer_0496,P2002,Wireless Earbuds,Electronics,Mobiles,1.00,2999.00,2999.00,0.08,239.92,2759.08,375.23,Lucknow,Uttar Pradesh,North,Debit Card,Standard,2024,3,March,0.136
ORD102497,06-12-2025,CUST1740,Customer_0740,P2008,Jeans,Clothing,Men,3.00,1799.00,5397.00,0.03,161.91,5235.09,1628.11,Jaipur,Rajasthan,North,Credit Card,Standard,2025,12,December,0.311
ORD103038,02-03-2024,CUST1531,Customer_0531,P2025,Football,Sports,Outdoor,3.00,999.00,2997.00,0.03,89.91,2907.09,787.82,Lucknow,Uttar Pradesh,North,UPI,Standard,2024,3,March,0.271
ORD103550,10-06-2024,CUST1186,Customer_0186,P2024,Cricket Bat,Sports,Outdoor,2.00,2499.00,4998.00,0.18,899.64,4098.36,926.23,Hyderabad,Telangana,South,Credit Card,Express,2024,6,June,0.226
ORD103920,26-03-2025,CUST1643,Customer_0643,P2021,Perfume,Beauty,Fragrance,2.00,1499.00,2998.00,0.13,389.74,2608.26,889.42,Bengaluru,Karnataka,South,Credit Card,Express,2025,3,March,0.341
ORD104104,01-03-2025,CUST1169,Customer_0169,P2007,T-Shirt,Clothing,Men,1.00,799.00,799.00,0.08,63.92,735.08,217.58,Gurugram,Haryana,North,Debit Card,Standard,2025,3,March,0.296
ORD104552,10-05-2025,CUST1755,Customer_0755,P2009,Kurti,Clothing,Women,2.00,1199.00,2398.00,0.08,191.84,2206.16,653.02,Chennai,Tamil Nadu,South,UPI,Same Day,2025,5,May,0.296
ORD102104,20-04-2025,CUST1394,Customer_0394,P2010,Dress,Clothing,Women,3.00,1999.00,5997.00,0.23,1379.31,4617.69,1159.04,Noida,Uttar Pradesh,North,Credit Card,Same Day,2025,4,April,0.251
ORD102856,27-07-2024,CUST1188,Customer_0188,P2001,Smartphone,Electronics,Mobiles,2.00,24999.00,49998.00,0.13,6499.74,43498.26,5263.29,Jaipur,Rajasthan,North,Credit Card,Express,2024,7,July,0.121
ORD103919,14-12-2024,CUST1021,Customer_0021,P2004,Wireless Mouse,Electronics,Accessories,3.00,899.00,2697.00,0.23,620.31,2076.69,188.98,Chennai,Tamil Nadu,South,UPI,Standard,2024,12,December,0.091
ORD104853,13-09-2025,CUST1220,Customer_0220,P2010,Dress,Clothing,Women,1.00,1999.00,1999.00,0.28,559.72,1439.28,339.67,Kolkata,West Bengal,East,Cash on Delivery,Standard,2025,9,September,0.236
ORD100098,27-05-2024,CUST1597,Customer_0597,P2022,Yoga Mat,Sports,Fitness,2.00,899.00,1798.00,0.08,143.84,1654.16,423.46,Ahmedabad,Gujarat,West,Debit Card,Express,2024,5,May,0.256
ORD100971,16-11-2024,CUST1347,Customer_0347,P2006,Power Bank,Electronics,Accessories,3.00,1499.00,4497.00,0.08,359.76,4137.24,562.66,Gurugram,Haryana,North,UPI,Standard,2024,11,November,0.136
ORD101796,22-11-2024,CUST1026,Customer_0026,P2005,Keyboard,Electronics,Accessories,2.00,1299.00,2598.00,0.08,207.84,2390.16,325.06,Lucknow,Uttar Pradesh,North,Net Banking,Standard,2024,11,November,0.136
ORD104188,19-12-2024,CUST1769,Customer_0769,P2012,Sandals,Clothing,Footwear,1.00,1299.00,1299.00,0.08,103.92,1195.08,353.74,Bengaluru,Karnataka,South,UPI,Express,2024,12,December,0.296
ORD104289,12-02-2025,CUST1128,Customer_0128,P2019,Sunscreen,Beauty,Skincare,2.00,699.00,1398.00,0.13,181.74,1216.26,414.74,Ahmedabad,Gujarat,West,Credit Card,Standard,2025,2,February,0.341
ORD104821,13-05-2024,CUST1448,Customer_0448,P2004,Wireless Mouse,Electronics,Accessories,2.00,899.00,1798.00,0.08,143.84,1654.16,224.97,Kolkata,West Bengal,East,Credit Card,Standard,2024,5,May,0.136
ORD100185,14-01-2025,CUST1338,Customer_0338,P2018,Face Wash,Beauty,Skincare,1.00,399.00,399.00,0.28,111.72,287.28,85.03,Mumbai,Maharashtra,West,UPI,Standard,2025,1,January,0.296
ORD100956,11-06-2025,CUST1059,Customer_0059,P2023,Dumbbells,Sports,Fitness,3.00,1599.00,4797.00,0.23,1103.31,3693.69,779.37,Delhi,Delhi,North,UPI,Standard,2025,6,June,0.211
ORD101342,29-07-2025,CUST1612,Customer_0612,P2005,Keyboard,Electronics,Accessories,1.00,1299.00,1299.00,0.08,103.92,1195.08,162.53,Gurugram,Haryana,North,Credit Card,Express,2025,7,July,0.136
ORD102684,18-04-2024,CUST1496,Customer_0496,P2002,Wireless Earbuds,Electronics,Mobiles,1.00,2999.00,2999.00,0.18,539.82,2459.18,260.67,Noida,Uttar Pradesh,North,UPI,Standard,2024,4,April,0.106
ORD103465,22-11-2024,CUST1563,Customer_0563,P2011,Sneakers,Clothing,Footwear,4.00,2499.00,9996.00,0.13,1299.48,8696.52,2443.72,Lucknow,Uttar Pradesh,North,UPI,Standard,2024,11,November,0.281
ORD100245,04-09-2024,CUST1683,Customer_0683,P2017,Office Chair,Home & Kitchen,Furniture,1.00,5999.00,5999.00,0.03,179.97,5819.03,1344.20,Lucknow,Uttar Pradesh,North,UPI,Standard,2024,9,September,0.231
ORD101266,22-04-2025,CUST1084,Customer_0084,P2013,Mixer Grinder,Home & Kitchen,Kitchen,2.00,3499.00,6998.00,0.33,2309.34,4688.66,661.10,Hyderabad,Telangana,South,Cash on Delivery,Standard,2025,4,April,0.141
ORD103173,05-05-2024,CUST1591,Customer_0591,P2023,Dumbbells,Sports,Fitness,1.00,1599.00,1599.00,0.13,207.87,1391.13,335.26,Chennai,Tamil Nadu,South,Credit Card,Express,2024,5,May,0.241
ORD104618,30-09-2024,CUST1241,Customer_0241,P2010,Dress,Clothing,Women,2.00,1999.00,3998.00,0.08,319.84,3678.16,1088.74,Chennai,Tamil Nadu,South,Debit Card,Express,2024,9,September,0.296
ORD104812,05-04-2025,CUST1437,Customer_0437,P2024,Cricket Bat,Sports,Outdoor,1.00,2499.00,2499.00,0.18,449.82,2049.18,463.11,Hyderabad,Telangana,South,Credit Card,Express,2025,4,April,0.226
ORD100183,10-09-2024,CUST1438,Customer_0438,P2011,Sneakers,Clothing,Footwear,1.00,2499.00,2499.00,0.13,324.87,2174.13,610.93,Pune,Maharashtra,West,Net Banking,Standard,2024,9,September,0.281
ORD100815,24-05-2024,CUST1542,Customer_0542,P2005,Keyboard,Electronics,Accessories,1.00,1299.00,1299.00,0.08,103.92,1195.08,162.53,Pune,Maharashtra,West,Net Banking,Express,2024,5,May,0.136
ORD100925,09-04-2024,CUST1732,Customer_0732,P2007,T-Shirt,Clothing,Men,1.00,799.00,799.00,0.23,183.77,615.23,154.42,Bengaluru,Karnataka,South,Net Banking,Same Day,2024,4,April,0.251
ORD101476,21-02-2024,CUST1399,Customer_0399,P2013,Mixer Grinder,Home & Kitchen,Kitchen,1.00,3499.00,3499.00,0.03,104.97,3394.03,784.02,Ahmedabad,Gujarat,West,Net Banking,Express,2024,2,February,0.231
ORD102568,24-10-2024,CUST1777,Customer_0777,P2024,Cricket Bat,Sports,Outdoor,1.00,2499.00,2499.00,0.13,324.87,2174.13,523.97,Noida,Uttar Pradesh,North,Debit Card,Same Day,2024,10,October,0.241
ORD103106,28-01-2025,CUST1278,Customer_0278,P2007,T-Shirt,Clothing,Men,1.00,799.00,799.00,0.13,103.87,695.13,195.33,Jaipur,Rajasthan,North,Credit Card,Standard,2025,1,January,0.281
ORD103363,22-09-2025,CUST1613,Customer_0613,P2024,Cricket Bat,Sports,Outdoor,1.00,2499.00,2499.00,0.18,449.82,2049.18,463.11,Noida,Uttar Pradesh,North,Credit Card,Standard,2025,9,September,0.226
ORD103547,04-03-2025,CUST1776,Customer_0776,P2020,Shampoo,Beauty,Haircare,2.00,599.00,1198.00,0.28,335.44,862.56,255.32,Mumbai,Maharashtra,West,UPI,Standard,2025,3,March,0.296
ORD103945,11-09-2024,CUST1402,Customer_0402,P2019,Sunscreen,Beauty,Skincare,1.00,699.00,699.00,0.13,90.87,608.13,207.37,Ahmedabad,Gujarat,West,Debit Card,Same Day,2024,9,September,0.341
ORD104632,12-06-2024,CUST1310,Customer_0310,P2008,Jeans,Clothing,Men,1.00,1799.00,1799.00,0.13,233.87,1565.13,439.80,Pune,Maharashtra,West,Debit Card,Standard,2024,6,June,0.281
ORD104798,01-12-2024,CUST1398,Customer_0398,P2011,Sneakers,Clothing,Footwear,4.00,2499.00,9996.00,0.03,299.88,9696.12,3015.49,Delhi,Delhi,North,Credit Card,Standard,2024,12,December,0.311
ORD100344,14-08-2025,CUST1718,Customer_0718,P2005,Keyboard,Electronics,Accessories,3.00,1299.00,3897.00,0.08,311.76,3585.24,487.59,Delhi,Delhi,North,UPI,Standard,2025,8,August,0.136
ORD100743,16-11-2024,CUST1204,Customer_0204,P2008,Jeans,Clothing,Men,2.00,1799.00,3598.00,0.13,467.74,3130.26,879.60,Mumbai,Maharashtra,West,Credit Card,Standard,2024,11,November,0.281
ORD101557,13-07-2024,CUST1026,Customer_0026,P2008,Jeans,Clothing,Men,1.00,1799.00,1799.00,0.18,323.82,1475.18,392.40,Delhi,Delhi,North,Cash on Delivery,Standard,2024,7,July,0.266
ORD103246,12-06-2024,CUST1413,Customer_0413,P2003,Laptop,Electronics,Computers,4.00,59999.00,239996.00,0.18,43199.28,196796.72,20860.45,Gurugram,Haryana,North,Credit Card,Standard,2024,6,June,0.106
ORD103802,25-05-2025,CUST1381,Customer_0381,P2003,Laptop,Electronics,Computers,2.00,59999.00,119998.00,0.13,15599.74,104398.26,12632.19,Chennai,Tamil Nadu,South,UPI,Same Day,2025,5,May,0.121
ORD103847,11-06-2025,CUST1693,Customer_0693,P2016,Bedsheet Set,Home & Kitchen,Home Decor,1.00,999.00,999.00,0.18,179.82,819.18,152.37,Lucknow,Uttar Pradesh,North,UPI,Standard,2025,6,June,0.186
ORD104262,23-04-2025,CUST1718,Customer_0718,P2018,Face Wash,Beauty,Skincare,1.00,399.00,399.00,0.18,71.82,327.18,106.66,Delhi,Delhi,North,Credit Card,Standard,2025,4,April,0.326
ORD104722,25-05-2025,CUST1384,Customer_0384,P2012,Sandals,Clothing,Footwear,2.00,1299.00,2598.00,0.13,337.74,2260.26,635.13,Mumbai,Maharashtra,West,Debit Card,Standard,2025,5,May,0.281
ORD100357,11-11-2024,CUST1719,Customer_0719,P2018,Face Wash,Beauty,Skincare,2.00,399.00,798.00,0.08,63.84,734.16,261.36,Gurugram,Haryana,North,Debit Card,Standard,2024,11,November,0.356
ORD101654,24-05-2025,CUST1646,Customer_0646,P2010,Dress,Clothing,Women,2.00,1999.00,3998.00,0.18,719.64,3278.36,872.04,Jaipur,Rajasthan,North,Cash on Delivery,Express,2025,5,May,0.266
ORD102174,24-01-2024,CUST1760,Customer_0760,P2001,Smartphone,Electronics,Mobiles,1.00,24999.00,24999.00,0.18,4499.82,20499.18,2172.91,Bengaluru,Karnataka,South,Debit Card,Express,2024,1,January,0.106
ORD102731,02-04-2024,CUST1732,Customer_0732,P2010,Dress,Clothing,Women,1.00,1999.00,1999.00,0.28,559.72,1439.28,339.67,Pune,Maharashtra,West,UPI,Express,2024,4,April,0.236
ORD104139,06-02-2025,CUST1635,Customer_0635,P2002,Wireless Earbuds,Electronics,Mobiles,4.00,2999.00,11996.00,0.23,2759.08,9236.92,840.56,Ahmedabad,Gujarat,West,Net Banking,Express,2025,2,February,0.091
ORD104665,01-06-2025,CUST1255,Customer_0255,P2020,Shampoo,Beauty,Haircare,1.00,599.00,599.00,0.08,47.92,551.08,196.18,Jaipur,Rajasthan,North,Cash on Delivery,Express,2025,6,June,0.356
ORD104905,13-04-2025,CUST1489,Customer_0489,P2003,Laptop,Electronics,Computers,1.00,59999.00,59999.00,0.23,13799.77,46199.23,4204.13,Lucknow,Uttar Pradesh,North,UPI,Express,2025,4,April,0.091
ORD100314,03-09-2024,CUST1141,Customer_0141,P2005,Keyboard,Electronics,Accessories,1.00,1299.00,1299.00,0.13,168.87,1130.13,136.75,Bengaluru,Karnataka,South,Net Banking,Standard,2024,9,September,0.121
ORD100578,08-08-2024,CUST1694,Customer_0694,P2002,Wireless Earbuds,Electronics,Mobiles,2.00,2999.00,5998.00,0.23,1379.54,4618.46,420.28,Noida,Uttar Pradesh,North,Debit Card,Standard,2024,8,August,0.091
ORD100819,20-08-2025,CUST1238,Customer_0238,P2007,T-Shirt,Clothing,Men,2.00,799.00,1598.00,0.18,287.64,1310.36,348.56,Delhi,Delhi,North,UPI,Standard,2025,8,August,0.266
ORD101025,27-12-2024,CUST1513,Customer_0513,P2010,Dress,Clothing,Women,1.00,1999.00,1999.00,0.03,59.97,1939.03,603.04,Chennai,Tamil Nadu,South,UPI,Express,2024,12,December,0.311
ORD102049,19-02-2024,CUST1281,Customer_0281,P2009,Kurti,Clothing,Women,1.00,1199.00,1199.00,0.08,95.92,1103.08,326.51,Chennai,Tamil Nadu,South,Net Banking,Same Day,2024,2,February,0.296
ORD102051,21-02-2024,CUST1015,Customer_0015,P2004,Wireless Mouse,Electronics,Accessories,1.00,899.00,899.00,0.03,26.97,872.03,131.68,Lucknow,Uttar Pradesh,North,Credit Card,Same Day,2024,2,February,0.151
ORD102876,15-10-2024,CUST1033,Customer_0033,P2004,Wireless Mouse,Electronics,Accessories,2.00,899.00,1798.00,0.23,413.54,1384.46,125.99,Hyderabad,Telangana,South,UPI,Standard,2024,10,October,0.091
ORD103788,21-05-2025,CUST1798,Customer_0798,P2008,Jeans,Clothing,Men,2.00,1799.00,3598.00,0.28,1007.44,2590.56,611.37,Lucknow,Uttar Pradesh,North,Credit Card,Standard,2025,5,May,0.236
ORD104232,03-09-2025,CUST1345,Customer_0345,P2005,Keyboard,Electronics,Accessories,2.00,1299.00,2598.00,0.03,77.94,2520.06,380.53,Delhi,Delhi,North,UPI,Standard,2025,9,September,0.151
ORD100313,31-10-2025,CUST1353,Customer_0353,P2010,Dress,Clothing,Women,2.00,1999.00,3998.00,0.13,519.74,3478.26,977.39,Noida,Uttar Pradesh,North,UPI,Express,2025,10,October,0.281
ORD100630,19-11-2025,CUST1045,Customer_0045,P2009,Kurti,Clothing,Women,4.00,1199.00,4796.00,0.08,383.68,4412.32,1306.05,Lucknow,Uttar Pradesh,North,UPI,Express,2025,11,November,0.296
ORD101415,26-04-2025,CUST1347,Customer_0347,P2008,Jeans,Clothing,Men,1.00,1799.00,1799.00,0.23,413.77,1385.23,347.69,Noida,Uttar Pradesh,North,Debit Card,Standard,2025,4,April,0.251
ORD102271,19-10-2024,CUST1140,Customer_0140,P2002,Wireless Earbuds,Electronics,Mobiles,1.00,2999.00,2999.00,0.13,389.87,2609.13,315.70,Lucknow,Uttar Pradesh,North,Net Banking,Standard,2024,10,October,0.121
ORD102532,03-07-2025,CUST1242,Customer_0242,P2016,Bedsheet Set,Home & Kitchen,Home Decor,1.00,999.00,999.00,0.08,79.92,919.08,198.52,Kolkata,West Bengal,East,Credit Card,Standard,2025,7,July,0.216
ORD100432,09-01-2024,CUST1183,Customer_0183,P2025,Football,Sports,Outdoor,4.00,999.00,3996.00,0.18,719.28,3276.72,740.54,Pune,Maharashtra,West,Credit Card,Standard,2024,1,January,0.226
ORD100434,20-04-2024,CUST1213,Customer_0213,P2009,Kurti,Clothing,Women,3.00,1199.00,3597.00,0.08,287.76,3309.24,979.54,Chennai,Tamil Nadu,South,Credit Card,Standard,2024,4,April,0.296
ORD100504,17-03-2025,CUST1073,Customer_0073,P2022,Yoga Mat,Sports,Fitness,2.00,899.00,1798.00,0.28,503.44,1294.56,253.73,Bengaluru,Karnataka,South,Cash on Delivery,Standard,2025,3,March,0.196
ORD101059,17-05-2024,CUST1573,Customer_0573,P2021,Perfume,Beauty,Fragrance,2.00,1499.00,2998.00,0.28,839.44,2158.56,638.93,Hyderabad,Telangana,South,Cash on Delivery,Express,2024,5,May,0.296
ORD101083,27-09-2024,CUST1632,Customer_0632,P2001,Smartphone,Electronics,Mobiles,1.00,24999.00,24999.00,0.23,5749.77,19249.23,1751.68,Ahmedabad,Gujarat,West,UPI,Standard,2024,9,September,0.091
ORD101600,09-01-2025,CUST1078,Customer_0078,P2001,Smartphone,Electronics,Mobiles,2.00,24999.00,49998.00,0.13,6499.74,43498.26,5263.29,Bengaluru,Karnataka,South,Net Banking,Express,2025,1,January,0.121
ORD102294,16-02-2025,CUST1761,Customer_0761,P2005,Keyboard,Electronics,Accessories,2.00,1299.00,2598.00,0.08,207.84,2390.16,325.06,Delhi,Delhi,North,Net Banking,Same Day,2025,2,February,0.136
ORD102921,09-01-2025,CUST1286,Customer_0286,P2018,Face Wash,Beauty,Skincare,2.00,399.00,798.00,0.13,103.74,694.26,236.74,Jaipur,Rajasthan,North,Credit Card,Same Day,2025,1,January,0.341
ORD103097,16-02-2024,CUST1113,Customer_0113,P2004,Wireless Mouse,Electronics,Accessories,3.00,899.00,2697.00,0.28,755.16,1941.84,147.58,Gurugram,Haryana,North,Credit Card,Same Day,2024,2,February,0.076
ORD104060,14-02-2025,CUST1334,Customer_0334,P2010,Dress,Clothing,Women,1.00,1999.00,1999.00,0.13,259.87,1739.13,488.70,Chennai,Tamil Nadu,South,UPI,Standard,2025,2,February,0.281
ORD104147,22-02-2024,CUST1147,Customer_0147,P2019,Sunscreen,Beauty,Skincare,2.00,699.00,1398.00,0.08,111.84,1286.16,457.87,Pune,Maharashtra,West,Credit Card,Same Day,2024,2,February,0.356
ORD104899,06-08-2025,CUST1795,Customer_0795,P2009,Kurti,Clothing,Women,1.00,1199.00,1199.00,0.23,275.77,923.23,231.73,Jaipur,Rajasthan,North,UPI,Express,2025,8,August,0.251
ORD102170,29-07-2025,CUST1430,Customer_0430,P2024,Cricket Bat,Sports,Outdoor,1.00,2499.00,2499.00,0.13,324.87,2174.13,523.97,Gurugram,Haryana,North,Net Banking,Standard,2025,7,July,0.241
ORD102896,18-07-2024,CUST1501,Customer_0501,P2004,Wireless Mouse,Electronics,Accessories,3.00,899.00,2697.00,0.23,620.31,2076.69,188.98,Pune,Maharashtra,West,Credit Card,Express,2024,7,July,0.091
ORD103216,06-01-2025,CUST1561,Customer_0561,P2005,Keyboard,Electronics,Accessories,2.00,1299.00,2598.00,0.23,597.54,2000.46,182.04,Hyderabad,Telangana,South,Debit Card,Standard,2025,1,January,0.091
ORD104051,20-07-2025,CUST1683,Customer_0683,P2002,Wireless Earbuds,Electronics,Mobiles,2.00,2999.00,5998.00,0.08,479.84,5518.16,750.47,Pune,Maharashtra,West,UPI,Same Day,2025,7,July,0.136
ORD104196,22-10-2024,CUST1721,Customer_0721,P2008,Jeans,Clothing,Men,1.00,1799.00,1799.00,0.13,233.87,1565.13,439.80,Delhi,Delhi,North,UPI,Standard,2024,10,October,0.281
ORD104717,16-03-2024,CUST1624,Customer_0624,P2020,Shampoo,Beauty,Haircare,1.00,599.00,599.00,0.08,47.92,551.08,196.18,Hyderabad,Telangana,South,Cash on Delivery,Standard,2024,3,March,0.356
ORD104781,30-01-2025,CUST1291,Customer_0291,P2002,Wireless Earbuds,Electronics,Mobiles,1.00,2999.00,2999.00,0.18,539.82,2459.18,260.67,Delhi,Delhi,North,UPI,Standard,2025,1,January,0.106
ORD101391,31-05-2025,CUST1745,Customer_0745,P2010,Dress,Clothing,Women,4.00,1999.00,7996.00,0.18,1439.28,6556.72,1744.09,Lucknow,Uttar Pradesh,North,Debit Card,Same Day,2025,5,May,0.266
ORD101732,06-04-2025,CUST1135,Customer_0135,P2003,Laptop,Electronics,Computers,2.00,59999.00,119998.00,0.03,3599.94,116398.06,17576.11,Ahmedabad,Gujarat,West,Debit Card,Same Day,2025,4,April,0.151
ORD101751,17-07-2025,CUST1622,Customer_0622,P2006,Power Bank,Electronics,Accessories,4.00,1499.00,5996.00,0.08,479.68,5516.32,750.22,Lucknow,Uttar Pradesh,North,Debit Card,Standard,2025,7,July,0.136
ORD102334,13-10-2024,CUST1643,Customer_0643,P2016,Bedsheet Set,Home & Kitchen,Home Decor,1.00,999.00,999.00,0.03,29.97,969.03,223.85,Delhi,Delhi,North,Debit Card,Express,2024,10,October,0.231
ORD102818,30-09-2025,CUST1670,Customer_0670,P2007,T-Shirt,Clothing,Men,1.00,799.00,799.00,0.03,23.97,775.03,241.03,Mumbai,Maharashtra,West,Credit Card,Standard,2025,9,September,0.311
ORD104244,27-11-2025,CUST1053,Customer_0053,P2022,Yoga Mat,Sports,Fitness,2.00,899.00,1798.00,0.03,53.94,1744.06,472.64,Jaipur,Rajasthan,North,Credit Card,Standard,2025,11,November,0.271
ORD104701,17-09-2025,CUST1463,Customer_0463,P2005,Keyboard,Electronics,Accessories,3.00,1299.00,3897.00,0.28,1091.16,2805.84,213.24,Lucknow,Uttar Pradesh,North,UPI,Standard,2025,9,September,0.076
ORD100253,01-05-2024,CUST1541,Customer_0541,P2004,Wireless Mouse,Electronics,Accessories,2.00,899.00,1798.00,0.23,413.54,1384.46,125.99,Chennai,Tamil Nadu,South,Credit Card,Standard,2024,5,May,0.091
ORD101148,11-05-2024,CUST1474,Customer_0474,P2016,Bedsheet Set,Home & Kitchen,Home Decor,1.00,999.00,999.00,0.13,129.87,869.13,174.70,Mumbai,Maharashtra,West,UPI,Standard,2024,5,May,0.201
ORD101369,09-04-2024,CUST1294,Customer_0294,P2009,Kurti,Clothing,Women,1.00,1199.00,1199.00,0.23,275.77,923.23,231.73,Bengaluru,Karnataka,South,Credit Card,Standard,2024,4,April,0.251
ORD102619,07-02-2025,CUST1706,Customer_0706,P2018,Face Wash,Beauty,Skincare,1.00,399.00,399.00,0.13,51.87,347.13,118.37,Jaipur,Rajasthan,North,UPI,Standard,2025,2,February,0.341
ORD103340,17-01-2025,CUST1792,Customer_0792,P2008,Jeans,Clothing,Men,1.00,1799.00,1799.00,0.18,323.82,1475.18,392.40,Jaipur,Rajasthan,North,Net Banking,Express,2025,1,January,0.266
ORD103354,13-12-2024,CUST1321,Customer_0321,P2017,Office Chair,Home & Kitchen,Furniture,1.00,5999.00,5999.00,0.08,479.92,5519.08,1192.12,Ahmedabad,Gujarat,West,UPI,Express,2024,12,December,0.216
ORD104154,25-07-2025,CUST1796,Customer_0796,P2021,Perfume,Beauty,Fragrance,1.00,1499.00,1499.00,0.03,44.97,1454.03,539.45,Gurugram,Haryana,North,Credit Card,Same Day,2025,7,July,0.371
ORD104413,09-01-2025,CUST1705,Customer_0705,P2004,Wireless Mouse,Electronics,Accessories,1.00,899.00,899.00,0.18,161.82,737.18,78.14,Kolkata,West Bengal,East,Credit Card,Standard,2025,1,January,0.106
ORD100031,27-05-2024,CUST1727,Customer_0727,P2011,Sneakers,Clothing,Footwear,1.00,2499.00,2499.00,0.03,74.97,2424.03,753.87,Jaipur,Rajasthan,North,Credit Card,Standard,2024,5,May,0.311
ORD100351,22-07-2024,CUST1520,Customer_0520,P2005,Keyboard,Electronics,Accessories,1.00,1299.00,1299.00,0.18,233.82,1065.18,112.91,Lucknow,Uttar Pradesh,North,Net Banking,Standard,2024,7,July,0.106
ORD101104,08-09-2025,CUST1694,Customer_0694,P2017,Office Chair,Home & Kitchen,Furniture,1.00,5999.00,5999.00,0.23,1379.77,4619.23,789.89,Kolkata,West Bengal,East,UPI,Standard,2025,9,September,0.171
ORD102929,05-06-2025,CUST1045,Customer_0045,P2009,Kurti,Clothing,Women,1.00,1199.00,1199.00,0.18,215.82,983.18,261.53,Kolkata,West Bengal,East,Debit Card,Standard,2025,6,June,0.266
ORD102956,15-02-2025,CUST1455,Customer_0455,P2004,Wireless Mouse,Electronics,Accessories,3.00,899.00,2697.00,0.23,620.31,2076.69,188.98,Hyderabad,Telangana,South,UPI,Same Day,2025,2,February,0.091
ORD103053,27-05-2025,CUST1189,Customer_0189,P2003,Laptop,Electronics,Computers,3.00,59999.00,179997.00,0.13,23399.61,156597.39,18948.28,Pune,Maharashtra,West,UPI,Express,2025,5,May,0.121
ORD100164,11-02-2024,CUST1397,Customer_0397,P2004,Wireless Mouse,Electronics,Accessories,1.00,899.00,899.00,0.13,116.87,782.13,94.64,Noida,Uttar Pradesh,North,Cash on Delivery,Standard,2024,2,February,0.121
ORD101309,16-02-2024,CUST1369,Customer_0369,P2001,Smartphone,Electronics,Mobiles,1.00,24999.00,24999.00,0.23,5749.77,19249.23,1751.68,Hyderabad,Telangana,South,UPI,Standard,2024,2,February,0.091
ORD101354,09-02-2024,CUST1146,Customer_0146,P2003,Laptop,Electronics,Computers,1.00,59999.00,59999.00,0.18,10799.82,49199.18,5215.11,Jaipur,Rajasthan,North,UPI,Standard,2024,2,February,0.106
ORD101585,20-05-2024,CUST1749,Customer_0749,P2012,Sandals,Clothing,Footwear,1.00,1299.00,1299.00,0.08,103.92,1195.08,353.74,Bengaluru,Karnataka,South,UPI,Standard,2024,5,May,0.296
ORD102003,31-12-2025,CUST1113,Customer_0113,P2005,Keyboard,Electronics,Accessories,2.00,1299.00,2598.00,0.08,207.84,2390.16,325.06,Mumbai,Maharashtra,West,Debit Card,Standard,2025,12,December,0.136
ORD102138,07-12-2024,CUST1636,Customer_0636,P2016,Bedsheet Set,Home & Kitchen,Home Decor,2.00,999.00,1998.00,0.13,259.74,1738.26,349.39,Bengaluru,Karnataka,South,UPI,Express,2024,12,December,0.201
ORD102192,30-04-2025,CUST1092,Customer_0092,P2020,Shampoo,Beauty,Haircare,1.00,599.00,599.00,0.18,107.82,491.18,160.12,Noida,Uttar Pradesh,North,Cash on Delivery,Standard,2025,4,April,0.326
ORD103542,15-06-2025,CUST1383,Customer_0383,P2012,Sandals,Clothing,Footwear,1.00,1299.00,1299.00,0.28,363.72,935.28,220.73,Gurugram,Haryana,North,Debit Card,Express,2025,6,June,0.236
ORD103649,12-04-2025,CUST1021,Customer_0021,P2004,Wireless Mouse,Electronics,Accessories,2.00,899.00,1798.00,0.18,323.64,1474.36,156.28,Gurugram,Haryana,North,Debit Card,Same Day,2025,4,April,0.106
ORD103984,01-06-2024,CUST1470,Customer_0470,P2001,Smartphone,Electronics,Mobiles,1.00,24999.00,24999.00,0.23,5749.77,19249.23,1751.68,Chennai,Tamil Nadu,South,Credit Card,Express,2024,6,June,0.091
ORD104361,12-09-2025,CUST1308,Customer_0308,P2013,Mixer Grinder,Home & Kitchen,Kitchen,3.00,3499.00,10497.00,0.08,839.76,9657.24,2085.96,Jaipur,Rajasthan,North,UPI,Express,2025,9,September,0.216
ORD104689,11-06-2025,CUST1080,Customer_0080,P2009,Kurti,Clothing,Women,1.00,1199.00,1199.00,0.18,215.82,983.18,261.53,Jaipur,Rajasthan,North,Debit Card,Standard,2025,6,June,0.266
ORD100101,23-05-2024,CUST1322,Customer_0322,P2010,Dress,Clothing,Women,1.00,1999.00,1999.00,0.13,259.87,1739.13,488.70,Jaipur,Rajasthan,North,Debit Card,Standard,2024,5,May,0.281
ORD101099,01-12-2024,CUST1633,Customer_0633,P2004,Wireless Mouse,Electronics,Accessories,1.00,899.00,899.00,0.13,116.87,782.13,94.64,Mumbai,Maharashtra,West,Credit Card,Standard,2024,12,December,0.121
ORD101219,19-09-2025,CUST1281,Customer_0281,P2013,Mixer Grinder,Home & Kitchen,Kitchen,3.00,3499.00,10497.00,0.23,2414.31,8082.69,1382.14,Hyderabad,Telangana,South,Credit Card,Standard,2025,9,September,0.171
ORD103192,22-11-2024,CUST1746,Customer_0746,P2007,T-Shirt,Clothing,Men,2.00,799.00,1598.00,0.18,287.64,1310.36,348.56,Delhi,Delhi,North,UPI,Express,2024,11,November,0.266
ORD104034,15-06-2024,CUST1089,Customer_0089,P2007,T-Shirt,Clothing,Men,1.00,799.00,799.00,0.23,183.77,615.23,154.42,Bengaluru,Karnataka,South,Credit Card,Standard,2024,6,June,0.251
ORD104629,06-02-2025,CUST1351,Customer_0351,P2002,Wireless Earbuds,Electronics,Mobiles,2.00,2999.00,5998.00,0.03,179.94,5818.06,878.53,Kolkata,West Bengal,East,Net Banking,Standard,2025,2,February,0.151
ORD100877,23-09-2025,CUST1237,Customer_0237,P2009,Kurti,Clothing,Women,1.00,1199.00,1199.00,0.23,275.77,923.23,231.73,Pune,Maharashtra,West,Credit Card,Standard,2025,9,September,0.251
ORD101343,02-11-2024,CUST1795,Customer_0795,P2023,Dumbbells,Sports,Fitness,1.00,1599.00,1599.00,0.23,367.77,1231.23,259.79,Ahmedabad,Gujarat,West,Credit Card,Express,2024,11,November,0.211
ORD102461,30-08-2025,CUST1780,Customer_0780,P2002,Wireless Earbuds,Electronics,Mobiles,2.00,2999.00,5998.00,0.18,1079.64,4918.36,521.35,Kolkata,West Bengal,East,Credit Card,Standard,2025,8,August,0.106
ORD102552,10-12-2024,CUST1442,Customer_0442,P2011,Sneakers,Clothing,Footwear,1.00,2499.00,2499.00,0.18,449.82,2049.18,545.08,Bengaluru,Karnataka,South,Credit Card,Standard,2024,12,December,0.266
ORD102778,03-06-2025,CUST1558,Customer_0558,P2006,Power Bank,Electronics,Accessories,1.00,1499.00,1499.00,0.08,119.92,1379.08,187.55,Mumbai,Maharashtra,West,UPI,Standard,2025,6,June,0.136
ORD103306,05-06-2025,CUST1141,Customer_0141,P2005,Keyboard,Electronics,Accessories,1.00,1299.00,1299.00,0.18,233.82,1065.18,112.91,Ahmedabad,Gujarat,West,Net Banking,Standard,2025,6,June,0.106
ORD103436,29-06-2025,CUST1609,Customer_0609,P2001,Smartphone,Electronics,Mobiles,5.00,24999.00,124995.00,0.18,22499.10,102495.90,10864.57,Hyderabad,Telangana,South,Credit Card,Same Day,2025,6,June,0.106
ORD103582,16-05-2025,CUST1122,Customer_0122,P2001,Smartphone,Electronics,Mobiles,3.00,24999.00,74997.00,0.08,5999.76,68997.24,9383.62,Kolkata,West Bengal,East,Credit Card,Standard,2025,5,May,0.136
ORD104101,26-12-2025,CUST1217,Customer_0217,P2002,Wireless Earbuds,Electronics,Mobiles,1.00,2999.00,2999.00,0.18,539.82,2459.18,260.67,Bengaluru,Karnataka,South,UPI,Standard,2025,12,December,0.106
ORD100366,30-07-2025,CUST1607,Customer_0607,P2001,Smartphone,Electronics,Mobiles,2.00,24999.00,49998.00,0.18,8999.64,40998.36,4345.83,Mumbai,Maharashtra,West,UPI,Standard,2025,7,July,0.106
ORD100370,02-11-2024,CUST1493,Customer_0493,P2014,Cookware Set,Home & Kitchen,Kitchen,1.00,2999.00,2999.00,0.08,239.92,2759.08,595.96,Hyderabad,Telangana,South,Credit Card,Express,2024,11,November,0.216
ORD102447,01-05-2025,CUST1292,Customer_0292,P2016,Bedsheet Set,Home & Kitchen,Home Decor,1.00,999.00,999.00,0.08,79.92,919.08,198.52,Hyderabad,Telangana,South,Debit Card,Standard,2025,5,May,0.216
ORD102935,18-01-2024,CUST1666,Customer_0666,P2022,Yoga Mat,Sports,Fitness,3.00,899.00,2697.00,0.13,350.61,2346.39,565.48,Kolkata,West Bengal,East,Credit Card,Same Day,2024,1,January,0.241
ORD103586,12-01-2025,CUST1283,Customer_0283,P2003,Laptop,Electronics,Computers,2.00,59999.00,119998.00,0.18,21599.64,98398.36,10430.23,Gurugram,Haryana,North,Net Banking,Standard,2025,1,January,0.106
ORD103661,05-12-2024,CUST1598,Customer_0598,P2005,Keyboard,Electronics,Accessories,1.00,1299.00,1299.00,0.03,38.97,1260.03,190.26,Chennai,Tamil Nadu,South,Cash on Delivery,Standard,2024,12,December,0.151
ORD103664,20-11-2025,CUST1637,Customer_0637,P2015,Table Lamp,Home & Kitchen,Home Decor,1.00,1299.00,1299.00,0.28,363.72,935.28,145.90,Lucknow,Uttar Pradesh,North,Debit Card,Express,2025,11,November,0.156
ORD103889,22-04-2024,CUST1406,Customer_0406,P2016,Bedsheet Set,Home & Kitchen,Home Decor,1.00,999.00,999.00,0.13,129.87,869.13,174.70,Bengaluru,Karnataka,South,Net Banking,Standard,2024,4,April,0.201
ORD101200,02-03-2025,CUST1721,Customer_0721,P2013,Mixer Grinder,Home & Kitchen,Kitchen,1.00,3499.00,3499.00,0.13,454.87,3044.13,611.87,Delhi,Delhi,North,Debit Card,Express,2025,3,March,0.201
ORD102491,20-08-2025,CUST1131,Customer_0131,P2024,Cricket Bat,Sports,Outdoor,1.00,2499.00,2499.00,0.13,324.87,2174.13,523.97,Noida,Uttar Pradesh,North,Credit Card,Standard,2025,8,August,0.241
ORD102601,11-11-2024,CUST1248,Customer_0248,P2005,Keyboard,Electronics,Accessories,2.00,1299.00,2598.00,0.03,77.94,2520.06,380.53,Chennai,Tamil Nadu,South,Credit Card,Same Day,2024,11,November,0.151
ORD103018,05-12-2025,CUST1433,Customer_0433,P2004,Wireless Mouse,Electronics,Accessories,1.00,899.00,899.00,0.13,116.87,782.13,94.64,Noida,Uttar Pradesh,North,Debit Card,Standard,2025,12,December,0.121
ORD103485,06-10-2025,CUST1545,Customer_0545,P2003,Laptop,Electronics,Computers,3.00,59999.00,179997.00,0.23,41399.31,138597.69,12612.39,Noida,Uttar Pradesh,North,Credit Card,Express,2025,10,October,0.091
ORD103962,28-01-2024,CUST1259,Customer_0259,P2005,Keyboard,Electronics,Accessories,1.00,1299.00,1299.00,0.13,168.87,1130.13,136.75,Lucknow,Uttar Pradesh,North,Credit Card,Standard,2024,1,January,0.121
ORD104587,03-09-2025,CUST1109,Customer_0109,P2016,Bedsheet Set,Home & Kitchen,Home Decor,3.00,999.00,2997.00,0.08,239.76,2757.24,595.56,Mumbai,Maharashtra,West,Credit Card,Standard,2025,9,September,0.216
ORD100442,30-04-2025,CUST1255,Customer_0255,P2007,T-Shirt,Clothing,Men,3.00,799.00,2397.00,0.13,311.61,2085.39,585.99,Kolkata,West Bengal,East,Net Banking,Standard,2025,4,April,0.281
ORD100472,28-09-2024,CUST1497,Customer_0497,P2003,Laptop,Electronics,Computers,3.00,59999.00,179997.00,0.23,41399.31,138597.69,12612.39,Noida,Uttar Pradesh,North,Debit Card,Standard,2024,9,September,0.091
ORD102965,02-11-2025,CUST1728,Customer_0728,P2007,T-Shirt,Clothing,Men,1.00,799.00,799.00,0.23,183.77,615.23,154.42,Noida,Uttar Pradesh,North,UPI,Standard,2025,11,November,0.251
ORD104879,15-08-2025,CUST1289,Customer_0289,P2014,Cookware Set,Home & Kitchen,Kitchen,3.00,2999.00,8997.00,0.03,269.91,8727.09,2015.96,Jaipur,Rajasthan,North,Net Banking,Express,2025,8,August,0.231
ORD101781,14-08-2025,CUST1608,Customer_0608,P2005,Keyboard,Electronics,Accessories,3.00,1299.00,3897.00,0.03,116.91,3780.09,570.79,Delhi,Delhi,North,Debit Card,Standard,2025,8,August,0.151
ORD102074,21-08-2024,CUST1690,Customer_0690,P2011,Sneakers,Clothing,Footwear,1.00,2499.00,2499.00,0.18,449.82,2049.18,545.08,Noida,Uttar Pradesh,North,UPI,Standard,2024,8,August,0.266
ORD102237,22-02-2024,CUST1554,Customer_0554,P2019,Sunscreen,Beauty,Skincare,2.00,699.00,1398.00,0.08,111.84,1286.16,457.87,Delhi,Delhi,North,Credit Card,Express,2024,2,February,0.356
ORD103339,20-08-2025,CUST1575,Customer_0575,P2001,Smartphone,Electronics,Mobiles,1.00,24999.00,24999.00,0.23,5749.77,19249.23,1751.68,Noida,Uttar Pradesh,North,Credit Card,Express,2025,8,August,0.091
ORD100083,06-05-2025,CUST1473,Customer_0473,P2001,Smartphone,Electronics,Mobiles,1.00,24999.00,24999.00,0.18,4499.82,20499.18,2172.91,Chennai,Tamil Nadu,South,Net Banking,Standard,2025,5,May,0.106
ORD101293,23-06-2024,CUST1636,Customer_0636,P2015,Table Lamp,Home & Kitchen,Home Decor,2.00,1299.00,2598.00,0.03,77.94,2520.06,582.13,Mumbai,Maharashtra,West,Credit Card,Standard,2024,6,June,0.231
ORD102951,20-06-2025,CUST1735,Customer_0735,P2014,Cookware Set,Home & Kitchen,Kitchen,2.00,2999.00,5998.00,0.18,1079.64,4918.36,914.81,Pune,Maharashtra,West,UPI,Standard,2025,6,June,0.186
ORD103806,06-10-2025,CUST1236,Customer_0236,P2015,Table Lamp,Home & Kitchen,Home Decor,4.00,1299.00,5196.00,0.08,415.68,4780.32,1032.55,Gurugram,Haryana,North,Credit Card,Standard,2025,10,October,0.216
ORD104731,26-09-2025,CUST1707,Customer_0707,P2012,Sandals,Clothing,Footwear,2.00,1299.00,2598.00,0.03,77.94,2520.06,783.74,Bengaluru,Karnataka,South,Debit Card,Express,2025,9,September,0.311
ORD100657,24-01-2025,CUST1207,Customer_0207,P2004,Wireless Mouse,Electronics,Accessories,2.00,899.00,1798.00,0.23,413.54,1384.46,125.99,Lucknow,Uttar Pradesh,North,UPI,Standard,2025,1,January,0.091
ORD102073,31-05-2024,CUST1687,Customer_0687,P2017,Office Chair,Home & Kitchen,Furniture,1.00,5999.00,5999.00,0.13,779.87,5219.13,1049.05,Bengaluru,Karnataka,South,UPI,Standard,2024,5,May,0.201
ORD102267,28-11-2025,CUST1475,Customer_0475,P2003,Laptop,Electronics,Computers,1.00,59999.00,59999.00,0.18,10799.82,49199.18,5215.11,Delhi,Delhi,North,UPI,Standard,2025,11,November,0.106
ORD100030,05-09-2024,CUST1142,Customer_0142,P2014,Cookware Set,Home & Kitchen,Kitchen,2.00,2999.00,5998.00,0.08,479.84,5518.16,1191.92,Kolkata,West Bengal,East,Net Banking,Express,2024,9,September,0.216
ORD100741,02-02-2024,CUST1173,Customer_0173,P2010,Dress,Clothing,Women,2.00,1999.00,3998.00,0.23,919.54,3078.46,772.69,Jaipur,Rajasthan,North,Debit Card,Express,2024,2,February,0.251
ORD101870,09-08-2025,CUST1372,Customer_0372,P2012,Sandals,Clothing,Footwear,2.00,1299.00,2598.00,0.23,597.54,2000.46,502.12,Hyderabad,Telangana,South,Credit Card,Standard,2025,8,August,0.251
ORD102133,18-12-2025,CUST1230,Customer_0230,P2024,Cricket Bat,Sports,Outdoor,1.00,2499.00,2499.00,0.13,324.87,2174.13,523.97,Chennai,Tamil Nadu,South,Debit Card,Same Day,2025,12,December,0.241
ORD104205,22-04-2024,CUST1271,Customer_0271,P2015,Table Lamp,Home & Kitchen,Home Decor,1.00,1299.00,1299.00,0.13,168.87,1130.13,227.16,Bengaluru,Karnataka,South,Net Banking,Standard,2024,4,April,0.201
ORD100469,14-07-2024,CUST1061,Customer_0061,P2004,Wireless Mouse,Electronics,Accessories,3.00,899.00,2697.00,0.18,485.46,2211.54,234.42,Ahmedabad,Gujarat,West,UPI,Standard,2024,7,July,0.106
ORD103371,20-01-2024,CUST1174,Customer_0174,P2024,Cricket Bat,Sports,Outdoor,1.00,2499.00,2499.00,0.13,324.87,2174.13,523.97,Hyderabad,Telangana,South,UPI,Standard,2024,1,January,0.241
ORD103596,27-03-2025,CUST1580,Customer_0580,P2008,Jeans,Clothing,Men,1.00,1799.00,1799.00,0.13,233.87,1565.13,439.80,Gurugram,Haryana,North,Net Banking,Standard,2025,3,March,0.281
ORD103808,17-11-2024,CUST1652,Customer_0652,P2016,Bedsheet Set,Home & Kitchen,Home Decor,2.00,999.00,1998.00,0.18,359.64,1638.36,304.73,Hyderabad,Telangana,South,UPI,Standard,2024,11,November,0.186
ORD103941,04-03-2025,CUST1742,Customer_0742,P2011,Sneakers,Clothing,Footwear,2.00,2499.00,4998.00,0.08,399.84,4598.16,1361.06,Jaipur,Rajasthan,North,Net Banking,Standard,2025,3,March,0.296
ORD104215,04-06-2024,CUST1741,Customer_0741,P2013,Mixer Grinder,Home & Kitchen,Kitchen,2.00,3499.00,6998.00,0.13,909.74,6088.26,1223.74,Mumbai,Maharashtra,West,UPI,Express,2024,6,June,0.201
ORD100411,26-02-2025,CUST1351,Customer_0351,P2003,Laptop,Electronics,Computers,2.00,59999.00,119998.00,0.08,9599.84,110398.16,15014.15,Noida,Uttar Pradesh,North,Credit Card,Standard,2025,2,February,0.136
ORD101054,08-12-2025,CUST1385,Customer_0385,P2007,T-Shirt,Clothing,Men,1.00,799.00,799.00,0.23,183.77,615.23,154.42,Ahmedabad,Gujarat,West,Credit Card,Express,2025,12,December,0.251
ORD101509,27-07-2024,CUST1300,Customer_0300,P2018,Face Wash,Beauty,Skincare,1.00,399.00,399.00,0.23,91.77,307.23,95.55,Delhi,Delhi,North,UPI,Express,2024,7,July,0.311
ORD101770,24-02-2025,CUST1169,Customer_0169,P2006,Power Bank,Electronics,Accessories,1.00,1499.00,1499.00,0.18,269.82,1229.18,130.29,Noida,Uttar Pradesh,North,Debit Card,Express,2025,2,February,0.106
ORD102132,28-05-2025,CUST1115,Customer_0115,P2007,T-Shirt,Clothing,Men,2.00,799.00,1598.00,0.23,367.54,1230.46,308.85,Jaipur,Rajasthan,North,Net Banking,Standard,2025,5,May,0.251
ORD102328,18-09-2025,CUST1366,Customer_0366,P2020,Shampoo,Beauty,Haircare,1.00,599.00,599.00,0.23,137.77,461.23,143.44,Pune,Maharashtra,West,Debit Card,Standard,2025,9,September,0.311
ORD104185,27-04-2025,CUST1666,Customer_0666,P2015,Table Lamp,Home & Kitchen,Home Decor,1.00,1299.00,1299.00,0.08,103.92,1195.08,258.14,Mumbai,Maharashtra,West,UPI,Same Day,2025,4,April,0.216
ORD100084,04-03-2024,CUST1601,Customer_0601,P2019,Sunscreen,Beauty,Skincare,1.00,699.00,699.00,0.08,55.92,643.08,228.94,Gurugram,Haryana,North,UPI,Standard,2024,3,March,0.356
ORD100405,23-12-2025,CUST1564,Customer_0564,P2008,Jeans,Clothing,Men,4.00,1799.00,7196.00,0.28,2014.88,5181.12,1222.74,Kolkata,West Bengal,East,Credit Card,Standard,2025,12,December,0.236
ORD101700,21-05-2024,CUST1670,Customer_0670,P2025,Football,Sports,Outdoor,1.00,999.00,999.00,0.08,79.92,919.08,235.28,Hyderabad,Telangana,South,UPI,Standard,2024,5,May,0.256
ORD102114,15-06-2025,CUST1762,Customer_0762,P2016,Bedsheet Set,Home & Kitchen,Home Decor,1.00,999.00,999.00,0.18,179.82,819.18,152.37,Delhi,Delhi,North,UPI,Standard,2025,6,June,0.186
ORD102445,31-07-2024,CUST1754,Customer_0754,P2016,Bedsheet Set,Home & Kitchen,Home Decor,3.00,999.00,2997.00,0.03,89.91,2907.09,671.54,Hyderabad,Telangana,South,Debit Card,Standard,2024,7,July,0.231
ORD103298,28-07-2025,CUST1586,Customer_0586,P2025,Football,Sports,Outdoor,5.00,999.00,4995.00,0.28,1398.60,3596.40,704.89,Delhi,Delhi,North,UPI,Express,2025,7,July,0.196
ORD104694,28-11-2024,CUST1726,Customer_0726,P2013,Mixer Grinder,Home & Kitchen,Kitchen,2.00,3499.00,6998.00,0.28,1959.44,5038.56,786.02,Ahmedabad,Gujarat,West,Net Banking,Standard,2024,11,November,0.156
ORD104891,09-11-2025,CUST1010,Customer_0010,P2001,Smartphone,Electronics,Mobiles,1.00,24999.00,24999.00,0.23,5749.77,19249.23,1751.68,Kolkata,West Bengal,East,UPI,Standard,2025,11,November,0.091
ORD100051,04-05-2025,CUST1344,Customer_0344,P2024,Cricket Bat,Sports,Outdoor,2.00,2499.00,4998.00,0.03,149.94,4848.06,1313.82,Mumbai,Maharashtra,West,Credit Card,Standard,2025,5,May,0.271
ORD100229,22-06-2025,CUST1576,Customer_0576,P2024,Cricket Bat,Sports,Outdoor,2.00,2499.00,4998.00,0.08,399.84,4598.16,1177.13,Mumbai,Maharashtra,West,UPI,Standard,2025,6,June,0.256
ORD102478,20-01-2025,CUST1372,Customer_0372,P2007,T-Shirt,Clothing,Men,2.00,799.00,1598.00,0.13,207.74,1390.26,390.66,Pune,Maharashtra,West,Debit Card,Express,2025,1,January,0.281
ORD104126,17-11-2024,CUST1189,Customer_0189,P2001,Smartphone,Electronics,Mobiles,2.00,24999.00,49998.00,0.08,3999.84,45998.16,6255.75,Lucknow,Uttar Pradesh,North,Credit Card,Standard,2024,11,November,0.136
ORD104608,26-06-2024,CUST1625,Customer_0625,P2005,Keyboard,Electronics,Accessories,2.00,1299.00,2598.00,0.13,337.74,2260.26,273.49,Ahmedabad,Gujarat,West,Debit Card,Express,2024,6,June,0.121
ORD101281,15-04-2025,CUST1079,Customer_0079,P2006,Power Bank,Electronics,Accessories,2.00,1499.00,2998.00,0.15,449.70,2548.30,293.05,Gurugram,Haryana,North,Credit Card,Standard,2025,4,April,0.115
ORD103505,29-06-2025,CUST1609,Customer_0609,P2010,Dress,Clothing,Women,1.00,1999.00,1999.00,0.10,199.90,1799.10,521.74,Kolkata,West Bengal,East,Credit Card,Express,2025,6,June,0.29
ORD104721,16-12-2024,CUST1393,Customer_0393,P2013,Mixer Grinder,Home & Kitchen,Kitchen,1.00,3499.00,3499.00,0.00,0.00,3499.00,839.76,Gurugram,Haryana,North,UPI,Standard,2024,12,December,0.24
ORD100670,13-07-2025,CUST1458,Customer_0458,P2017,Office Chair,Home & Kitchen,Furniture,1.00,5999.00,5999.00,0.20,1199.80,4799.20,863.86,Bengaluru,Karnataka,South,UPI,Express,2025,7,July,0.18
ORD100821,28-12-2024,CUST1201,Customer_0201,P2020,Shampoo,Beauty,Haircare,3.00,599.00,1797.00,0.05,89.85,1707.15,623.11,Ahmedabad,Gujarat,West,UPI,Standard,2024,12,December,0.365
ORD100867,23-11-2025,CUST1486,Customer_0486,P2006,Power Bank,Electronics,Accessories,1.00,1499.00,1499.00,0.15,224.85,1274.15,146.53,Gurugram,Haryana,North,Debit Card,Standard,2025,11,November,0.115
ORD100970,28-11-2025,CUST1796,Customer_0796,P2006,Power Bank,Electronics,Accessories,2.00,1499.00,2998.00,0.05,149.90,2848.10,412.97,Kolkata,West Bengal,East,UPI,Standard,2025,11,November,0.145
ORD101182,20-10-2025,CUST1105,Customer_0105,P2018,Face Wash,Beauty,Skincare,2.00,399.00,798.00,0.25,199.50,598.50,182.54,Chennai,Tamil Nadu,South,Net Banking,Same Day,2025,10,October,0.305
ORD102463,10-12-2025,CUST1439,Customer_0439,P2011,Sneakers,Clothing,Footwear,2.00,2499.00,4998.00,0.15,749.70,4248.30,1168.28,Chennai,Tamil Nadu,South,Credit Card,Express,2025,12,December,0.275
ORD100857,27-09-2024,CUST1373,Customer_0373,P2006,Power Bank,Electronics,Accessories,2.00,1499.00,2998.00,0.30,899.40,2098.60,146.90,Jaipur,Rajasthan,North,Credit Card,Standard,2024,9,September,0.07
ORD102357,16-09-2025,CUST1346,Customer_0346,P2022,Yoga Mat,Sports,Fitness,1.00,899.00,899.00,0.00,0.00,899.00,251.72,Mumbai,Maharashtra,West,UPI,Express,2025,9,September,0.28
ORD102508,10-05-2025,CUST1027,Customer_0027,P2004,Wireless Mouse,Electronics,Accessories,1.00,899.00,899.00,0.10,89.90,809.10,105.18,Bengaluru,Karnataka,South,UPI,Standard,2025,5,May,0.13
ORD102700,15-07-2024,CUST1486,Customer_0486,P2019,Sunscreen,Beauty,Skincare,3.00,699.00,2097.00,0.20,419.40,1677.60,536.83,Jaipur,Rajasthan,North,Credit Card,Express,2024,7,July,0.32
ORD103796,09-09-2024,CUST1160,Customer_0160,P2015,Table Lamp,Home & Kitchen,Home Decor,1.00,1299.00,1299.00,0.00,0.00,1299.00,311.76,Pune,Maharashtra,West,Credit Card,Standard,2024,9,September,0.24
ORD104063,12-10-2024,CUST1513,Customer_0513,P2025,Football,Sports,Outdoor,4.00,999.00,3996.00,0.15,599.40,3396.60,798.20,Ahmedabad,Gujarat,West,UPI,Standard,2024,10,October,0.235
ORD104585,25-07-2025,CUST1669,Customer_0669,P2002,Wireless Earbuds,Electronics,Mobiles,2.00,2999.00,5998.00,0.15,899.70,5098.30,586.30,Lucknow,Uttar Pradesh,North,Debit Card,Standard,2025,7,July,0.115
ORD104966,01-11-2024,CUST1152,Customer_0152,P2018,Face Wash,Beauty,Skincare,2.00,399.00,798.00,0.10,79.80,718.20,251.37,Bengaluru,Karnataka,South,UPI,Same Day,2024,11,November,0.35
ORD100095,18-08-2024,CUST1037,Customer_0037,P2017,Office Chair,Home & Kitchen,Furniture,2.00,5999.00,11998.00,0.15,1799.70,10198.30,1988.67,Kolkata,West Bengal,East,Credit Card,Standard,2024,8,August,0.195
ORD103031,31-10-2024,CUST1492,Customer_0492,P2023,Dumbbells,Sports,Fitness,2.00,1599.00,3198.00,0.00,0.00,3198.00,895.44,Jaipur,Rajasthan,North,UPI,Same Day,2024,10,October,0.28
ORD103153,22-10-2024,CUST1741,Customer_0741,P2009,Kurti,Clothing,Women,1.00,1199.00,1199.00,0.00,0.00,1199.00,383.68,Bengaluru,Karnataka,South,Debit Card,Standard,2024,10,October,0.32
ORD104036,22-12-2025,CUST1212,Customer_0212,P2009,Kurti,Clothing,Women,3.00,1199.00,3597.00,0.30,1079.10,2517.90,579.12,Mumbai,Maharashtra,West,Debit Card,Express,2025,12,December,0.23
ORD100235,31-07-2024,CUST1618,Customer_0618,P2005,Keyboard,Electronics,Accessories,2.00,1299.00,2598.00,0.25,649.50,1948.50,165.62,Noida,Uttar Pradesh,North,UPI,Express,2024,7,July,0.085
ORD100261,07-12-2025,CUST1799,Customer_0799,P2007,T-Shirt,Clothing,Men,2.00,799.00,1598.00,0.15,239.70,1358.30,373.53,Mumbai,Maharashtra,West,Net Banking,Standard,2025,12,December,0.275
ORD100345,22-12-2025,CUST1313,Customer_0313,P2015,Table Lamp,Home & Kitchen,Home Decor,1.00,1299.00,1299.00,0.20,259.80,1039.20,187.06,Chennai,Tamil Nadu,South,Credit Card,Express,2025,12,December,0.18
ORD100833,15-05-2025,CUST1136,Customer_0136,P2019,Sunscreen,Beauty,Skincare,1.00,699.00,699.00,0.20,139.80,559.20,178.94,Pune,Maharashtra,West,UPI,Same Day,2025,5,May,0.32
ORD101677,20-11-2024,CUST1223,Customer_0223,P2007,T-Shirt,Clothing,Men,3.00,799.00,2397.00,0.00,0.00,2397.00,767.04,Lucknow,Uttar Pradesh,North,UPI,Standard,2024,11,November,0.32
ORD102253,06-05-2025,CUST1295,Customer_0295,P2010,Dress,Clothing,Women,3.00,1999.00,5997.00,0.10,599.70,5397.30,1565.22,Mumbai,Maharashtra,West,Debit Card,Standard,2025,5,May,0.29
ORD102410,23-12-2024,CUST1204,Customer_0204,P2002,Wireless Earbuds,Electronics,Mobiles,2.00,2999.00,5998.00,0.15,899.70,5098.30,586.30,Pune,Maharashtra,West,Credit Card,Express,2024,12,December,0.115
ORD104096,27-07-2025,CUST1422,Customer_0422,P2016,Bedsheet Set,Home & Kitchen,Home Decor,1.00,999.00,999.00,0.15,149.85,849.15,165.58,Delhi,Delhi,North,Debit Card,Standard,2025,7,July,0.195
ORD104294,07-10-2024,CUST1523,Customer_0523,P2023,Dumbbells,Sports,Fitness,1.00,1599.00,1599.00,0.00,0.00,1599.00,447.72,Gurugram,Haryana,North,UPI,Same Day,2024,10,October,0.28
ORD100614,21-10-2024,CUST1585,Customer_0585,P2012,Sandals,Clothing,Footwear,1.00,1299.00,1299.00,0.10,129.90,1169.10,339.04,Kolkata,West Bengal,East,UPI,Same Day,2024,10,October,0.29
ORD100850,04-05-2024,CUST1390,Customer_0390,P2012,Sandals,Clothing,Footwear,2.00,1299.00,2598.00,0.15,389.70,2208.30,607.28,Mumbai,Maharashtra,West,Debit Card,Standard,2024,5,May,0.275
ORD101559,10-08-2025,CUST1095,Customer_0095,P2004,Wireless Mouse,Electronics,Accessories,1.00,899.00,899.00,0.10,89.90,809.10,105.18,Kolkata,West Bengal,East,UPI,Standard,2025,8,August,0.13
ORD101631,23-11-2025,CUST1100,Customer_0100,P2021,Perfume,Beauty,Fragrance,3.00,1499.00,4497.00,0.05,224.85,4272.15,1559.33,Ahmedabad,Gujarat,West,Credit Card,Same Day,2025,11,November,0.365
ORD101864,10-07-2025,CUST1751,Customer_0751,P2008,Jeans,Clothing,Men,2.00,1799.00,3598.00,0.25,899.50,2698.50,661.13,Delhi,Delhi,North,Debit Card,Standard,2025,7,July,0.245
ORD101990,23-01-2025,CUST1744,Customer_0744,P2001,Smartphone,Electronics,Mobiles,1.00,24999.00,24999.00,0.10,2499.90,22499.10,2924.88,Lucknow,Uttar Pradesh,North,Credit Card,Standard,2025,1,January,0.13
ORD103338,08-02-2025,CUST1279,Customer_0279,P2002,Wireless Earbuds,Electronics,Mobiles,1.00,2999.00,2999.00,0.05,149.95,2849.05,413.11,Delhi,Delhi,North,UPI,Standard,2025,2,February,0.145
ORD102389,19-12-2024,CUST1331,Customer_0331,P2024,Cricket Bat,Sports,Outdoor,1.00,2499.00,2499.00,0.00,0.00,2499.00,699.72,Mumbai,Maharashtra,West,Debit Card,Standard,2024,12,December,0.28
ORD103963,29-05-2024,CUST1028,Customer_0028,P2006,Power Bank,Electronics,Accessories,1.00,1499.00,1499.00,0.15,224.85,1274.15,146.53,Hyderabad,Telangana,South,UPI,Standard,2024,5,May,0.115
ORD104315,24-10-2024,CUST1330,Customer_0330,P2007,T-Shirt,Clothing,Men,1.00,799.00,799.00,0.00,0.00,799.00,255.68,Delhi,Delhi,North,Net Banking,Express,2024,10,October,0.32
ORD104579,13-02-2024,CUST1621,Customer_0621,P2013,Mixer Grinder,Home & Kitchen,Kitchen,4.00,3499.00,13996.00,0.30,4198.80,9797.20,1469.58,Lucknow,Uttar Pradesh,North,Credit Card,Same Day,2024,2,February,0.15
ORD100281,21-10-2024,CUST1488,Customer_0488,P2023,Dumbbells,Sports,Fitness,2.00,1599.00,3198.00,0.10,319.80,2878.20,719.55,Ahmedabad,Gujarat,West,Credit Card,Standard,2024,10,October,0.25
ORD100348,21-03-2024,CUST1298,Customer_0298,P2006,Power Bank,Electronics,Accessories,1.00,1499.00,1499.00,0.20,299.80,1199.20,119.92,Ahmedabad,Gujarat,West,UPI,Standard,2024,3,March,0.1
ORD100818,20-12-2024,CUST1076,Customer_0076,P2022,Yoga Mat,Sports,Fitness,2.00,899.00,1798.00,0.15,269.70,1528.30,359.15,Pune,Maharashtra,West,UPI,Same Day,2024,12,December,0.235
ORD101539,28-03-2025,CUST1686,Customer_0686,P2006,Power Bank,Electronics,Accessories,1.00,1499.00,1499.00,0.05,74.95,1424.05,206.49,Gurugram,Haryana,North,UPI,Standard,2025,3,March,0.145
ORD102598,02-11-2025,CUST1747,Customer_0747,P2016,Bedsheet Set,Home & Kitchen,Home Decor,3.00,999.00,2997.00,0.05,149.85,2847.15,640.61,Noida,Uttar Pradesh,North,Cash on Delivery,Express,2025,11,November,0.225
ORD104048,19-09-2024,CUST1518,Customer_0518,P2022,Yoga Mat,Sports,Fitness,3.00,899.00,2697.00,0.05,134.85,2562.15,678.97,Bengaluru,Karnataka,South,Credit Card,Standard,2024,9,September,0.265
ORD100554,05-05-2025,CUST1122,Customer_0122,P2016,Bedsheet Set,Home & Kitchen,Home Decor,2.00,999.00,1998.00,0.20,399.60,1598.40,287.71,Delhi,Delhi,North,Cash on Delivery,Express,2025,5,May,0.18
ORD100740,07-08-2024,CUST1418,Customer_0418,P2010,Dress,Clothing,Women,1.00,1999.00,1999.00,0.25,499.75,1499.25,367.32,Delhi,Delhi,North,UPI,Express,2024,8,August,0.245
ORD101145,25-07-2024,CUST1030,Customer_0030,P2009,Kurti,Clothing,Women,2.00,1199.00,2398.00,0.00,0.00,2398.00,767.36,Ahmedabad,Gujarat,West,Credit Card,Standard,2024,7,July,0.32
ORD101174,05-07-2025,CUST1185,Customer_0185,P2022,Yoga Mat,Sports,Fitness,1.00,899.00,899.00,0.20,179.80,719.20,158.22,Kolkata,West Bengal,East,UPI,Express,2025,7,July,0.22
ORD102665,04-10-2024,CUST1226,Customer_0226,P2007,T-Shirt,Clothing,Men,2.00,799.00,1598.00,0.20,319.60,1278.40,332.38,Delhi,Delhi,North,Cash on Delivery,Standard,2024,10,October,0.26
ORD103041,29-07-2025,CUST1540,Customer_0540,P2012,Sandals,Clothing,Footwear,1.00,1299.00,1299.00,0.20,259.80,1039.20,270.19,Kolkata,West Bengal,East,Credit Card,Standard,2025,7,July,0.26
ORD103410,13-12-2025,CUST1775,Customer_0775,P2002,Wireless Earbuds,Electronics,Mobiles,1.00,2999.00,2999.00,0.05,149.95,2849.05,413.11,Gurugram,Haryana,North,Debit Card,Standard,2025,12,December,0.145
ORD100204,05-10-2024,CUST1517,Customer_0517,P2010,Dress,Clothing,Women,2.00,1999.00,3998.00,0.15,599.70,3398.30,934.53,Pune,Maharashtra,West,UPI,Standard,2024,10,October,0.275
ORD100331,20-05-2024,CUST1018,Customer_0018,P2004,Wireless Mouse,Electronics,Accessories,1.00,899.00,899.00,0.15,134.85,764.15,87.88,Kolkata,West Bengal,East,UPI,Same Day,2024,5,May,0.115
ORD100431,21-04-2024,CUST1681,Customer_0681,P2020,Shampoo,Beauty,Haircare,3.00,599.00,1797.00,0.10,179.70,1617.30,566.05,Ahmedabad,Gujarat,West,Credit Card,Standard,2024,4,April,0.35
ORD101530,22-09-2025,CUST1473,Customer_0473,P2015,Table Lamp,Home & Kitchen,Home Decor,1.00,1299.00,1299.00,0.10,129.90,1169.10,245.51,Jaipur,Rajasthan,North,Credit Card,Express,2025,9,September,0.21
ORD104649,23-08-2025,CUST1547,Customer_0547,P2016,Bedsheet Set,Home & Kitchen,Home Decor,1.00,999.00,999.00,0.15,149.85,849.15,165.58,Noida,Uttar Pradesh,North,Cash on Delivery,Express,2025,8,August,0.195
ORD100549,02-09-2024,CUST1610,Customer_0610,P2015,Table Lamp,Home & Kitchen,Home Decor,1.00,1299.00,1299.00,0.25,324.75,974.25,160.75,Noida,Uttar Pradesh,North,Credit Card,Standard,2024,9,September,0.165
ORD102881,05-09-2024,CUST1091,Customer_0091,P2003,Laptop,Electronics,Computers,3.00,59999.00,179997.00,0.10,17999.70,161997.30,21059.65,Ahmedabad,Gujarat,West,Debit Card,Standard,2024,9,September,0.13
ORD103489,21-02-2024,CUST1569,Customer_0569,P2015,Table Lamp,Home & Kitchen,Home Decor,1.00,1299.00,1299.00,0.20,259.80,1039.20,187.06,Pune,Maharashtra,West,Debit Card,Standard,2024,2,February,0.18
ORD104508,16-11-2025,CUST1340,Customer_0340,P2002,Wireless Earbuds,Electronics,Mobiles,4.00,2999.00,11996.00,0.05,599.80,11396.20,1652.45,Pune,Maharashtra,West,Debit Card,Standard,2025,11,November,0.145
ORD104568,27-06-2025,CUST1358,Customer_0358,P2014,Cookware Set,Home & Kitchen,Kitchen,2.00,2999.00,5998.00,0.15,899.70,5098.30,994.17,Pune,Maharashtra,West,Net Banking,Same Day,2025,6,June,0.195
ORD100126,19-08-2024,CUST1638,Customer_0638,P2003,Laptop,Electronics,Computers,2.00,59999.00,119998.00,0.10,11999.80,107998.20,14039.77,Jaipur,Rajasthan,North,Net Banking,Express,2024,8,August,0.13
ORD100288,15-10-2025,CUST1562,Customer_0562,P2007,T-Shirt,Clothing,Men,2.00,799.00,1598.00,0.05,79.90,1518.10,463.02,Mumbai,Maharashtra,West,UPI,Express,2025,10,October,0.305
ORD100477,26-08-2024,CUST1087,Customer_0087,P2015,Table Lamp,Home & Kitchen,Home Decor,2.00,1299.00,2598.00,0.05,129.90,2468.10,555.32,Kolkata,West Bengal,East,UPI,Express,2024,8,August,0.225
ORD101114,23-02-2024,CUST1041,Customer_0041,P2019,Sunscreen,Beauty,Skincare,1.00,699.00,699.00,0.10,69.90,629.10,220.18,Chennai,Tamil Nadu,South,UPI,Standard,2024,2,February,0.35
ORD102193,12-04-2024,CUST1725,Customer_0725,P2008,Jeans,Clothing,Men,5.00,1799.00,8995.00,0.25,2248.75,6746.25,1652.83,Delhi,Delhi,North,UPI,Standard,2024,4,April,0.245
ORD103937,27-02-2025,CUST1279,Customer_0279,P2023,Dumbbells,Sports,Fitness,1.00,1599.00,1599.00,0.15,239.85,1359.15,319.40,Jaipur,Rajasthan,North,Net Banking,Standard,2025,2,February,0.235
ORD104845,04-12-2024,CUST1630,Customer_0630,P2006,Power Bank,Electronics,Accessories,2.00,1499.00,2998.00,0.30,899.40,2098.60,146.90,Ahmedabad,Gujarat,West,Credit Card,Standard,2024,12,December,0.07
ORD101599,28-04-2025,CUST1502,Customer_0502,P2017,Office Chair,Home & Kitchen,Furniture,1.00,5999.00,5999.00,0.05,299.95,5699.05,1282.29,Chennai,Tamil Nadu,South,Credit Card,Standard,2025,4,April,0.225
ORD102399,12-04-2024,CUST1499,Customer_0499,P2009,Kurti,Clothing,Women,2.00,1199.00,2398.00,0.10,239.80,2158.20,625.88,Pune,Maharashtra,West,Credit Card,Standard,2024,4,April,0.29
ORD103723,28-11-2025,CUST1405,Customer_0405,P2024,Cricket Bat,Sports,Outdoor,1.00,2499.00,2499.00,0.20,499.80,1999.20,439.82,Noida,Uttar Pradesh,North,Debit Card,Standard,2025,11,November,0.22
ORD104117,20-05-2024,CUST1360,Customer_0360,P2016,Bedsheet Set,Home & Kitchen,Home Decor,1.00,999.00,999.00,0.15,149.85,849.15,165.58,Noida,Uttar Pradesh,North,UPI,Standard,2024,5,May,0.195
ORD104504,06-01-2024,CUST1460,Customer_0460,P2025,Football,Sports,Outdoor,1.00,999.00,999.00,0.00,0.00,999.00,279.72,Ahmedabad,Gujarat,West,Cash on Delivery,Standard,2024,1,January,0.28
ORD100651,17-07-2025,CUST1051,Customer_0051,P2015,Table Lamp,Home & Kitchen,Home Decor,1.00,1299.00,1299.00,0.15,194.85,1104.15,215.31,Noida,Uttar Pradesh,North,Debit Card,Express,2025,7,July,0.195
ORD101430,10-06-2024,CUST1622,Customer_0622,P2007,T-Shirt,Clothing,Men,1.00,799.00,799.00,0.20,159.80,639.20,166.19,Hyderabad,Telangana,South,UPI,Standard,2024,6,June,0.26
ORD103330,20-02-2025,CUST1283,Customer_0283,P2014,Cookware Set,Home & Kitchen,Kitchen,3.00,2999.00,8997.00,0.15,1349.55,7647.45,1491.25,Kolkata,West Bengal,East,Cash on Delivery,Standard,2025,2,February,0.195
ORD104603,30-10-2025,CUST1265,Customer_0265,P2002,Wireless Earbuds,Electronics,Mobiles,1.00,2999.00,2999.00,0.15,449.85,2549.15,293.15,Chennai,Tamil Nadu,South,Debit Card,Standard,2025,10,October,0.115
ORD100837,02-05-2025,CUST1726,Customer_0726,P2006,Power Bank,Electronics,Accessories,2.00,1499.00,2998.00,0.25,749.50,2248.50,191.12,Pune,Maharashtra,West,Credit Card,Standard,2025,5,May,0.085
ORD101053,03-05-2025,CUST1401,Customer_0401,P2014,Cookware Set,Home & Kitchen,Kitchen,1.00,2999.00,2999.00,0.05,149.95,2849.05,641.04,Pune,Maharashtra,West,UPI,Standard,2025,5,May,0.225
ORD101453,28-10-2025,CUST1646,Customer_0646,P2018,Face Wash,Beauty,Skincare,2.00,399.00,798.00,0.05,39.90,758.10,276.71,Kolkata,West Bengal,East,Cash on Delivery,Standard,2025,10,October,0.365
ORD102773,23-07-2024,CUST1046,Customer_0046,P2002,Wireless Earbuds,Electronics,Mobiles,1.00,2999.00,2999.00,0.05,149.95,2849.05,413.11,Jaipur,Rajasthan,North,Credit Card,Standard,2024,7,July,0.145
ORD102883,21-10-2024,CUST1769,Customer_0769,P2002,Wireless Earbuds,Electronics,Mobiles,1.00,2999.00,2999.00,0.15,449.85,2549.15,293.15,Lucknow,Uttar Pradesh,North,Net Banking,Express,2024,10,October,0.115
ORD102913,24-11-2024,CUST1417,Customer_0417,P2002,Wireless Earbuds,Electronics,Mobiles,2.00,2999.00,5998.00,0.25,1499.50,4498.50,382.37,Noida,Uttar Pradesh,North,Debit Card,Standard,2024,11,November,0.085
ORD103209,19-10-2024,CUST1212,Customer_0212,P2004,Wireless Mouse,Electronics,Accessories,5.00,899.00,4495.00,0.20,899.00,3596.00,359.60,Noida,Uttar Pradesh,North,Cash on Delivery,Express,2024,10,October,0.1
ORD103366,23-10-2025,CUST1359,Customer_0359,P2004,Wireless Mouse,Electronics,Accessories,2.00,899.00,1798.00,0.25,449.50,1348.50,114.62,Kolkata,West Bengal,East,Net Banking,Express,2025,10,October,0.085
ORD103927,01-03-2024,CUST1063,Customer_0063,P2013,Mixer Grinder,Home & Kitchen,Kitchen,1.00,3499.00,3499.00,0.20,699.80,2799.20,503.86,Bengaluru,Karnataka,South,Debit Card,Standard,2024,3,March,0.18
ORD104927,01-04-2024,CUST1002,Customer_0002,P2011,Sneakers,Clothing,Footwear,3.00,2499.00,7497.00,0.15,1124.55,6372.45,1752.42,Chennai,Tamil Nadu,South,UPI,Standard,2024,4,April,0.275
ORD100379,29-10-2025,CUST1068,Customer_0068,P2008,Jeans,Clothing,Men,5.00,1799.00,8995.00,0.15,1349.25,7645.75,2102.58,Bengaluru,Karnataka,South,Credit Card,Standard,2025,10,October,0.275
ORD100640,10-08-2025,CUST1259,Customer_0259,P2001,Smartphone,Electronics,Mobiles,4.00,24999.00,99996.00,0.05,4999.80,94996.20,13774.45,Chennai,Tamil Nadu,South,Debit Card,Standard,2025,8,August,0.145
ORD101592,25-08-2024,CUST1773,Customer_0773,P2009,Kurti,Clothing,Women,1.00,1199.00,1199.00,0.00,0.00,1199.00,383.68,Chennai,Tamil Nadu,South,UPI,Standard,2024,8,August,0.32
ORD102125,01-07-2025,CUST1780,Customer_0780,P2012,Sandals,Clothing,Footwear,3.00,1299.00,3897.00,0.05,194.85,3702.15,1129.16,Jaipur,Rajasthan,North,Credit Card,Express,2025,7,July,0.305
ORD102776,08-02-2024,CUST1666,Customer_0666,P2017,Office Chair,Home & Kitchen,Furniture,2.00,5999.00,11998.00,0.10,1199.80,10798.20,2267.62,Chennai,Tamil Nadu,South,Credit Card,Standard,2024,2,February,0.21
ORD103077,28-06-2024,CUST1667,Customer_0667,P2001,Smartphone,Electronics,Mobiles,1.00,24999.00,24999.00,0.20,4999.80,19999.20,1999.92,Jaipur,Rajasthan,North,Net Banking,Standard,2024,6,June,0.1
ORD103091,03-03-2025,CUST1028,Customer_0028,P2007,T-Shirt,Clothing,Men,1.00,799.00,799.00,0.30,239.70,559.30,128.64,Mumbai,Maharashtra,West,Debit Card,Standard,2025,3,March,0.23
ORD104385,29-06-2024,CUST1195,Customer_0195,P2009,Kurti,Clothing,Women,2.00,1199.00,2398.00,0.10,239.80,2158.20,625.88,Pune,Maharashtra,West,Cash on Delivery,Standard,2024,6,June,0.29
ORD104684,07-02-2024,CUST1652,Customer_0652,P2019,Sunscreen,Beauty,Skincare,2.00,699.00,1398.00,0.15,209.70,1188.30,398.08,Ahmedabad,Gujarat,West,Cash on Delivery,Express,2024,2,February,0.335
ORD104995,10-02-2025,CUST1588,Customer_0588,P2024,Cricket Bat,Sports,Outdoor,1.00,2499.00,2499.00,0.15,374.85,2124.15,499.18,Noida,Uttar Pradesh,North,Credit Card,Express,2025,2,February,0.235
ORD100339,22-05-2025,CUST1675,Customer_0675,P2010,Dress,Clothing,Women,2.00,1999.00,3998.00,0.15,599.70,3398.30,934.53,Lucknow,Uttar Pradesh,North,Net Banking,Standard,2025,5,May,0.275
ORD101331,09-07-2024,CUST1748,Customer_0748,P2012,Sandals,Clothing,Footwear,2.00,1299.00,2598.00,0.20,519.60,2078.40,540.38,Kolkata,West Bengal,East,Net Banking,Standard,2024,7,July,0.26
ORD101620,23-10-2024,CUST1763,Customer_0763,P2002,Wireless Earbuds,Electronics,Mobiles,1.00,2999.00,2999.00,0.20,599.80,2399.20,239.92,Lucknow,Uttar Pradesh,North,Credit Card,Standard,2024,10,October,0.1
ORD102292,08-02-2024,CUST1519,Customer_0519,P2014,Cookware Set,Home & Kitchen,Kitchen,5.00,2999.00,14995.00,0.15,2249.25,12745.75,2485.42,Lucknow,Uttar Pradesh,North,Debit Card,Standard,2024,2,February,0.195
ORD103344,10-01-2024,CUST1604,Customer_0604,P2023,Dumbbells,Sports,Fitness,4.00,1599.00,6396.00,0.15,959.40,5436.60,1277.60,Kolkata,West Bengal,East,Credit Card,Express,2024,1,January,0.235
ORD103777,01-11-2024,CUST1407,Customer_0407,P2004,Wireless Mouse,Electronics,Accessories,1.00,899.00,899.00,0.05,44.95,854.05,123.84,Pune,Maharashtra,West,Net Banking,Standard,2024,11,November,0.145
ORD103863,04-08-2025,CUST1297,Customer_0297,P2003,Laptop,Electronics,Computers,1.00,59999.00,59999.00,0.10,5999.90,53999.10,7019.88,Mumbai,Maharashtra,West,Credit Card,Standard,2025,8,August,0.13
ORD104648,09-09-2025,CUST1030,Customer_0030,P2010,Dress,Clothing,Women,1.00,1999.00,1999.00,0.00,0.00,1999.00,639.68,Mumbai,Maharashtra,West,UPI,Standard,2025,9,September,0.32
ORD100632,19-04-2024,CUST1085,Customer_0085,P2021,Perfume,Beauty,Fragrance,1.00,1499.00,1499.00,0.05,74.95,1424.05,519.78,Bengaluru,Karnataka,South,UPI,Standard,2024,4,April,0.365
ORD101297,09-12-2024,CUST1781,Customer_0781,P2014,Cookware Set,Home & Kitchen,Kitchen,2.00,2999.00,5998.00,0.00,0.00,5998.00,1439.52,Lucknow,Uttar Pradesh,North,Credit Card,Standard,2024,12,December,0.24
ORD103333,18-10-2024,CUST1762,Customer_0762,P2025,Football,Sports,Outdoor,4.00,999.00,3996.00,0.10,399.60,3596.40,899.10,Hyderabad,Telangana,South,Net Banking,Standard,2024,10,October,0.25
ORD103778,10-04-2025,CUST1202,Customer_0202,P2007,T-Shirt,Clothing,Men,2.00,799.00,1598.00,0.05,79.90,1518.10,463.02,Pune,Maharashtra,West,UPI,Standard,2025,4,April,0.305
ORD103828,18-10-2025,CUST1169,Customer_0169,P2006,Power Bank,Electronics,Accessories,1.00,1499.00,1499.00,0.15,224.85,1274.15,146.53,Lucknow,Uttar Pradesh,North,Debit Card,Standard,2025,10,October,0.115
ORD104278,10-07-2025,CUST1507,Customer_0507,P2022,Yoga Mat,Sports,Fitness,3.00,899.00,2697.00,0.00,0.00,2697.00,755.16,Hyderabad,Telangana,South,Credit Card,Standard,2025,7,July,0.28
ORD100417,20-06-2025,CUST1610,Customer_0610,P2021,Perfume,Beauty,Fragrance,2.00,1499.00,2998.00,0.10,299.80,2698.20,944.37,Chennai,Tamil Nadu,South,UPI,Standard,2025,6,June,0.35
ORD101373,20-05-2025,CUST1184,Customer_0184,P2006,Power Bank,Electronics,Accessories,1.00,1499.00,1499.00,0.15,224.85,1274.15,146.53,Kolkata,West Bengal,East,Credit Card,Standard,2025,5,May,0.115
ORD102486,17-05-2024,CUST1546,Customer_0546,P2008,Jeans,Clothing,Men,2.00,1799.00,3598.00,0.05,179.90,3418.10,1042.52,Delhi,Delhi,North,UPI,Express,2024,5,May,0.305
ORD102758,31-05-2025,CUST1566,Customer_0566,P2005,Keyboard,Electronics,Accessories,2.00,1299.00,2598.00,0.05,129.90,2468.10,357.87,Hyderabad,Telangana,South,Credit Card,Standard,2025,5,May,0.145
ORD104124,24-04-2025,CUST1014,Customer_0014,P2009,Kurti,Clothing,Women,2.00,1199.00,2398.00,0.10,239.80,2158.20,625.88,Lucknow,Uttar Pradesh,North,Debit Card,Same Day,2025,4,April,0.29
ORD104682,06-10-2024,CUST1338,Customer_0338,P2005,Keyboard,Electronics,Accessories,2.00,1299.00,2598.00,0.10,259.80,2338.20,303.97,Noida,Uttar Pradesh,North,Net Banking,Standard,2024,10,October,0.13
ORD100495,16-07-2024,CUST1401,Customer_0401,P2011,Sneakers,Clothing,Footwear,5.00,2499.00,12495.00,0.30,3748.50,8746.50,2011.70,Kolkata,West Bengal,East,Credit Card,Express,2024,7,July,0.23
ORD102353,25-04-2024,CUST1397,Customer_0397,P2012,Sandals,Clothing,Footwear,2.00,1299.00,2598.00,0.10,259.80,2338.20,678.08,Ahmedabad,Gujarat,West,Net Banking,Standard,2024,4,April,0.29
ORD102382,04-12-2024,CUST1696,Customer_0696,P2007,T-Shirt,Clothing,Men,1.00,799.00,799.00,0.15,119.85,679.15,186.77,Ahmedabad,Gujarat,West,Debit Card,Express,2024,12,December,0.275
ORD102621,15-06-2024,CUST1296,Customer_0296,P2023,Dumbbells,Sports,Fitness,1.00,1599.00,1599.00,0.05,79.95,1519.05,402.55,Lucknow,Uttar Pradesh,North,Credit Card,Standard,2024,6,June,0.265
ORD102960,14-04-2025,CUST1561,Customer_0561,P2001,Smartphone,Electronics,Mobiles,1.00,24999.00,24999.00,0.05,1249.95,23749.05,3443.61,Hyderabad,Telangana,South,UPI,Standard,2025,4,April,0.145
ORD103934,25-10-2025,CUST1076,Customer_0076,P2010,Dress,Clothing,Women,1.00,1999.00,1999.00,0.00,0.00,1999.00,639.68,Jaipur,Rajasthan,North,Net Banking,Standard,2025,10,October,0.32
ORD104628,20-09-2024,CUST1620,Customer_0620,P2010,Dress,Clothing,Women,1.00,1999.00,1999.00,0.10,199.90,1799.10,521.74,Kolkata,West Bengal,East,Debit Card,Standard,2024,9,September,0.29
ORD101644,09-07-2024,CUST1661,Customer_0661,P2006,Power Bank,Electronics,Accessories,1.00,1499.00,1499.00,0.15,224.85,1274.15,146.53,Lucknow,Uttar Pradesh,North,UPI,Standard,2024,7,July,0.115
ORD101848,15-01-2024,CUST1433,Customer_0433,P2004,Wireless Mouse,Electronics,Accessories,1.00,899.00,899.00,0.15,134.85,764.15,87.88,Gurugram,Haryana,North,Net Banking,Standard,2024,1,January,0.115
ORD102366,11-12-2024,CUST1227,Customer_0227,P2016,Bedsheet Set,Home & Kitchen,Home Decor,5.00,999.00,4995.00,0.05,249.75,4745.25,1067.68,Hyderabad,Telangana,South,Cash on Delivery,Standard,2024,12,December,0.225
ORD103641,29-10-2024,CUST1269,Customer_0269,P2021,Perfume,Beauty,Fragrance,2.00,1499.00,2998.00,0.05,149.90,2848.10,1039.56,Jaipur,Rajasthan,North,Debit Card,Standard,2024,10,October,0.365
ORD103975,04-08-2025,CUST1676,Customer_0676,P2008,Jeans,Clothing,Men,1.00,1799.00,1799.00,0.10,179.90,1619.10,469.54,Hyderabad,Telangana,South,Credit Card,Standard,2025,8,August,0.29
ORD104241,21-11-2025,CUST1208,Customer_0208,P2009,Kurti,Clothing,Women,1.00,1199.00,1199.00,0.10,119.90,1079.10,312.94,Bengaluru,Karnataka,South,UPI,Standard,2025,11,November,0.29
ORD104974,16-07-2024,CUST1740,Customer_0740,P2014,Cookware Set,Home & Kitchen,Kitchen,1.00,2999.00,2999.00,0.15,449.85,2549.15,497.08,Hyderabad,Telangana,South,Credit Card,Standard,2024,7,July,0.195
ORD100551,28-06-2024,CUST1502,Customer_0502,P2007,T-Shirt,Clothing,Men,4.00,799.00,3196.00,0.15,479.40,2716.60,747.06,Noida,Uttar Pradesh,North,Debit Card,Express,2024,6,June,0.275
ORD102147,17-09-2025,CUST1252,Customer_0252,P2025,Football,Sports,Outdoor,1.00,999.00,999.00,0.20,199.80,799.20,175.82,Kolkata,West Bengal,East,Net Banking,Standard,2025,9,September,0.22
ORD102955,16-10-2025,CUST1298,Customer_0298,P2023,Dumbbells,Sports,Fitness,1.00,1599.00,1599.00,0.10,159.90,1439.10,359.78,Delhi,Delhi,North,UPI,Standard,2025,10,October,0.25
ORD103035,19-02-2025,CUST1049,Customer_0049,P2019,Sunscreen,Beauty,Skincare,2.00,699.00,1398.00,0.00,0.00,1398.00,531.24,Delhi,Delhi,North,Credit Card,Standard,2025,2,February,0.38
ORD103145,13-03-2025,CUST1494,Customer_0494,P2022,Yoga Mat,Sports,Fitness,1.00,899.00,899.00,0.10,89.90,809.10,202.28,Delhi,Delhi,North,Credit Card,Express,2025,3,March,0.25
ORD104046,11-06-2025,CUST1648,Customer_0648,P2008,Jeans,Clothing,Men,1.00,1799.00,1799.00,0.05,89.95,1709.05,521.26,Ahmedabad,Gujarat,West,UPI,Same Day,2025,6,June,0.305
ORD101852,01-12-2024,CUST1753,Customer_0753,P2008,Jeans,Clothing,Men,1.00,1799.00,1799.00,0.05,89.95,1709.05,521.26,Chennai,Tamil Nadu,South,UPI,Express,2024,12,December,0.305
ORD103060,29-03-2024,CUST1605,Customer_0605,P2015,Table Lamp,Home & Kitchen,Home Decor,2.00,1299.00,2598.00,0.20,519.60,2078.40,374.11,Delhi,Delhi,North,UPI,Standard,2024,3,March,0.18
ORD100002,14-02-2025,CUST1196,Customer_0196,P2015,Table Lamp,Home & Kitchen,Home Decor,1.00,1299.00,1299.00,0.15,194.85,1104.15,215.31,Kolkata,West Bengal,East,Debit Card,Standard,2025,2,February,0.195
ORD101899,16-11-2025,CUST1576,Customer_0576,P2001,Smartphone,Electronics,Mobiles,4.00,24999.00,99996.00,0.05,4999.80,94996.20,13774.45,Gurugram,Haryana,North,Credit Card,Standard,2025,11,November,0.145
ORD102338,07-04-2024,CUST1602,Customer_0602,P2023,Dumbbells,Sports,Fitness,2.00,1599.00,3198.00,0.15,479.70,2718.30,638.80,Hyderabad,Telangana,South,Credit Card,Standard,2024,4,April,0.235
ORD102706,08-07-2024,CUST1149,Customer_0149,P2020,Shampoo,Beauty,Haircare,1.00,599.00,599.00,0.00,0.00,599.00,227.62,Kolkata,West Bengal,East,Net Banking,Standard,2024,7,July,0.38
ORD103235,23-05-2024,CUST1650,Customer_0650,P2023,Dumbbells,Sports,Fitness,1.00,1599.00,1599.00,0.15,239.85,1359.15,319.40,Hyderabad,Telangana,South,Debit Card,Express,2024,5,May,0.235
ORD103373,03-05-2025,CUST1296,Customer_0296,P2025,Football,Sports,Outdoor,1.00,999.00,999.00,0.05,49.95,949.05,251.50,Bengaluru,Karnataka,South,Cash on Delivery,Express,2025,5,May,0.265
ORD103730,27-11-2024,CUST1767,Customer_0767,P2013,Mixer Grinder,Home & Kitchen,Kitchen,1.00,3499.00,3499.00,0.10,349.90,3149.10,661.31,Ahmedabad,Gujarat,West,Credit Card,Express,2024,11,November,0.21
ORD103754,11-09-2024,CUST1592,Customer_0592,P2003,Laptop,Electronics,Computers,1.00,59999.00,59999.00,0.10,5999.90,53999.10,7019.88,Bengaluru,Karnataka,South,Credit Card,Standard,2024,9,September,0.13
ORD103888,07-01-2024,CUST1698,Customer_0698,P2001,Smartphone,Electronics,Mobiles,1.00,24999.00,24999.00,0.15,3749.85,21249.15,2443.65,Mumbai,Maharashtra,West,UPI,Standard,2024,1,January,0.115
ORD104157,24-09-2024,CUST1352,Customer_0352,P2009,Kurti,Clothing,Women,4.00,1199.00,4796.00,0.10,479.60,4316.40,1251.76,Lucknow,Uttar Pradesh,North,Credit Card,Express,2024,9,September,0.29
ORD104433,27-01-2025,CUST1304,Customer_0304,P2004,Wireless Mouse,Electronics,Accessories,1.00,899.00,899.00,0.00,0.00,899.00,143.84,Bengaluru,Karnataka,South,Credit Card,Standard,2025,1,January,0.16
ORD100059,29-08-2024,CUST1514,Customer_0514,P2007,T-Shirt,Clothing,Men,1.00,799.00,799.00,0.20,159.80,639.20,166.19,Ahmedabad,Gujarat,West,UPI,Same Day,2024,8,August,0.26
ORD100966,02-04-2025,CUST1042,Customer_0042,P2009,Kurti,Clothing,Women,1.00,1199.00,1199.00,0.05,59.95,1139.05,347.41,Pune,Maharashtra,West,UPI,Express,2025,4,April,0.305
ORD101236,30-09-2024,CUST1570,Customer_0570,P2005,Keyboard,Electronics,Accessories,2.00,1299.00,2598.00,0.10,259.80,2338.20,303.97,Kolkata,West Bengal,East,Debit Card,Standard,2024,9,September,0.13
ORD101458,03-12-2024,CUST1713,Customer_0713,P2023,Dumbbells,Sports,Fitness,1.00,1599.00,1599.00,0.00,0.00,1599.00,447.72,Gurugram,Haryana,North,Net Banking,Standard,2024,12,December,0.28
ORD101555,05-11-2024,CUST1492,Customer_0492,P2019,Sunscreen,Beauty,Skincare,1.00,699.00,699.00,0.05,34.95,664.05,242.38,Bengaluru,Karnataka,South,Credit Card,Standard,2024,11,November,0.365
ORD101671,19-08-2025,CUST1515,Customer_0515,P2022,Yoga Mat,Sports,Fitness,5.00,899.00,4495.00,0.10,449.50,4045.50,1011.38,Chennai,Tamil Nadu,South,UPI,Express,2025,8,August,0.25
ORD101960,09-08-2025,CUST1560,Customer_0560,P2012,Sandals,Clothing,Footwear,2.00,1299.00,2598.00,0.05,129.90,2468.10,752.77,Kolkata,West Bengal,East,UPI,Standard,2025,8,August,0.305
ORD103892,12-01-2024,CUST1477,Customer_0477,P2010,Dress,Clothing,Women,2.00,1999.00,3998.00,0.00,0.00,3998.00,1279.36,Jaipur,Rajasthan,North,UPI,Standard,2024,1,January,0.32
ORD104112,24-09-2024,CUST1049,Customer_0049,P2009,Kurti,Clothing,Women,1.00,1199.00,1199.00,0.20,239.80,959.20,249.39,Pune,Maharashtra,West,UPI,Standard,2024,9,September,0.26
ORD104318,31-10-2025,CUST1240,Customer_0240,P2020,Shampoo,Beauty,Haircare,1.00,599.00,599.00,0.00,0.00,599.00,227.62,Bengaluru,Karnataka,South,Credit Card,Standard,2025,10,October,0.38
ORD104650,03-01-2025,CUST1336,Customer_0336,P2006,Power Bank,Electronics,Accessories,2.00,1499.00,2998.00,0.10,299.80,2698.20,350.77,Bengaluru,Karnataka,South,Credit Card,Standard,2025,1,January,0.13
ORD101855,10-12-2025,CUST1340,Customer_0340,P2009,Kurti,Clothing,Women,1.00,1199.00,1199.00,0.05,59.95,1139.05,347.41,Mumbai,Maharashtra,West,Cash on Delivery,Standard,2025,12,December,0.305
ORD102325,29-08-2024,CUST1083,Customer_0083,P2004,Wireless Mouse,Electronics,Accessories,1.00,899.00,899.00,0.25,224.75,674.25,57.31,Delhi,Delhi,North,Debit Card,Standard,2024,8,August,0.085
ORD102680,04-03-2024,CUST1756,Customer_0756,P2013,Mixer Grinder,Home & Kitchen,Kitchen,1.00,3499.00,3499.00,0.00,0.00,3499.00,839.76,Jaipur,Rajasthan,North,Credit Card,Express,2024,3,March,0.24
ORD102714,14-11-2025,CUST1528,Customer_0528,P2015,Table Lamp,Home & Kitchen,Home Decor,2.00,1299.00,2598.00,0.05,129.90,2468.10,555.32,Delhi,Delhi,North,UPI,Express,2025,11,November,0.225
ORD102815,01-05-2024,CUST1167,Customer_0167,P2011,Sneakers,Clothing,Footwear,1.00,2499.00,2499.00,0.10,249.90,2249.10,652.24,Jaipur,Rajasthan,North,UPI,Express,2024,5,May,0.29
ORD103737,21-04-2025,CUST1614,Customer_0614,P2010,Dress,Clothing,Women,3.00,1999.00,5997.00,0.10,599.70,5397.30,1565.22,Chennai,Tamil Nadu,South,UPI,Standard,2025,4,April,0.29
ORD104437,10-11-2024,CUST1506,Customer_0506,P2001,Smartphone,Electronics,Mobiles,3.00,24999.00,74997.00,0.00,0.00,74997.00,11999.52,Pune,Maharashtra,West,UPI,Standard,2024,11,November,0.16
ORD100134,12-06-2024,CUST1041,Customer_0041,P2011,Sneakers,Clothing,Footwear,3.00,2499.00,7497.00,0.30,2249.10,5247.90,1207.02,Ahmedabad,Gujarat,West,UPI,Standard,2024,6,June,0.23
ORD100425,19-02-2025,CUST1125,Customer_0125,P2009,Kurti,Clothing,Women,2.00,1199.00,2398.00,0.00,0.00,2398.00,767.36,Delhi,Delhi,North,UPI,Standard,2025,2,February,0.32
ORD101081,03-12-2025,CUST1164,Customer_0164,P2025,Football,Sports,Outdoor,2.00,999.00,1998.00,0.10,199.80,1798.20,449.55,Bengaluru,Karnataka,South,UPI,Standard,2025,12,December,0.25
ORD101926,29-05-2025,CUST1041,Customer_0041,P2015,Table Lamp,Home & Kitchen,Home Decor,1.00,1299.00,1299.00,0.00,0.00,1299.00,311.76,Ahmedabad,Gujarat,West,Credit Card,Standard,2025,5,May,0.24
ORD100251,21-12-2025,CUST1067,Customer_0067,P2021,Perfume,Beauty,Fragrance,2.00,1499.00,2998.00,0.20,599.60,2398.40,767.49,Chennai,Tamil Nadu,South,Net Banking,Standard,2025,12,December,0.32
ORD100894,14-11-2024,CUST1498,Customer_0498,P2019,Sunscreen,Beauty,Skincare,2.00,699.00,1398.00,0.25,349.50,1048.50,319.79,Bengaluru,Karnataka,South,Cash on Delivery,Standard,2024,11,November,0.305
ORD101745,07-12-2025,CUST1111,Customer_0111,P2019,Sunscreen,Beauty,Skincare,1.00,699.00,699.00,0.30,209.70,489.30,141.90,Bengaluru,Karnataka,South,Debit Card,Standard,2025,12,December,0.29
ORD101885,30-04-2024,CUST1775,Customer_0775,P2019,Sunscreen,Beauty,Skincare,1.00,699.00,699.00,0.10,69.90,629.10,220.18,Ahmedabad,Gujarat,West,Credit Card,Standard,2024,4,April,0.35
ORD102489,16-10-2025,CUST1786,Customer_0786,P2015,Table Lamp,Home & Kitchen,Home Decor,1.00,1299.00,1299.00,0.20,259.80,1039.20,187.06,Pune,Maharashtra,West,Cash on Delivery,Express,2025,10,October,0.18
ORD104590,29-10-2024,CUST1359,Customer_0359,P2025,Football,Sports,Outdoor,1.00,999.00,999.00,0.05,49.95,949.05,251.50,Lucknow,Uttar Pradesh,North,Credit Card,Standard,2024,10,October,0.265
ORD100206,11-01-2025,CUST1193,Customer_0193,P2004,Wireless Mouse,Electronics,Accessories,1.00,899.00,899.00,0.20,179.80,719.20,71.92,Delhi,Delhi,North,Credit Card,Standard,2025,1,January,0.1
ORD101641,21-09-2025,CUST1591,Customer_0591,P2024,Cricket Bat,Sports,Outdoor,3.00,2499.00,7497.00,0.10,749.70,6747.30,1686.82,Lucknow,Uttar Pradesh,North,Credit Card,Standard,2025,9,September,0.25
ORD101915,14-08-2024,CUST1584,Customer_0584,P2011,Sneakers,Clothing,Footwear,2.00,2499.00,4998.00,0.30,1499.40,3498.60,804.68,Kolkata,West Bengal,East,Credit Card,Express,2024,8,August,0.23
ORD102411,12-08-2024,CUST1492,Customer_0492,P2012,Sandals,Clothing,Footwear,1.00,1299.00,1299.00,0.25,324.75,974.25,238.69,Lucknow,Uttar Pradesh,North,UPI,Standard,2024,8,August,0.245
ORD102840,16-05-2024,CUST1025,Customer_0025,P2005,Keyboard,Electronics,Accessories,2.00,1299.00,2598.00,0.00,0.00,2598.00,415.68,Hyderabad,Telangana,South,Net Banking,Express,2024,5,May,0.16
ORD103557,04-05-2025,CUST1018,Customer_0018,P2017,Office Chair,Home & Kitchen,Furniture,1.00,5999.00,5999.00,0.15,899.85,5099.15,994.33,Lucknow,Uttar Pradesh,North,Credit Card,Standard,2025,5,May,0.195
ORD104416,05-06-2024,CUST1414,Customer_0414,P2011,Sneakers,Clothing,Footwear,1.00,2499.00,2499.00,0.15,374.85,2124.15,584.14,Jaipur,Rajasthan,North,UPI,Standard,2024,6,June,0.275
ORD101568,10-04-2025,CUST1462,Customer_0462,P2019,Sunscreen,Beauty,Skincare,1.00,699.00,699.00,0.10,69.90,629.10,220.18,Pune,Maharashtra,West,Debit Card,Standard,2025,4,April,0.35
ORD102128,12-09-2025,CUST1476,Customer_0476,P2011,Sneakers,Clothing,Footwear,1.00,2499.00,2499.00,0.05,124.95,2374.05,724.09,Noida,Uttar Pradesh,North,Credit Card,Express,2025,9,September,0.305
ORD102222,17-01-2025,CUST1274,Customer_0274,P2002,Wireless Earbuds,Electronics,Mobiles,1.00,2999.00,2999.00,0.25,749.75,2249.25,191.19,Mumbai,Maharashtra,West,Credit Card,Standard,2025,1,January,0.085
ORD100157,01-03-2025,CUST1398,Customer_0398,P2013,Mixer Grinder,Home & Kitchen,Kitchen,3.00,3499.00,10497.00,0.20,2099.40,8397.60,1511.57,Lucknow,Uttar Pradesh,North,UPI,Standard,2025,3,March,0.18
ORD100182,19-12-2025,CUST1185,Customer_0185,P2004,Wireless Mouse,Electronics,Accessories,1.00,899.00,899.00,0.10,89.90,809.10,105.18,Hyderabad,Telangana,South,UPI,Standard,2025,12,December,0.13
ORD101733,16-07-2025,CUST1450,Customer_0450,P2023,Dumbbells,Sports,Fitness,2.00,1599.00,3198.00,0.10,319.80,2878.20,719.55,Pune,Maharashtra,West,Credit Card,Same Day,2025,7,July,0.25
ORD101735,27-04-2025,CUST1527,Customer_0527,P2003,Laptop,Electronics,Computers,1.00,59999.00,59999.00,0.15,8999.85,50999.15,5864.90,Chennai,Tamil Nadu,South,Cash on Delivery,Standard,2025,4,April,0.115
ORD101865,04-07-2025,CUST1545,Customer_0545,P2007,T-Shirt,Clothing,Men,2.00,799.00,1598.00,0.00,0.00,1598.00,511.36,Mumbai,Maharashtra,West,Credit Card,Standard,2025,7,July,0.32
ORD101933,11-11-2025,CUST1277,Customer_0277,P2001,Smartphone,Electronics,Mobiles,2.00,24999.00,49998.00,0.25,12499.50,37498.50,3187.37,Mumbai,Maharashtra,West,Credit Card,Standard,2025,11,November,0.085
ORD103593,11-08-2024,CUST1601,Customer_0601,P2022,Yoga Mat,Sports,Fitness,3.00,899.00,2697.00,0.30,809.10,1887.90,358.70,Delhi,Delhi,North,Credit Card,Express,2024,8,August,0.19
ORD104347,10-09-2024,CUST1365,Customer_0365,P2014,Cookware Set,Home & Kitchen,Kitchen,2.00,2999.00,5998.00,0.15,899.70,5098.30,994.17,Ahmedabad,Gujarat,West,Net Banking,Standard,2024,9,September,0.195
ORD104399,27-11-2025,CUST1466,Customer_0466,P2020,Shampoo,Beauty,Haircare,1.00,599.00,599.00,0.15,89.85,509.15,170.57,Kolkata,West Bengal,East,Net Banking,Express,2025,11,November,0.335
ORD104832,02-09-2025,CUST1233,Customer_0233,P2020,Shampoo,Beauty,Haircare,1.00,599.00,599.00,0.05,29.95,569.05,207.70,Bengaluru,Karnataka,South,UPI,Same Day,2025,9,September,0.365
ORD101371,24-03-2024,CUST1661,Customer_0661,P2010,Dress,Clothing,Women,2.00,1999.00,3998.00,0.15,599.70,3398.30,934.53,Chennai,Tamil Nadu,South,Credit Card,Same Day,2024,3,March,0.275
ORD101388,22-06-2025,CUST1154,Customer_0154,P2017,Office Chair,Home & Kitchen,Furniture,1.00,5999.00,5999.00,0.05,299.95,5699.05,1282.29,Hyderabad,Telangana,South,Net Banking,Standard,2025,6,June,0.225
ORD101503,02-04-2025,CUST1605,Customer_0605,P2023,Dumbbells,Sports,Fitness,1.00,1599.00,1599.00,0.15,239.85,1359.15,319.40,Delhi,Delhi,North,UPI,Express,2025,4,April,0.235
ORD103458,24-06-2025,CUST1710,Customer_0710,P2005,Keyboard,Electronics,Accessories,2.00,1299.00,2598.00,0.00,0.00,2598.00,415.68,Hyderabad,Telangana,South,UPI,Express,2025,6,June,0.16
ORD103494,21-12-2025,CUST1333,Customer_0333,P2005,Keyboard,Electronics,Accessories,2.00,1299.00,2598.00,0.25,649.50,1948.50,165.62,Jaipur,Rajasthan,North,UPI,Same Day,2025,12,December,0.085
ORD104087,05-01-2025,CUST1445,Customer_0445,P2010,Dress,Clothing,Women,3.00,1999.00,5997.00,0.25,1499.25,4497.75,1101.95,Hyderabad,Telangana,South,Credit Card,Standard,2025,1,January,0.245
ORD104445,20-03-2024,CUST1260,Customer_0260,P2015,Table Lamp,Home & Kitchen,Home Decor,2.00,1299.00,2598.00,0.15,389.70,2208.30,430.62,Gurugram,Haryana,North,Credit Card,Same Day,2024,3,March,0.195
ORD104681,31-07-2025,CUST1466,Customer_0466,P2013,Mixer Grinder,Home & Kitchen,Kitchen,1.00,3499.00,3499.00,0.25,874.75,2624.25,433.00,Chennai,Tamil Nadu,South,Net Banking,Standard,2025,7,July,0.165
ORD104862,24-04-2024,CUST1115,Customer_0115,P2014,Cookware Set,Home & Kitchen,Kitchen,2.00,2999.00,5998.00,0.05,299.90,5698.10,1282.07,Gurugram,Haryana,North,Credit Card,Standard,2024,4,April,0.225
ORD104863,04-03-2024,CUST1306,Customer_0306,P2022,Yoga Mat,Sports,Fitness,1.00,899.00,899.00,0.00,0.00,899.00,251.72,Hyderabad,Telangana,South,Net Banking,Standard,2024,3,March,0.28
ORD100375,14-07-2025,CUST1564,Customer_0564,P2025,Football,Sports,Outdoor,1.00,999.00,999.00,0.15,149.85,849.15,199.55,Jaipur,Rajasthan,North,UPI,Standard,2025,7,July,0.235
ORD100943,01-06-2025,CUST1016,Customer_0016,P2023,Dumbbells,Sports,Fitness,1.00,1599.00,1599.00,0.05,79.95,1519.05,402.55,Noida,Uttar Pradesh,North,Debit Card,Standard,2025,6,June,0.265
ORD101141,26-07-2024,CUST1752,Customer_0752,P2007,T-Shirt,Clothing,Men,2.00,799.00,1598.00,0.25,399.50,1198.50,293.63,Hyderabad,Telangana,South,Net Banking,Same Day,2024,7,July,0.245
ORD101516,09-08-2025,CUST1737,Customer_0737,P2020,Shampoo,Beauty,Haircare,1.00,599.00,599.00,0.10,59.90,539.10,188.68,Noida,Uttar Pradesh,North,Credit Card,Standard,2025,8,August,0.35
ORD101737,03-07-2025,CUST1153,Customer_0153,P2004,Wireless Mouse,Electronics,Accessories,1.00,899.00,899.00,0.05,44.95,854.05,123.84,Jaipur,Rajasthan,North,Credit Card,Standard,2025,7,July,0.145
ORD103884,02-06-2024,CUST1098,Customer_0098,P2020,Shampoo,Beauty,Haircare,2.00,599.00,1198.00,0.00,0.00,1198.00,455.24,Ahmedabad,Gujarat,West,UPI,Standard,2024,6,June,0.38
ORD104774,17-06-2024,CUST1630,Customer_0630,P2017,Office Chair,Home & Kitchen,Furniture,2.00,5999.00,11998.00,0.15,1799.70,10198.30,1988.67,Chennai,Tamil Nadu,South,UPI,Same Day,2024,6,June,0.195
ORD100540,01-12-2024,CUST1386,Customer_0386,P2011,Sneakers,Clothing,Footwear,1.00,2499.00,2499.00,0.15,374.85,2124.15,584.14,Mumbai,Maharashtra,West,Debit Card,Express,2024,12,December,0.275
ORD100616,16-06-2025,CUST1060,Customer_0060,P2012,Sandals,Clothing,Footwear,1.00,1299.00,1299.00,0.10,129.90,1169.10,339.04,Mumbai,Maharashtra,West,UPI,Standard,2025,6,June,0.29
ORD100882,28-03-2025,CUST1368,Customer_0368,P2007,T-Shirt,Clothing,Men,1.00,799.00,799.00,0.25,199.75,599.25,146.82,Chennai,Tamil Nadu,South,UPI,Standard,2025,3,March,0.245
ORD101156,29-04-2024,CUST1779,Customer_0779,P2015,Table Lamp,Home & Kitchen,Home Decor,5.00,1299.00,6495.00,0.20,1299.00,5196.00,935.28,Noida,Uttar Pradesh,North,Debit Card,Express,2024,4,April,0.18
ORD101218,27-11-2025,CUST1494,Customer_0494,P2014,Cookware Set,Home & Kitchen,Kitchen,3.00,2999.00,8997.00,0.15,1349.55,7647.45,1491.25,Chennai,Tamil Nadu,South,UPI,Express,2025,11,November,0.195
ORD101340,29-07-2024,CUST1776,Customer_0776,P2002,Wireless Earbuds,Electronics,Mobiles,2.00,2999.00,5998.00,0.10,599.80,5398.20,701.77,Pune,Maharashtra,West,Debit Card,Express,2024,7,July,0.13
ORD101643,20-08-2025,CUST1793,Customer_0793,P2005,Keyboard,Electronics,Accessories,2.00,1299.00,2598.00,0.10,259.80,2338.20,303.97,Bengaluru,Karnataka,South,Debit Card,Standard,2025,8,August,0.13
ORD100091,15-05-2025,CUST1754,Customer_0754,P2016,Bedsheet Set,Home & Kitchen,Home Decor,1.00,999.00,999.00,0.15,149.85,849.15,165.58,Kolkata,West Bengal,East,Net Banking,Standard,2025,5,May,0.195
ORD100399,03-04-2024,CUST1477,Customer_0477,P2005,Keyboard,Electronics,Accessories,1.00,1299.00,1299.00,0.15,194.85,1104.15,126.98,Noida,Uttar Pradesh,North,UPI,Express,2024,4,April,0.115
ORD100503,06-06-2025,CUST1649,Customer_0649,P2017,Office Chair,Home & Kitchen,Furniture,1.00,5999.00,5999.00,0.05,299.95,5699.05,1282.29,Delhi,Delhi,North,UPI,Standard,2025,6,June,0.225
ORD100893,01-04-2025,CUST1334,Customer_0334,P2020,Shampoo,Beauty,Haircare,1.00,599.00,599.00,0.05,29.95,569.05,207.70,Hyderabad,Telangana,South,UPI,Same Day,2025,4,April,0.365
ORD100919,26-02-2024,CUST1351,Customer_0351,P2012,Sandals,Clothing,Footwear,1.00,1299.00,1299.00,0.20,259.80,1039.20,270.19,Bengaluru,Karnataka,South,Cash on Delivery,Standard,2024,2,February,0.26
ORD102891,09-04-2025,CUST1743,Customer_0743,P2022,Yoga Mat,Sports,Fitness,1.00,899.00,899.00,0.00,0.00,899.00,251.72,Jaipur,Rajasthan,North,Net Banking,Express,2025,4,April,0.28
ORD103794,15-05-2024,CUST1640,Customer_0640,P2001,Smartphone,Electronics,Mobiles,2.00,24999.00,49998.00,0.10,4999.80,44998.20,5849.77,Hyderabad,Telangana,South,Debit Card,Standard,2024,5,May,0.13
ORD103804,09-06-2025,CUST1455,Customer_0455,P2008,Jeans,Clothing,Men,5.00,1799.00,8995.00,0.05,449.75,8545.25,2606.30,Pune,Maharashtra,West,Credit Card,Standard,2025,6,June,0.305
ORD104357,01-03-2025,CUST1084,Customer_0084,P2016,Bedsheet Set,Home & Kitchen,Home Decor,2.00,999.00,1998.00,0.05,99.90,1898.10,427.07,Chennai,Tamil Nadu,South,UPI,Express,2025,3,March,0.225
ORD104914,12-04-2025,CUST1118,Customer_0118,P2016,Bedsheet Set,Home & Kitchen,Home Decor,1.00,999.00,999.00,0.05,49.95,949.05,213.54,Mumbai,Maharashtra,West,Credit Card,Express,2025,4,April,0.225
ORD100553,31-07-2025,CUST1439,Customer_0439,P2019,Sunscreen,Beauty,Skincare,2.00,699.00,1398.00,0.30,419.40,978.60,283.79,Jaipur,Rajasthan,North,Debit Card,Standard,2025,7,July,0.29
ORD100836,29-02-2024,CUST1603,Customer_0603,P2025,Football,Sports,Outdoor,1.00,999.00,999.00,0.15,149.85,849.15,199.55,Hyderabad,Telangana,South,Net Banking,Standard,2024,2,February,0.235
ORD102378,26-07-2025,CUST1503,Customer_0503,P2002,Wireless Earbuds,Electronics,Mobiles,1.00,2999.00,2999.00,0.05,149.95,2849.05,413.11,Ahmedabad,Gujarat,West,UPI,Standard,2025,7,July,0.145
ORD102466,18-04-2025,CUST1441,Customer_0441,P2012,Sandals,Clothing,Footwear,5.00,1299.00,6495.00,0.10,649.50,5845.50,1695.20,Hyderabad,Telangana,South,Cash on Delivery,Express,2025,4,April,0.29
ORD102675,19-11-2025,CUST1647,Customer_0647,P2006,Power Bank,Electronics,Accessories,1.00,1499.00,1499.00,0.30,449.70,1049.30,73.45,Gurugram,Haryana,North,UPI,Express,2025,11,November,0.07
ORD103603,11-11-2024,CUST1442,Customer_0442,P2013,Mixer Grinder,Home & Kitchen,Kitchen,2.00,3499.00,6998.00,0.15,1049.70,5948.30,1159.92,Gurugram,Haryana,North,Debit Card,Express,2024,11,November,0.195
ORD104103,23-01-2024,CUST1060,Customer_0060,P2009,Kurti,Clothing,Women,3.00,1199.00,3597.00,0.25,899.25,2697.75,660.95,Gurugram,Haryana,North,Cash on Delivery,Express,2024,1,January,0.245
ORD104120,09-02-2025,CUST1735,Customer_0735,P2021,Perfume,Beauty,Fragrance,1.00,1499.00,1499.00,0.15,224.85,1274.15,426.84,Chennai,Tamil Nadu,South,Debit Card,Standard,2025,2,February,0.335
ORD100293,17-09-2024,CUST1308,Customer_0308,P2018,Face Wash,Beauty,Skincare,3.00,399.00,1197.00,0.20,239.40,957.60,306.43,Delhi,Delhi,North,Credit Card,Standard,2024,9,September,0.32
ORD101245,04-01-2024,CUST1179,Customer_0179,P2021,Perfume,Beauty,Fragrance,1.00,1499.00,1499.00,0.10,149.90,1349.10,472.18,Delhi,Delhi,North,Credit Card,Express,2024,1,January,0.35
ORD101895,11-08-2024,CUST1752,Customer_0752,P2012,Sandals,Clothing,Footwear,2.00,1299.00,2598.00,0.10,259.80,2338.20,678.08,Delhi,Delhi,North,Debit Card,Standard,2024,8,August,0.29
ORD102623,15-08-2025,CUST1794,Customer_0794,P2014,Cookware Set,Home & Kitchen,Kitchen,1.00,2999.00,2999.00,0.20,599.80,2399.20,431.86,Delhi,Delhi,North,UPI,Standard,2025,8,August,0.18
ORD104133,15-03-2024,CUST1410,Customer_0410,P2004,Wireless Mouse,Electronics,Accessories,1.00,899.00,899.00,0.10,89.90,809.10,105.18,Lucknow,Uttar Pradesh,North,UPI,Standard,2024,3,March,0.13
ORD101386,16-02-2024,CUST1789,Customer_0789,P2006,Power Bank,Electronics,Accessories,1.00,1499.00,1499.00,0.05,74.95,1424.05,206.49,Mumbai,Maharashtra,West,Cash on Delivery,Standard,2024,2,February,0.145
ORD101775,09-03-2025,CUST1740,Customer_0740,P2006,Power Bank,Electronics,Accessories,2.00,1499.00,2998.00,0.00,0.00,2998.00,479.68,Mumbai,Maharashtra,West,Net Banking,Standard,2025,3,March,0.16
ORD103980,18-12-2024,CUST1433,Customer_0433,P2019,Sunscreen,Beauty,Skincare,1.00,699.00,699.00,0.15,104.85,594.15,199.04,Gurugram,Haryana,North,UPI,Standard,2024,12,December,0.335
ORD104664,18-12-2025,CUST1318,Customer_0318,P2001,Smartphone,Electronics,Mobiles,2.00,24999.00,49998.00,0.05,2499.90,47498.10,6887.22,Hyderabad,Telangana,South,Credit Card,Standard,2025,12,December,0.145
ORD100958,06-03-2024,CUST1299,Customer_0299,P2010,Dress,Clothing,Women,3.00,1999.00,5997.00,0.05,299.85,5697.15,1737.63,Hyderabad,Telangana,South,Net Banking,Standard,2024,3,March,0.305
ORD101460,08-07-2025,CUST1443,Customer_0443,P2013,Mixer Grinder,Home & Kitchen,Kitchen,2.00,3499.00,6998.00,0.00,0.00,6998.00,1679.52,Gurugram,Haryana,North,Credit Card,Express,2025,7,July,0.24
ORD102123,02-03-2024,CUST1172,Customer_0172,P2002,Wireless Earbuds,Electronics,Mobiles,1.00,2999.00,2999.00,0.15,449.85,2549.15,293.15,Gurugram,Haryana,North,UPI,Standard,2024,3,March,0.115
ORD104481,11-03-2024,CUST1374,Customer_0374,P2006,Power Bank,Electronics,Accessories,1.00,1499.00,1499.00,0.20,299.80,1199.20,119.92,Noida,Uttar Pradesh,North,UPI,Standard,2024,3,March,0.1
ORD104555,28-04-2025,CUST1472,Customer_0472,P2012,Sandals,Clothing,Footwear,3.00,1299.00,3897.00,0.05,194.85,3702.15,1129.16,Gurugram,Haryana,North,Credit Card,Standard,2025,4,April,0.305
ORD100299,02-02-2024,CUST1642,Customer_0642,P2009,Kurti,Clothing,Women,1.00,1199.00,1199.00,0.15,179.85,1019.15,280.27,Lucknow,Uttar Pradesh,North,Debit Card,Standard,2024,2,February,0.275
ORD100777,20-10-2024,CUST1277,Customer_0277,P2009,Kurti,Clothing,Women,2.00,1199.00,2398.00,0.05,119.90,2278.10,694.82,Ahmedabad,Gujarat,West,Credit Card,Standard,2024,10,October,0.305
ORD102081,22-02-2025,CUST1579,Customer_0579,P2009,Kurti,Clothing,Women,1.00,1199.00,1199.00,0.10,119.90,1079.10,312.94,Jaipur,Rajasthan,North,UPI,Express,2025,2,February,0.29
ORD102140,03-07-2024,CUST1637,Customer_0637,P2009,Kurti,Clothing,Women,1.00,1199.00,1199.00,0.00,0.00,1199.00,383.68,Mumbai,Maharashtra,West,UPI,Express,2024,7,July,0.32
ORD102208,18-05-2024,CUST1087,Customer_0087,P2009,Kurti,Clothing,Women,5.00,1199.00,5995.00,0.10,599.50,5395.50,1564.70,Mumbai,Maharashtra,West,UPI,Express,2024,5,May,0.29
ORD103676,18-10-2025,CUST1637,Customer_0637,P2023,Dumbbells,Sports,Fitness,2.00,1599.00,3198.00,0.15,479.70,2718.30,638.80,Mumbai,Maharashtra,West,Debit Card,Standard,2025,10,October,0.235
ORD104088,23-10-2025,CUST1137,Customer_0137,P2018,Face Wash,Beauty,Skincare,1.00,399.00,399.00,0.00,0.00,399.00,151.62,Kolkata,West Bengal,East,UPI,Same Day,2025,10,October,0.38
ORD104246,06-03-2025,CUST1197,Customer_0197,P2006,Power Bank,Electronics,Accessories,1.00,1499.00,1499.00,0.05,74.95,1424.05,206.49,Chennai,Tamil Nadu,South,UPI,Standard,2025,3,March,0.145
ORD104616,18-01-2025,CUST1451,Customer_0451,P2011,Sneakers,Clothing,Footwear,5.00,2499.00,12495.00,0.10,1249.50,11245.50,3261.20,Gurugram,Haryana,North,Cash on Delivery,Standard,2025,1,January,0.29
ORD104977,26-01-2025,CUST1100,Customer_0100,P2012,Sandals,Clothing,Footwear,1.00,1299.00,1299.00,0.15,194.85,1104.15,303.64,Bengaluru,Karnataka,South,Credit Card,Express,2025,1,January,0.275
ORD100150,04-04-2025,CUST1382,Customer_0382,P2007,T-Shirt,Clothing,Men,2.00,799.00,1598.00,0.05,79.90,1518.10,463.02,Kolkata,West Bengal,East,Net Banking,Same Day,2025,4,April,0.305
ORD101723,21-01-2025,CUST1669,Customer_0669,P2008,Jeans,Clothing,Men,4.00,1799.00,7196.00,0.20,1439.20,5756.80,1496.77,Bengaluru,Karnataka,South,Credit Card,Standard,2025,1,January,0.26
ORD101939,19-01-2025,CUST1468,Customer_0468,P2003,Laptop,Electronics,Computers,1.00,59999.00,59999.00,0.20,11999.80,47999.20,4799.92,Hyderabad,Telangana,South,UPI,Express,2025,1,January,0.1
ORD102185,23-03-2024,CUST1053,Customer_0053,P2014,Cookware Set,Home & Kitchen,Kitchen,1.00,2999.00,2999.00,0.10,299.90,2699.10,566.81,Chennai,Tamil Nadu,South,Debit Card,Standard,2024,3,March,0.21
ORD103266,30-11-2025,CUST1133,Customer_0133,P2009,Kurti,Clothing,Women,3.00,1199.00,3597.00,0.25,899.25,2697.75,660.95,Chennai,Tamil Nadu,South,Credit Card,Express,2025,11,November,0.245
ORD104783,08-11-2025,CUST1271,Customer_0271,P2012,Sandals,Clothing,Footwear,1.00,1299.00,1299.00,0.05,64.95,1234.05,376.39,Jaipur,Rajasthan,North,Debit Card,Express,2025,11,November,0.305
ORD101793,06-07-2025,CUST1242,Customer_0242,P2013,Mixer Grinder,Home & Kitchen,Kitchen,1.00,3499.00,3499.00,0.05,174.95,3324.05,747.91,Pune,Maharashtra,West,Debit Card,Standard,2025,7,July,0.225
ORD102859,16-05-2024,CUST1343,Customer_0343,P2022,Yoga Mat,Sports,Fitness,3.00,899.00,2697.00,0.15,404.55,2292.45,538.73,Gurugram,Haryana,North,Debit Card,Same Day,2024,5,May,0.235
ORD103056,31-10-2025,CUST1693,Customer_0693,P2015,Table Lamp,Home & Kitchen,Home Decor,1.00,1299.00,1299.00,0.15,194.85,1104.15,215.31,Lucknow,Uttar Pradesh,North,UPI,Standard,2025,10,October,0.195
ORD103116,22-12-2024,CUST1653,Customer_0653,P2003,Laptop,Electronics,Computers,5.00,59999.00,299995.00,0.05,14999.75,284995.25,41324.31,Ahmedabad,Gujarat,West,Credit Card,Express,2024,12,December,0.145
ORD104381,01-05-2024,CUST1644,Customer_0644,P2022,Yoga Mat,Sports,Fitness,1.00,899.00,899.00,0.05,44.95,854.05,226.32,Hyderabad,Telangana,South,Cash on Delivery,Same Day,2024,5,May,0.265
ORD100588,01-07-2024,CUST1262,Customer_0262,P2021,Perfume,Beauty,Fragrance,2.00,1499.00,2998.00,0.05,149.90,2848.10,1039.56,Delhi,Delhi,North,UPI,Standard,2024,7,July,0.365
ORD103717,04-07-2025,CUST1004,Customer_0004,P2001,Smartphone,Electronics,Mobiles,1.00,24999.00,24999.00,0.05,1249.95,23749.05,3443.61,Noida,Uttar Pradesh,North,UPI,Standard,2025,7,July,0.145
ORD104415,06-02-2025,CUST1487,Customer_0487,P2008,Jeans,Clothing,Men,1.00,1799.00,1799.00,0.15,269.85,1529.15,420.52,Noida,Uttar Pradesh,North,Net Banking,Standard,2025,2,February,0.275
ORD101186,25-06-2025,CUST1169,Customer_0169,P2014,Cookware Set,Home & Kitchen,Kitchen,1.00,2999.00,2999.00,0.15,449.85,2549.15,497.08,Hyderabad,Telangana,South,UPI,Standard,2025,6,June,0.195
ORD101614,10-05-2024,CUST1710,Customer_0710,P2008,Jeans,Clothing,Men,2.00,1799.00,3598.00,0.15,539.70,3058.30,841.03,Noida,Uttar Pradesh,North,UPI,Standard,2024,5,May,0.275
ORD103442,16-08-2024,CUST1343,Customer_0343,P2007,T-Shirt,Clothing,Men,3.00,799.00,2397.00,0.25,599.25,1797.75,440.45,Hyderabad,Telangana,South,Debit Card,Express,2024,8,August,0.245
ORD103838,04-01-2024,CUST1370,Customer_0370,P2018,Face Wash,Beauty,Skincare,1.00,399.00,399.00,0.05,19.95,379.05,138.35,Lucknow,Uttar Pradesh,North,UPI,Standard,2024,1,January,0.365
ORD101029,24-01-2024,CUST1637,Customer_0637,P2017,Office Chair,Home & Kitchen,Furniture,1.00,5999.00,5999.00,0.15,899.85,5099.15,994.33,Delhi,Delhi,North,UPI,Standard,2024,1,January,0.195
ORD101433,01-11-2024,CUST1043,Customer_0043,P2013,Mixer Grinder,Home & Kitchen,Kitchen,1.00,3499.00,3499.00,0.15,524.85,2974.15,579.96,Pune,Maharashtra,West,Credit Card,Express,2024,11,November,0.195
ORD101908,19-04-2025,CUST1011,Customer_0011,P2022,Yoga Mat,Sports,Fitness,2.00,899.00,1798.00,0.05,89.90,1708.10,452.65,Delhi,Delhi,North,UPI,Standard,2025,4,April,0.265
ORD104526,20-11-2025,CUST1340,Customer_0340,P2003,Laptop,Electronics,Computers,1.00,59999.00,59999.00,0.05,2999.95,56999.05,8264.86,Noida,Uttar Pradesh,North,Credit Card,Same Day,2025,11,November,0.145
ORD100007,11-07-2025,CUST1166,Customer_0166,P2015,Table Lamp,Home & Kitchen,Home Decor,1.00,1299.00,1299.00,0.05,64.95,1234.05,277.66,Jaipur,Rajasthan,North,Credit Card,Same Day,2025,7,July,0.225
ORD100543,10-03-2025,CUST1146,Customer_0146,P2016,Bedsheet Set,Home & Kitchen,Home Decor,1.00,999.00,999.00,0.05,49.95,949.05,213.54,Gurugram,Haryana,North,Debit Card,Standard,2025,3,March,0.225
ORD101803,28-06-2025,CUST1280,Customer_0280,P2014,Cookware Set,Home & Kitchen,Kitchen,1.00,2999.00,2999.00,0.20,599.80,2399.20,431.86,Chennai,Tamil Nadu,South,Credit Card,Standard,2025,6,June,0.18
ORD101920,23-01-2025,CUST1101,Customer_0101,P2011,Sneakers,Clothing,Footwear,1.00,2499.00,2499.00,0.05,124.95,2374.05,724.09,Ahmedabad,Gujarat,West,Net Banking,Standard,2025,1,January,0.305
ORD102391,23-08-2024,CUST1155,Customer_0155,P2006,Power Bank,Electronics,Accessories,4.00,1499.00,5996.00,0.30,1798.80,4197.20,293.80,Gurugram,Haryana,North,Debit Card,Standard,2024,8,August,0.07
ORD103805,10-09-2024,CUST1455,Customer_0455,P2005,Keyboard,Electronics,Accessories,3.00,1299.00,3897.00,0.05,194.85,3702.15,536.81,Hyderabad,Telangana,South,Debit Card,Same Day,2024,9,September,0.145
ORD104119,16-04-2025,CUST1577,Customer_0577,P2024,Cricket Bat,Sports,Outdoor,1.00,2499.00,2499.00,0.15,374.85,2124.15,499.18,Delhi,Delhi,North,Credit Card,Same Day,2025,4,April,0.235
ORD104409,20-12-2024,CUST1548,Customer_0548,P2013,Mixer Grinder,Home & Kitchen,Kitchen,1.00,3499.00,3499.00,0.10,349.90,3149.10,661.31,Ahmedabad,Gujarat,West,UPI,Express,2024,12,December,0.21
ORD100028,07-06-2024,CUST1002,Customer_0002,P2010,Dress,Clothing,Women,2.00,1999.00,3998.00,0.10,399.80,3598.20,1043.48,Hyderabad,Telangana,South,UPI,Express,2024,6,June,0.29
ORD101206,09-10-2024,CUST1295,Customer_0295,P2006,Power Bank,Electronics,Accessories,2.00,1499.00,2998.00,0.15,449.70,2548.30,293.05,Noida,Uttar Pradesh,North,Debit Card,Express,2024,10,October,0.115
ORD102177,12-07-2024,CUST1086,Customer_0086,P2001,Smartphone,Electronics,Mobiles,1.00,24999.00,24999.00,0.10,2499.90,22499.10,2924.88,Mumbai,Maharashtra,West,UPI,Standard,2024,7,July,0.13
ORD102234,25-04-2024,CUST1549,Customer_0549,P2003,Laptop,Electronics,Computers,1.00,59999.00,59999.00,0.05,2999.95,56999.05,8264.86,Mumbai,Maharashtra,West,UPI,Standard,2024,4,April,0.145
ORD102360,02-02-2024,CUST1028,Customer_0028,P2013,Mixer Grinder,Home & Kitchen,Kitchen,1.00,3499.00,3499.00,0.10,349.90,3149.10,661.31,Jaipur,Rajasthan,North,Credit Card,Standard,2024,2,February,0.21
ORD103890,07-11-2025,CUST1250,Customer_0250,P2006,Power Bank,Electronics,Accessories,1.00,1499.00,1499.00,0.15,224.85,1274.15,146.53,Gurugram,Haryana,North,Net Banking,Express,2025,11,November,0.115
ORD104227,05-03-2025,CUST1384,Customer_0384,P2003,Laptop,Electronics,Computers,2.00,59999.00,119998.00,0.00,0.00,119998.00,19199.68,Gurugram,Haryana,North,UPI,Standard,2025,3,March,0.16
ORD104259,21-09-2025,CUST1222,Customer_0222,P2010,Dress,Clothing,Women,1.00,1999.00,1999.00,0.10,199.90,1799.10,521.74,Chennai,Tamil Nadu,South,Credit Card,Standard,2025,9,September,0.29
ORD101311,17-01-2024,CUST1723,Customer_0723,P2001,Smartphone,Electronics,Mobiles,3.00,24999.00,74997.00,0.05,3749.85,71247.15,10330.84,Lucknow,Uttar Pradesh,North,UPI,Standard,2024,1,January,0.145
ORD101649,03-09-2024,CUST1551,Customer_0551,P2022,Yoga Mat,Sports,Fitness,1.00,899.00,899.00,0.05,44.95,854.05,226.32,Chennai,Tamil Nadu,South,Credit Card,Standard,2024,9,September,0.265
ORD102365,30-07-2024,CUST1548,Customer_0548,P2005,Keyboard,Electronics,Accessories,1.00,1299.00,1299.00,0.00,0.00,1299.00,207.84,Hyderabad,Telangana,South,Debit Card,Standard,2024,7,July,0.16
ORD102586,09-03-2024,CUST1169,Customer_0169,P2011,Sneakers,Clothing,Footwear,1.00,2499.00,2499.00,0.00,0.00,2499.00,799.68,Chennai,Tamil Nadu,South,UPI,Standard,2024,3,March,0.32
ORD103488,13-04-2024,CUST1062,Customer_0062,P2004,Wireless Mouse,Electronics,Accessories,1.00,899.00,899.00,0.30,269.70,629.30,44.05,Hyderabad,Telangana,South,Debit Card,Standard,2024,4,April,0.07
ORD104098,31-08-2025,CUST1756,Customer_0756,P2014,Cookware Set,Home & Kitchen,Kitchen,1.00,2999.00,2999.00,0.10,299.90,2699.10,566.81,Bengaluru,Karnataka,South,Debit Card,Standard,2025,8,August,0.21
ORD104494,04-02-2024,CUST1295,Customer_0295,P2014,Cookware Set,Home & Kitchen,Kitchen,2.00,2999.00,5998.00,0.15,899.70,5098.30,994.17,Gurugram,Haryana,North,UPI,Standard,2024,2,February,0.195
ORD104528,02-04-2025,CUST1038,Customer_0038,P2002,Wireless Earbuds,Electronics,Mobiles,2.00,2999.00,5998.00,0.10,599.80,5398.20,701.77,Hyderabad,Telangana,South,Credit Card,Express,2025,4,April,0.13
ORD101167,04-09-2025,CUST1112,Customer_0112,P2005,Keyboard,Electronics,Accessories,2.00,1299.00,2598.00,0.25,649.50,1948.50,165.62,Pune,Maharashtra,West,UPI,Express,2025,9,September,0.085
ORD103121,19-11-2025,CUST1159,Customer_0159,P2013,Mixer Grinder,Home & Kitchen,Kitchen,1.00,3499.00,3499.00,0.20,699.80,2799.20,503.86,Chennai,Tamil Nadu,South,Debit Card,Standard,2025,11,November,0.18
ORD104941,21-12-2025,CUST1584,Customer_0584,P2017,Office Chair,Home & Kitchen,Furniture,2.00,5999.00,11998.00,0.15,1799.70,10198.30,1988.67,Chennai,Tamil Nadu,South,Net Banking,Standard,2025,12,December,0.195
ORD100135,19-02-2024,CUST1642,Customer_0642,P2005,Keyboard,Electronics,Accessories,2.00,1299.00,2598.00,0.25,649.50,1948.50,165.62,Kolkata,West Bengal,East,Credit Card,Express,2024,2,February,0.085
ORD100993,07-09-2024,CUST1494,Customer_0494,P2007,T-Shirt,Clothing,Men,3.00,799.00,2397.00,0.20,479.40,1917.60,498.58,Gurugram,Haryana,North,UPI,Standard,2024,9,September,0.26
ORD101647,15-02-2024,CUST1321,Customer_0321,P2003,Laptop,Electronics,Computers,2.00,59999.00,119998.00,0.15,17999.70,101998.30,11729.80,Pune,Maharashtra,West,UPI,Standard,2024,2,February,0.115
ORD101823,15-02-2025,CUST1145,Customer_0145,P2025,Football,Sports,Outdoor,1.00,999.00,999.00,0.00,0.00,999.00,279.72,Pune,Maharashtra,West,Debit Card,Standard,2025,2,February,0.28
ORD102022,25-03-2025,CUST1024,Customer_0024,P2016,Bedsheet Set,Home & Kitchen,Home Decor,1.00,999.00,999.00,0.20,199.80,799.20,143.86,Chennai,Tamil Nadu,South,Credit Card,Express,2025,3,March,0.18
ORD102827,27-08-2024,CUST1275,Customer_0275,P2009,Kurti,Clothing,Women,1.00,1199.00,1199.00,0.05,59.95,1139.05,347.41,Pune,Maharashtra,West,Debit Card,Express,2024,8,August,0.305
ORD102983,06-07-2025,CUST1609,Customer_0609,P2002,Wireless Earbuds,Electronics,Mobiles,1.00,2999.00,2999.00,0.25,749.75,2249.25,191.19,Pune,Maharashtra,West,UPI,Same Day,2025,7,July,0.085
ORD103304,10-08-2024,CUST1651,Customer_0651,P2015,Table Lamp,Home & Kitchen,Home Decor,2.00,1299.00,2598.00,0.20,519.60,2078.40,374.11,Gurugram,Haryana,North,Net Banking,Standard,2024,8,August,0.18
ORD103883,27-02-2024,CUST1491,Customer_0491,P2005,Keyboard,Electronics,Accessories,2.00,1299.00,2598.00,0.05,129.90,2468.10,357.87,Delhi,Delhi,North,Credit Card,Standard,2024,2,February,0.145
ORD104251,23-05-2024,CUST1255,Customer_0255,P2022,Yoga Mat,Sports,Fitness,3.00,899.00,2697.00,0.10,269.70,2427.30,606.83,Delhi,Delhi,North,Credit Card,Express,2024,5,May,0.25
ORD104329,30-05-2025,CUST1357,Customer_0357,P2019,Sunscreen,Beauty,Skincare,1.00,699.00,699.00,0.20,139.80,559.20,178.94,Noida,Uttar Pradesh,North,UPI,Standard,2025,5,May,0.32
ORD104844,23-10-2024,CUST1408,Customer_0408,P2006,Power Bank,Electronics,Accessories,3.00,1499.00,4497.00,0.10,449.70,4047.30,526.15,Mumbai,Maharashtra,West,UPI,Standard,2024,10,October,0.13
ORD100018,27-08-2024,CUST1618,Customer_0618,P2011,Sneakers,Clothing,Footwear,1.00,2499.00,2499.00,0.05,124.95,2374.05,724.09,Pune,Maharashtra,West,Credit Card,Express,2024,8,August,0.305
ORD100068,12-08-2025,CUST1574,Customer_0574,P2020,Shampoo,Beauty,Haircare,1.00,599.00,599.00,0.25,149.75,449.25,137.02,Lucknow,Uttar Pradesh,North,Debit Card,Express,2025,8,August,0.305
ORD100279,22-11-2024,CUST1389,Customer_0389,P2021,Perfume,Beauty,Fragrance,1.00,1499.00,1499.00,0.20,299.80,1199.20,383.74,Ahmedabad,Gujarat,West,Credit Card,Express,2024,11,November,0.32
ORD100574,14-08-2025,CUST1648,Customer_0648,P2010,Dress,Clothing,Women,2.00,1999.00,3998.00,0.10,399.80,3598.20,1043.48,Chennai,Tamil Nadu,South,Debit Card,Standard,2025,8,August,0.29
ORD100625,04-09-2025,CUST1052,Customer_0052,P2007,T-Shirt,Clothing,Men,1.00,799.00,799.00,0.05,39.95,759.05,231.51,Kolkata,West Bengal,East,Credit Card,Standard,2025,9,September,0.305
ORD100681,19-11-2025,CUST1182,Customer_0182,P2006,Power Bank,Electronics,Accessories,1.00,1499.00,1499.00,0.10,149.90,1349.10,175.38,Mumbai,Maharashtra,West,Credit Card,Express,2025,11,November,0.13
ORD101380,24-11-2024,CUST1796,Customer_0796,P2007,T-Shirt,Clothing,Men,1.00,799.00,799.00,0.10,79.90,719.10,208.54,Ahmedabad,Gujarat,West,UPI,Express,2024,11,November,0.29
ORD102441,30-08-2024,CUST1368,Customer_0368,P2017,Office Chair,Home & Kitchen,Furniture,5.00,5999.00,29995.00,0.30,8998.50,20996.50,3149.48,Mumbai,Maharashtra,West,Credit Card,Standard,2024,8,August,0.15
ORD103758,05-11-2024,CUST1277,Customer_0277,P2002,Wireless Earbuds,Electronics,Mobiles,1.00,2999.00,2999.00,0.05,149.95,2849.05,413.11,Ahmedabad,Gujarat,West,Credit Card,Standard,2024,11,November,0.145
ORD103911,26-05-2024,CUST1152,Customer_0152,P2001,Smartphone,Electronics,Mobiles,3.00,24999.00,74997.00,0.20,14999.40,59997.60,5999.76,Hyderabad,Telangana,South,UPI,Standard,2024,5,May,0.1
ORD100092,07-11-2025,CUST1051,Customer_0051,P2006,Power Bank,Electronics,Accessories,1.00,1499.00,1499.00,0.10,149.90,1349.10,175.38,Chennai,Tamil Nadu,South,Net Banking,Express,2025,11,November,0.13
ORD100688,17-06-2025,CUST1246,Customer_0246,P2011,Sneakers,Clothing,Footwear,3.00,2499.00,7497.00,0.30,2249.10,5247.90,1207.02,Pune,Maharashtra,West,Cash on Delivery,Express,2025,6,June,0.23
ORD101077,14-08-2024,CUST1021,Customer_0021,P2006,Power Bank,Electronics,Accessories,3.00,1499.00,4497.00,0.30,1349.10,3147.90,220.35,Kolkata,West Bengal,East,Credit Card,Standard,2024,8,August,0.07
ORD101111,27-02-2025,CUST1628,Customer_0628,P2020,Shampoo,Beauty,Haircare,1.00,599.00,599.00,0.05,29.95,569.05,207.70,Chennai,Tamil Nadu,South,Net Banking,Standard,2025,2,February,0.365
ORD102455,03-11-2024,CUST1059,Customer_0059,P2024,Cricket Bat,Sports,Outdoor,4.00,2499.00,9996.00,0.00,0.00,9996.00,2798.88,Lucknow,Uttar Pradesh,North,UPI,Standard,2024,11,November,0.28
ORD102719,08-10-2024,CUST1345,Customer_0345,P2010,Dress,Clothing,Women,1.00,1999.00,1999.00,0.10,199.90,1799.10,521.74,Kolkata,West Bengal,East,Credit Card,Express,2024,10,October,0.29
ORD104947,03-03-2024,CUST1221,Customer_0221,P2024,Cricket Bat,Sports,Outdoor,2.00,2499.00,4998.00,0.00,0.00,4998.00,1399.44,Hyderabad,Telangana,South,Net Banking,Standard,2024,3,March,0.28
ORD100097,24-07-2025,CUST1509,Customer_0509,P2014,Cookware Set,Home & Kitchen,Kitchen,1.00,2999.00,2999.00,0.10,299.90,2699.10,566.81,Gurugram,Haryana,North,UPI,Standard,2025,7,July,0.21
ORD101740,28-08-2025,CUST1145,Customer_0145,P2013,Mixer Grinder,Home & Kitchen,Kitchen,1.00,3499.00,3499.00,0.10,349.90,3149.10,661.31,Noida,Uttar Pradesh,North,Net Banking,Standard,2025,8,August,0.21
ORD102009,28-06-2024,CUST1151,Customer_0151,P2023,Dumbbells,Sports,Fitness,2.00,1599.00,3198.00,0.15,479.70,2718.30,638.80,Lucknow,Uttar Pradesh,North,Net Banking,Standard,2024,6,June,0.235
ORD102335,03-10-2025,CUST1313,Customer_0313,P2012,Sandals,Clothing,Footwear,3.00,1299.00,3897.00,0.05,194.85,3702.15,1129.16,Gurugram,Haryana,North,Cash on Delivery,Standard,2025,10,October,0.305
ORD103169,26-11-2025,CUST1190,Customer_0190,P2003,Laptop,Electronics,Computers,1.00,59999.00,59999.00,0.05,2999.95,56999.05,8264.86,Bengaluru,Karnataka,South,Credit Card,Express,2025,11,November,0.145
ORD103343,13-03-2025,CUST1032,Customer_0032,P2011,Sneakers,Clothing,Footwear,1.00,2499.00,2499.00,0.15,374.85,2124.15,584.14,Bengaluru,Karnataka,South,Net Banking,Standard,2025,3,March,0.275
ORD103469,23-07-2025,CUST1011,Customer_0011,P2021,Perfume,Beauty,Fragrance,1.00,1499.00,1499.00,0.20,299.80,1199.20,383.74,Jaipur,Rajasthan,North,Net Banking,Standard,2025,7,July,0.32
ORD104258,22-05-2025,CUST1408,Customer_0408,P2011,Sneakers,Clothing,Footwear,4.00,2499.00,9996.00,0.25,2499.00,7497.00,1836.76,Jaipur,Rajasthan,North,UPI,Same Day,2025,5,May,0.245
ORD100594,18-02-2024,CUST1059,Customer_0059,P2017,Office Chair,Home & Kitchen,Furniture,2.00,5999.00,11998.00,0.10,1199.80,10798.20,2267.62,Delhi,Delhi,North,Credit Card,Standard,2024,2,February,0.21
ORD100715,18-12-2024,CUST1302,Customer_0302,P2011,Sneakers,Clothing,Footwear,5.00,2499.00,12495.00,0.00,0.00,12495.00,3998.40,Pune,Maharashtra,West,UPI,Standard,2024,12,December,0.32
ORD101313,20-10-2025,CUST1203,Customer_0203,P2020,Shampoo,Beauty,Haircare,1.00,599.00,599.00,0.05,29.95,569.05,207.70,Mumbai,Maharashtra,West,Net Banking,Express,2025,10,October,0.365
ORD101474,18-11-2025,CUST1125,Customer_0125,P2017,Office Chair,Home & Kitchen,Furniture,2.00,5999.00,11998.00,0.00,0.00,11998.00,2879.52,Ahmedabad,Gujarat,West,Net Banking,Standard,2025,11,November,0.24
ORD101506,25-01-2025,CUST1563,Customer_0563,P2007,T-Shirt,Clothing,Men,1.00,799.00,799.00,0.10,79.90,719.10,208.54,Jaipur,Rajasthan,North,UPI,Standard,2025,1,January,0.29
ORD101923,21-06-2025,CUST1744,Customer_0744,P2011,Sneakers,Clothing,Footwear,1.00,2499.00,2499.00,0.15,374.85,2124.15,584.14,Mumbai,Maharashtra,West,Net Banking,Standard,2025,6,June,0.275
ORD102093,22-11-2024,CUST1256,Customer_0256,P2012,Sandals,Clothing,Footwear,1.00,1299.00,1299.00,0.25,324.75,974.25,238.69,Gurugram,Haryana,North,Debit Card,Standard,2024,11,November,0.245
ORD102166,14-12-2025,CUST1616,Customer_0616,P2004,Wireless Mouse,Electronics,Accessories,1.00,899.00,899.00,0.10,89.90,809.10,105.18,Hyderabad,Telangana,South,UPI,Express,2025,12,December,0.13
ORD102270,02-03-2025,CUST1593,Customer_0593,P2001,Smartphone,Electronics,Mobiles,1.00,24999.00,24999.00,0.10,2499.90,22499.10,2924.88,Pune,Maharashtra,West,Credit Card,Standard,2025,3,March,0.13
ORD102705,22-02-2025,CUST1087,Customer_0087,P2009,Kurti,Clothing,Women,1.00,1199.00,1199.00,0.25,299.75,899.25,220.32,Gurugram,Haryana,North,Credit Card,Standard,2025,2,February,0.245
ORD102941,01-06-2024,CUST1187,Customer_0187,P2017,Office Chair,Home & Kitchen,Furniture,1.00,5999.00,5999.00,0.10,599.90,5399.10,1133.81,Mumbai,Maharashtra,West,Debit Card,Express,2024,6,June,0.21
ORD100400,03-11-2024,CUST1639,Customer_0639,P2010,Dress,Clothing,Women,2.00,1999.00,3998.00,0.10,399.80,3598.20,1043.48,Bengaluru,Karnataka,South,UPI,Standard,2024,11,November,0.29
ORD100568,20-01-2025,CUST1751,Customer_0751,P2019,Sunscreen,Beauty,Skincare,1.00,699.00,699.00,0.10,69.90,629.10,220.18,Chennai,Tamil Nadu,South,UPI,Express,2025,1,January,0.35
ORD101837,07-07-2024,CUST1322,Customer_0322,P2024,Cricket Bat,Sports,Outdoor,4.00,2499.00,9996.00,0.05,499.80,9496.20,2516.49,Pune,Maharashtra,West,Credit Card,Standard,2024,7,July,0.265
ORD102096,04-07-2025,CUST1793,Customer_0793,P2011,Sneakers,Clothing,Footwear,1.00,2499.00,2499.00,0.05,124.95,2374.05,724.09,Ahmedabad,Gujarat,West,Credit Card,Standard,2025,7,July,0.305
ORD102284,29-04-2025,CUST1301,Customer_0301,P2012,Sandals,Clothing,Footwear,1.00,1299.00,1299.00,0.05,64.95,1234.05,376.39,Pune,Maharashtra,West,UPI,Standard,2025,4,April,0.305
ORD100621,03-09-2024,CUST1775,Customer_0775,P2023,Dumbbells,Sports,Fitness,3.00,1599.00,4797.00,0.10,479.70,4317.30,1079.32,Ahmedabad,Gujarat,West,UPI,Standard,2024,9,September,0.25
ORD100801,18-08-2024,CUST1483,Customer_0483,P2007,T-Shirt,Clothing,Men,1.00,799.00,799.00,0.20,159.80,639.20,166.19,Kolkata,West Bengal,East,Cash on Delivery,Express,2024,8,August,0.26
ORD102106,03-11-2024,CUST1009,Customer_0009,P2006,Power Bank,Electronics,Accessories,1.00,1499.00,1499.00,0.00,0.00,1499.00,239.84,Pune,Maharashtra,West,UPI,Express,2024,11,November,0.16
ORD102562,25-12-2025,CUST1789,Customer_0789,P2010,Dress,Clothing,Women,1.00,1999.00,1999.00,0.10,199.90,1799.10,521.74,Ahmedabad,Gujarat,West,Net Banking,Standard,2025,12,December,0.29
ORD103613,27-05-2024,CUST1702,Customer_0702,P2018,Face Wash,Beauty,Skincare,1.00,399.00,399.00,0.25,99.75,299.25,91.27,Ahmedabad,Gujarat,West,UPI,Standard,2024,5,May,0.305
ORD104322,19-04-2025,CUST1336,Customer_0336,P2017,Office Chair,Home & Kitchen,Furniture,1.00,5999.00,5999.00,0.10,599.90,5399.10,1133.81,Kolkata,West Bengal,East,UPI,Standard,2025,4,April,0.21
ORD104346,29-02-2024,CUST1666,Customer_0666,P2002,Wireless Earbuds,Electronics,Mobiles,1.00,2999.00,2999.00,0.25,749.75,2249.25,191.19,Lucknow,Uttar Pradesh,North,UPI,Standard,2024,2,February,0.085
ORD104961,29-07-2025,CUST1434,Customer_0434,P2001,Smartphone,Electronics,Mobiles,1.00,24999.00,24999.00,0.15,3749.85,21249.15,2443.65,Bengaluru,Karnataka,South,UPI,Standard,2025,7,July,0.115
ORD100456,26-02-2025,CUST1192,Customer_0192,P2005,Keyboard,Electronics,Accessories,1.00,1299.00,1299.00,0.10,129.90,1169.10,151.98,Chennai,Tamil Nadu,South,Net Banking,Standard,2025,2,February,0.13
ORD101689,02-03-2025,CUST1009,Customer_0009,P2014,Cookware Set,Home & Kitchen,Kitchen,1.00,2999.00,2999.00,0.20,599.80,2399.20,431.86,Lucknow,Uttar Pradesh,North,Debit Card,Standard,2025,3,March,0.18
ORD102139,24-07-2025,CUST1781,Customer_0781,P2015,Table Lamp,Home & Kitchen,Home Decor,1.00,1299.00,1299.00,0.05,64.95,1234.05,277.66,Ahmedabad,Gujarat,West,Cash on Delivery,Standard,2025,7,July,0.225
ORD102546,26-06-2025,CUST1246,Customer_0246,P2003,Laptop,Electronics,Computers,2.00,59999.00,119998.00,0.10,11999.80,107998.20,14039.77,Mumbai,Maharashtra,West,Credit Card,Standard,2025,6,June,0.13
ORD102816,17-05-2024,CUST1503,Customer_0503,P2012,Sandals,Clothing,Footwear,1.00,1299.00,1299.00,0.25,324.75,974.25,238.69,Noida,Uttar Pradesh,North,Net Banking,Express,2024,5,May,0.245
ORD103523,01-02-2025,CUST1323,Customer_0323,P2011,Sneakers,Clothing,Footwear,1.00,2499.00,2499.00,0.10,249.90,2249.10,652.24,Hyderabad,Telangana,South,Debit Card,Standard,2025,2,February,0.29
ORD101241,05-09-2024,CUST1290,Customer_0290,P2017,Office Chair,Home & Kitchen,Furniture,3.00,5999.00,17997.00,0.20,3599.40,14397.60,2591.57,Chennai,Tamil Nadu,South,Debit Card,Express,2024,9,September,0.18
ORD101275,18-09-2024,CUST1082,Customer_0082,P2018,Face Wash,Beauty,Skincare,2.00,399.00,798.00,0.10,79.80,718.20,251.37,Mumbai,Maharashtra,West,Credit Card,Standard,2024,9,September,0.35
ORD101522,27-07-2024,CUST1019,Customer_0019,P2011,Sneakers,Clothing,Footwear,2.00,2499.00,4998.00,0.15,749.70,4248.30,1168.28,Bengaluru,Karnataka,South,Credit Card,Standard,2024,7,July,0.275
ORD102539,04-12-2024,CUST1688,Customer_0688,P2002,Wireless Earbuds,Electronics,Mobiles,1.00,2999.00,2999.00,0.10,299.90,2699.10,350.88,Hyderabad,Telangana,South,UPI,Express,2024,12,December,0.13
ORD102628,24-10-2025,CUST1283,Customer_0283,P2014,Cookware Set,Home & Kitchen,Kitchen,2.00,2999.00,5998.00,0.30,1799.40,4198.60,629.79,Hyderabad,Telangana,South,UPI,Standard,2025,10,October,0.15
ORD103731,21-03-2024,CUST1774,Customer_0774,P2011,Sneakers,Clothing,Footwear,1.00,2499.00,2499.00,0.05,124.95,2374.05,724.09,Noida,Uttar Pradesh,North,Debit Card,Standard,2024,3,March,0.305
ORD101088,05-04-2025,CUST1195,Customer_0195,P2014,Cookware Set,Home & Kitchen,Kitchen,1.00,2999.00,2999.00,0.15,449.85,2549.15,497.08,Ahmedabad,Gujarat,West,Debit Card,Standard,2025,4,April,0.195
ORD102008,14-01-2025,CUST1523,Customer_0523,P2003,Laptop,Electronics,Computers,1.00,59999.00,59999.00,0.00,0.00,59999.00,9599.84,Hyderabad,Telangana,South,UPI,Standard,2025,1,January,0.16
ORD102169,04-04-2024,CUST1771,Customer_0771,P2019,Sunscreen,Beauty,Skincare,1.00,699.00,699.00,0.20,139.80,559.20,178.94,Noida,Uttar Pradesh,North,UPI,Standard,2024,4,April,0.32
ORD102261,02-07-2025,CUST1455,Customer_0455,P2014,Cookware Set,Home & Kitchen,Kitchen,1.00,2999.00,2999.00,0.20,599.80,2399.20,431.86,Lucknow,Uttar Pradesh,North,Debit Card,Standard,2025,7,July,0.18
ORD102672,14-07-2024,CUST1434,Customer_0434,P2002,Wireless Earbuds,Electronics,Mobiles,1.00,2999.00,2999.00,0.10,299.90,2699.10,350.88,Kolkata,West Bengal,East,UPI,Standard,2024,7,July,0.13
ORD102819,22-02-2024,CUST1507,Customer_0507,P2002,Wireless Earbuds,Electronics,Mobiles,1.00,2999.00,2999.00,0.15,449.85,2549.15,293.15,Jaipur,Rajasthan,North,Credit Card,Express,2024,2,February,0.115
ORD102895,01-10-2024,CUST1539,Customer_0539,P2019,Sunscreen,Beauty,Skincare,4.00,699.00,2796.00,0.05,139.80,2656.20,969.51,Gurugram,Haryana,North,UPI,Standard,2024,10,October,0.365
ORD103019,21-01-2025,CUST1543,Customer_0543,P2021,Perfume,Beauty,Fragrance,1.00,1499.00,1499.00,0.25,374.75,1124.25,342.90,Gurugram,Haryana,North,Credit Card,Standard,2025,1,January,0.305
ORD103755,20-11-2025,CUST1208,Customer_0208,P2010,Dress,Clothing,Women,1.00,1999.00,1999.00,0.10,199.90,1799.10,521.74,Mumbai,Maharashtra,West,UPI,Standard,2025,11,November,0.29
ORD104429,11-09-2025,CUST1543,Customer_0543,P2002,Wireless Earbuds,Electronics,Mobiles,1.00,2999.00,2999.00,0.00,0.00,2999.00,479.84,Mumbai,Maharashtra,West,Cash on Delivery,Standard,2025,9,September,0.16
ORD101062,09-09-2025,CUST1013,Customer_0013,P2005,Keyboard,Electronics,Accessories,1.00,1299.00,1299.00,0.30,389.70,909.30,63.65,Bengaluru,Karnataka,South,UPI,Standard,2025,9,September,0.07
ORD101120,10-02-2024,CUST1630,Customer_0630,P2020,Shampoo,Beauty,Haircare,2.00,599.00,1198.00,0.05,59.90,1138.10,415.41,Ahmedabad,Gujarat,West,Cash on Delivery,Standard,2024,2,February,0.365
ORD102150,15-03-2024,CUST1019,Customer_0019,P2013,Mixer Grinder,Home & Kitchen,Kitchen,1.00,3499.00,3499.00,0.10,349.90,3149.10,661.31,Delhi,Delhi,North,Cash on Delivery,Same Day,2024,3,March,0.21
ORD102988,11-07-2024,CUST1010,Customer_0010,P2002,Wireless Earbuds,Electronics,Mobiles,1.00,2999.00,2999.00,0.20,599.80,2399.20,239.92,Jaipur,Rajasthan,North,Credit Card,Standard,2024,7,July,0.1
ORD101258,24-08-2025,CUST1131,Customer_0131,P2016,Bedsheet Set,Home & Kitchen,Home Decor,3.00,999.00,2997.00,0.00,0.00,2997.00,719.28,Pune,Maharashtra,West,UPI,Standard,2025,8,August,0.24
ORD101492,18-11-2025,CUST1421,Customer_0421,P2006,Power Bank,Electronics,Accessories,1.00,1499.00,1499.00,0.10,149.90,1349.10,175.38,Pune,Maharashtra,West,Credit Card,Standard,2025,11,November,0.13
ORD101840,26-07-2025,CUST1548,Customer_0548,P2002,Wireless Earbuds,Electronics,Mobiles,2.00,2999.00,5998.00,0.00,0.00,5998.00,959.68,Gurugram,Haryana,North,Debit Card,Standard,2025,7,July,0.16
ORD102030,10-08-2024,CUST1171,Customer_0171,P2004,Wireless Mouse,Electronics,Accessories,3.00,899.00,2697.00,0.25,674.25,2022.75,171.93,Delhi,Delhi,North,Credit Card,Standard,2024,8,August,0.085
ORD102611,05-05-2025,CUST1087,Customer_0087,P2002,Wireless Earbuds,Electronics,Mobiles,1.00,2999.00,2999.00,0.00,0.00,2999.00,479.84,Chennai,Tamil Nadu,South,UPI,Standard,2025,5,May,0.16
ORD103111,01-08-2024,CUST1683,Customer_0683,P2005,Keyboard,Electronics,Accessories,1.00,1299.00,1299.00,0.15,194.85,1104.15,126.98,Noida,Uttar Pradesh,North,Debit Card,Standard,2024,8,August,0.115
ORD103345,06-12-2024,CUST1589,Customer_0589,P2010,Dress,Clothing,Women,2.00,1999.00,3998.00,0.15,599.70,3398.30,934.53,Bengaluru,Karnataka,South,Credit Card,Standard,2024,12,December,0.275
ORD103437,06-11-2024,CUST1021,Customer_0021,P2002,Wireless Earbuds,Electronics,Mobiles,2.00,2999.00,5998.00,0.05,299.90,5698.10,826.22,Bengaluru,Karnataka,South,Credit Card,Standard,2024,11,November,0.145
ORD103632,16-01-2024,CUST1484,Customer_0484,P2021,Perfume,Beauty,Fragrance,1.00,1499.00,1499.00,0.20,299.80,1199.20,383.74,Pune,Maharashtra,West,Credit Card,Express,2024,1,January,0.32
ORD104739,04-08-2024,CUST1093,Customer_0093,P2011,Sneakers,Clothing,Footwear,1.00,2499.00,2499.00,0.10,249.90,2249.10,652.24,Hyderabad,Telangana,South,UPI,Express,2024,8,August,0.29
ORD104751,13-07-2024,CUST1774,Customer_0774,P2010,Dress,Clothing,Women,1.00,1999.00,1999.00,0.05,99.95,1899.05,579.21,Bengaluru,Karnataka,South,Net Banking,Standard,2024,7,July,0.305
ORD101033,30-04-2024,CUST1583,Customer_0583,P2007,T-Shirt,Clothing,Men,1.00,799.00,799.00,0.25,199.75,599.25,146.82,Gurugram,Haryana,North,Debit Card,Express,2024,4,April,0.245
ORD101395,05-05-2025,CUST1030,Customer_0030,P2004,Wireless Mouse,Electronics,Accessories,1.00,899.00,899.00,0.15,134.85,764.15,87.88,Lucknow,Uttar Pradesh,North,Debit Card,Express,2025,5,May,0.115
ORD101617,05-09-2024,CUST1507,Customer_0507,P2022,Yoga Mat,Sports,Fitness,1.00,899.00,899.00,0.05,44.95,854.05,226.32,Noida,Uttar Pradesh,North,Credit Card,Express,2024,9,September,0.265
ORD101961,13-12-2025,CUST1577,Customer_0577,P2013,Mixer Grinder,Home & Kitchen,Kitchen,2.00,3499.00,6998.00,0.20,1399.60,5598.40,1007.71,Chennai,Tamil Nadu,South,UPI,Standard,2025,12,December,0.18
ORD102014,10-09-2025,CUST1427,Customer_0427,P2011,Sneakers,Clothing,Footwear,1.00,2499.00,2499.00,0.05,124.95,2374.05,724.09,Lucknow,Uttar Pradesh,North,Net Banking,Standard,2025,9,September,0.305
ORD102269,21-12-2025,CUST1390,Customer_0390,P2024,Cricket Bat,Sports,Outdoor,5.00,2499.00,12495.00,0.10,1249.50,11245.50,2811.38,Kolkata,West Bengal,East,UPI,Standard,2025,12,December,0.25
ORD102703,28-07-2024,CUST1169,Customer_0169,P2004,Wireless Mouse,Electronics,Accessories,2.00,899.00,1798.00,0.25,449.50,1348.50,114.62,Delhi,Delhi,North,UPI,Express,2024,7,July,0.085
ORD102775,10-02-2025,CUST1095,Customer_0095,P2012,Sandals,Clothing,Footwear,4.00,1299.00,5196.00,0.15,779.40,4416.60,1214.57,Hyderabad,Telangana,South,Credit Card,Same Day,2025,2,February,0.275
ORD104298,02-09-2024,CUST1263,Customer_0263,P2014,Cookware Set,Home & Kitchen,Kitchen,5.00,2999.00,14995.00,0.05,749.75,14245.25,3205.18,Lucknow,Uttar Pradesh,North,Credit Card,Standard,2024,9,September,0.225
ORD104735,19-07-2025,CUST1610,Customer_0610,P2022,Yoga Mat,Sports,Fitness,2.00,899.00,1798.00,0.05,89.90,1708.10,452.65,Jaipur,Rajasthan,North,Debit Card,Standard,2025,7,July,0.265
ORD102099,25-11-2024,CUST1163,Customer_0163,P2006,Power Bank,Electronics,Accessories,1.00,1499.00,1499.00,0.15,224.85,1274.15,146.53,Pune,Maharashtra,West,Credit Card,Standard,2024,11,November,0.115
ORD103832,16-10-2024,CUST1035,Customer_0035,P2019,Sunscreen,Beauty,Skincare,1.00,699.00,699.00,0.05,34.95,664.05,242.38,Gurugram,Haryana,North,Cash on Delivery,Standard,2024,10,October,0.365
ORD104024,24-01-2025,CUST1726,Customer_0726,P2009,Kurti,Clothing,Women,2.00,1199.00,2398.00,0.05,119.90,2278.10,694.82,Delhi,Delhi,North,Cash on Delivery,Express,2025,1,January,0.305
ORD100704,22-04-2025,CUST1037,Customer_0037,P2011,Sneakers,Clothing,Footwear,1.00,2499.00,2499.00,0.15,374.85,2124.15,584.14,Hyderabad,Telangana,South,Credit Card,Standard,2025,4,April,0.275
ORD100924,30-06-2025,CUST1440,Customer_0440,P2004,Wireless Mouse,Electronics,Accessories,2.00,899.00,1798.00,0.30,539.40,1258.60,88.10,Bengaluru,Karnataka,South,Credit Card,Same Day,2025,6,June,0.07
ORD101584,26-10-2025,CUST1099,Customer_0099,P2015,Table Lamp,Home & Kitchen,Home Decor,2.00,1299.00,2598.00,0.00,0.00,2598.00,623.52,Jaipur,Rajasthan,North,UPI,Express,2025,10,October,0.24
ORD102527,02-01-2025,CUST1640,Customer_0640,P2017,Office Chair,Home & Kitchen,Furniture,2.00,5999.00,11998.00,0.10,1199.80,10798.20,2267.62,Hyderabad,Telangana,South,Credit Card,Express,2025,1,January,0.21
ORD102789,11-11-2024,CUST1235,Customer_0235,P2024,Cricket Bat,Sports,Outdoor,1.00,2499.00,2499.00,0.10,249.90,2249.10,562.28,Delhi,Delhi,North,Debit Card,Standard,2024,11,November,0.25
ORD103786,24-09-2024,CUST1073,Customer_0073,P2023,Dumbbells,Sports,Fitness,1.00,1599.00,1599.00,0.05,79.95,1519.05,402.55,Ahmedabad,Gujarat,West,Credit Card,Standard,2024,9,September,0.265
ORD101564,03-01-2025,CUST1158,Customer_0158,P2019,Sunscreen,Beauty,Skincare,2.00,699.00,1398.00,0.05,69.90,1328.10,484.76,Bengaluru,Karnataka,South,UPI,Express,2025,1,January,0.365
ORD102556,09-06-2025,CUST1075,Customer_0075,P2013,Mixer Grinder,Home & Kitchen,Kitchen,1.00,3499.00,3499.00,0.10,349.90,3149.10,661.31,Hyderabad,Telangana,South,UPI,Standard,2025,6,June,0.21
ORD103695,24-05-2025,CUST1687,Customer_0687,P2017,Office Chair,Home & Kitchen,Furniture,1.00,5999.00,5999.00,0.15,899.85,5099.15,994.33,Hyderabad,Telangana,South,UPI,Standard,2025,5,May,0.195
ORD103773,22-04-2025,CUST1336,Customer_0336,P2004,Wireless Mouse,Electronics,Accessories,2.00,899.00,1798.00,0.25,449.50,1348.50,114.62,Lucknow,Uttar Pradesh,North,Net Banking,Express,2025,4,April,0.085
ORD103897,10-04-2024,CUST1748,Customer_0748,P2015,Table Lamp,Home & Kitchen,Home Decor,3.00,1299.00,3897.00,0.25,974.25,2922.75,482.25,Jaipur,Rajasthan,North,UPI,Same Day,2024,4,April,0.165
ORD103951,25-04-2025,CUST1395,Customer_0395,P2024,Cricket Bat,Sports,Outdoor,1.00,2499.00,2499.00,0.15,374.85,2124.15,499.18,Bengaluru,Karnataka,South,UPI,Express,2025,4,April,0.235
ORD104985,23-11-2024,CUST1130,Customer_0130,P2012,Sandals,Clothing,Footwear,1.00,1299.00,1299.00,0.25,324.75,974.25,238.69,Kolkata,West Bengal,East,Credit Card,Express,2024,11,November,0.245
ORD100087,27-07-2024,CUST1234,Customer_0234,P2010,Dress,Clothing,Women,1.00,1999.00,1999.00,0.05,99.95,1899.05,579.21,Hyderabad,Telangana,South,Cash on Delivery,Express,2024,7,July,0.305
ORD100356,14-01-2025,CUST1381,Customer_0381,P2001,Smartphone,Electronics,Mobiles,2.00,24999.00,49998.00,0.15,7499.70,42498.30,4887.30,Chennai,Tamil Nadu,South,UPI,Standard,2025,1,January,0.115
ORD100949,16-11-2024,CUST1318,Customer_0318,P2020,Shampoo,Beauty,Haircare,1.00,599.00,599.00,0.05,29.95,569.05,207.70,Ahmedabad,Gujarat,West,UPI,Standard,2024,11,November,0.365
ORD101119,27-02-2025,CUST1557,Customer_0557,P2015,Table Lamp,Home & Kitchen,Home Decor,2.00,1299.00,2598.00,0.15,389.70,2208.30,430.62,Ahmedabad,Gujarat,West,Credit Card,Express,2025,2,February,0.195
ORD101574,16-02-2024,CUST1588,Customer_0588,P2014,Cookware Set,Home & Kitchen,Kitchen,5.00,2999.00,14995.00,0.15,2249.25,12745.75,2485.42,Pune,Maharashtra,West,Cash on Delivery,Standard,2024,2,February,0.195
ORD102095,30-07-2025,CUST1097,Customer_0097,P2012,Sandals,Clothing,Footwear,1.00,1299.00,1299.00,0.15,194.85,1104.15,303.64,Pune,Maharashtra,West,Credit Card,Same Day,2025,7,July,0.275
ORD100847,14-08-2024,CUST1422,Customer_0422,P2022,Yoga Mat,Sports,Fitness,2.00,899.00,1798.00,0.00,0.00,1798.00,503.44,Bengaluru,Karnataka,South,Credit Card,Standard,2024,8,August,0.28
ORD101637,29-05-2024,CUST1549,Customer_0549,P2003,Laptop,Electronics,Computers,1.00,59999.00,59999.00,0.10,5999.90,53999.10,7019.88,Noida,Uttar Pradesh,North,Debit Card,Express,2024,5,May,0.13
ORD102849,17-01-2024,CUST1127,Customer_0127,P2001,Smartphone,Electronics,Mobiles,2.00,24999.00,49998.00,0.15,7499.70,42498.30,4887.30,Lucknow,Uttar Pradesh,North,Debit Card,Standard,2024,1,January,0.115
ORD100141,24-09-2024,CUST1797,Customer_0797,P2012,Sandals,Clothing,Footwear,2.00,1299.00,2598.00,0.10,259.80,2338.20,678.08,Pune,Maharashtra,West,Net Banking,Same Day,2024,9,September,0.29
ORD100622,20-07-2025,CUST1781,Customer_0781,P2015,Table Lamp,Home & Kitchen,Home Decor,1.00,1299.00,1299.00,0.15,194.85,1104.15,215.31,Chennai,Tamil Nadu,South,Debit Card,Same Day,2025,7,July,0.195
ORD102888,21-08-2025,CUST1492,Customer_0492,P2009,Kurti,Clothing,Women,1.00,1199.00,1199.00,0.25,299.75,899.25,220.32,Jaipur,Rajasthan,North,Credit Card,Express,2025,8,August,0.245
ORD103332,16-08-2025,CUST1605,Customer_0605,P2016,Bedsheet Set,Home & Kitchen,Home Decor,1.00,999.00,999.00,0.10,99.90,899.10,188.81,Pune,Maharashtra,West,Net Banking,Express,2025,8,August,0.21
ORD103367,03-03-2025,CUST1795,Customer_0795,P2014,Cookware Set,Home & Kitchen,Kitchen,2.00,2999.00,5998.00,0.10,599.80,5398.20,1133.62,Mumbai,Maharashtra,West,Net Banking,Standard,2025,3,March,0.21
ORD103757,29-10-2024,CUST1273,Customer_0273,P2009,Kurti,Clothing,Women,3.00,1199.00,3597.00,0.15,539.55,3057.45,840.80,Noida,Uttar Pradesh,North,Cash on Delivery,Express,2024,10,October,0.275
ORD100008,05-06-2024,CUST1096,Customer_0096,P2009,Kurti,Clothing,Women,2.00,1199.00,2398.00,0.10,239.80,2158.20,625.88,Bengaluru,Karnataka,South,Credit Card,Standard,2024,6,June,0.29
ORD100816,19-07-2024,CUST1445,Customer_0445,P2008,Jeans,Clothing,Men,1.00,1799.00,1799.00,0.15,269.85,1529.15,420.52,Bengaluru,Karnataka,South,Net Banking,Standard,2024,7,July,0.275
ORD101363,03-12-2024,CUST1661,Customer_0661,P2022,Yoga Mat,Sports,Fitness,1.00,899.00,899.00,0.25,224.75,674.25,138.22,Noida,Uttar Pradesh,North,Cash on Delivery,Standard,2024,12,December,0.205
ORD101448,23-08-2024,CUST1723,Customer_0723,P2002,Wireless Earbuds,Electronics,Mobiles,2.00,2999.00,5998.00,0.00,0.00,5998.00,959.68,Kolkata,West Bengal,East,Credit Card,Standard,2024,8,August,0.16
ORD102713,23-01-2025,CUST1273,Customer_0273,P2005,Keyboard,Electronics,Accessories,4.00,1299.00,5196.00,0.05,259.80,4936.20,715.75,Ahmedabad,Gujarat,West,Credit Card,Standard,2025,1,January,0.145
ORD104477,06-08-2025,CUST1420,Customer_0420,P2021,Perfume,Beauty,Fragrance,1.00,1499.00,1499.00,0.15,224.85,1274.15,426.84,Bengaluru,Karnataka,South,Credit Card,Standard,2025,8,August,0.335
ORD104976,08-09-2024,CUST1174,Customer_0174,P2025,Football,Sports,Outdoor,1.00,999.00,999.00,0.05,49.95,949.05,251.50,Jaipur,Rajasthan,North,UPI,Standard,2024,9,September,0.265
ORD100250,26-05-2025,CUST1151,Customer_0151,P2018,Face Wash,Beauty,Skincare,1.00,399.00,399.00,0.25,99.75,299.25,91.27,Mumbai,Maharashtra,West,Credit Card,Express,2025,5,May,0.305
ORD100623,17-07-2025,CUST1755,Customer_0755,P2005,Keyboard,Electronics,Accessories,1.00,1299.00,1299.00,0.00,0.00,1299.00,207.84,Lucknow,Uttar Pradesh,North,Credit Card,Express,2025,7,July,0.16
ORD101763,01-11-2025,CUST1661,Customer_0661,P2008,Jeans,Clothing,Men,1.00,1799.00,1799.00,0.30,539.70,1259.30,289.64,Pune,Maharashtra,West,UPI,Standard,2025,11,November,0.23
ORD102517,02-12-2025,CUST1199,Customer_0199,P2003,Laptop,Electronics,Computers,2.00,59999.00,119998.00,0.10,11999.80,107998.20,14039.77,Gurugram,Haryana,North,Net Banking,Same Day,2025,12,December,0.13
ORD102570,11-12-2024,CUST1075,Customer_0075,P2016,Bedsheet Set,Home & Kitchen,Home Decor,1.00,999.00,999.00,0.15,149.85,849.15,165.58,Bengaluru,Karnataka,South,Cash on Delivery,Standard,2024,12,December,0.195
ORD103967,20-09-2024,CUST1712,Customer_0712,P2003,Laptop,Electronics,Computers,2.00,59999.00,119998.00,0.00,0.00,119998.00,19199.68,Hyderabad,Telangana,South,UPI,Standard,2024,9,September,0.16
ORD104855,15-05-2025,CUST1067,Customer_0067,P2021,Perfume,Beauty,Fragrance,1.00,1499.00,1499.00,0.10,149.90,1349.10,472.18,Mumbai,Maharashtra,West,UPI,Standard,2025,5,May,0.35
ORD100731,19-10-2025,CUST1700,Customer_0700,P2025,Football,Sports,Outdoor,1.00,999.00,999.00,0.10,99.90,899.10,224.78,Delhi,Delhi,North,Net Banking,Standard,2025,10,October,0.25
ORD100763,17-05-2025,CUST1349,Customer_0349,P2008,Jeans,Clothing,Men,3.00,1799.00,5397.00,0.00,0.00,5397.00,1727.04,Hyderabad,Telangana,South,Credit Card,Express,2025,5,May,0.32
ORD100944,16-04-2025,CUST1715,Customer_0715,P2005,Keyboard,Electronics,Accessories,1.00,1299.00,1299.00,0.20,259.80,1039.20,103.92,Chennai,Tamil Nadu,South,Debit Card,Standard,2025,4,April,0.1
ORD101097,21-06-2024,CUST1046,Customer_0046,P2003,Laptop,Electronics,Computers,1.00,59999.00,59999.00,0.00,0.00,59999.00,9599.84,Gurugram,Haryana,North,UPI,Standard,2024,6,June,0.16
ORD101180,26-12-2024,CUST1257,Customer_0257,P2019,Sunscreen,Beauty,Skincare,1.00,699.00,699.00,0.15,104.85,594.15,199.04,Pune,Maharashtra,West,Debit Card,Standard,2024,12,December,0.335
ORD101356,22-06-2024,CUST1068,Customer_0068,P2006,Power Bank,Electronics,Accessories,1.00,1499.00,1499.00,0.00,0.00,1499.00,239.84,Kolkata,West Bengal,East,Credit Card,Standard,2024,6,June,0.16
ORD101918,23-05-2024,CUST1494,Customer_0494,P2014,Cookware Set,Home & Kitchen,Kitchen,1.00,2999.00,2999.00,0.20,599.80,2399.20,431.86,Gurugram,Haryana,North,Net Banking,Standard,2024,5,May,0.18
ORD102070,13-07-2025,CUST1012,Customer_0012,P2011,Sneakers,Clothing,Footwear,1.00,2499.00,2499.00,0.20,499.80,1999.20,519.79,Delhi,Delhi,North,Credit Card,Express,2025,7,July,0.26
ORD103401,15-05-2025,CUST1160,Customer_0160,P2005,Keyboard,Electronics,Accessories,3.00,1299.00,3897.00,0.05,194.85,3702.15,536.81,Mumbai,Maharashtra,West,Cash on Delivery,Express,2025,5,May,0.145
ORD103426,07-07-2024,CUST1400,Customer_0400,P2003,Laptop,Electronics,Computers,1.00,59999.00,59999.00,0.20,11999.80,47999.20,4799.92,Kolkata,West Bengal,East,UPI,Express,2024,7,July,0.1
ORD104588,09-07-2025,CUST1555,Customer_0555,P2008,Jeans,Clothing,Men,1.00,1799.00,1799.00,0.25,449.75,1349.25,330.57,Mumbai,Maharashtra,West,Net Banking,Express,2025,7,July,0.245
ORD104831,19-10-2025,CUST1287,Customer_0287,P2011,Sneakers,Clothing,Footwear,2.00,2499.00,4998.00,0.10,499.80,4498.20,1304.48,Hyderabad,Telangana,South,Cash on Delivery,Standard,2025,10,October,0.29
ORD100011,01-03-2024,CUST1364,Customer_0364,P2018,Face Wash,Beauty,Skincare,1.00,399.00,399.00,0.10,39.90,359.10,125.68,Noida,Uttar Pradesh,North,UPI,Express,2024,3,March,0.35
ORD102162,20-06-2025,CUST1768,Customer_0768,P2013,Mixer Grinder,Home & Kitchen,Kitchen,2.00,3499.00,6998.00,0.10,699.80,6298.20,1322.62,Noida,Uttar Pradesh,North,Credit Card,Standard,2025,6,June,0.21
ORD102460,04-02-2024,CUST1490,Customer_0490,P2016,Bedsheet Set,Home & Kitchen,Home Decor,1.00,999.00,999.00,0.30,299.70,699.30,104.90,Lucknow,Uttar Pradesh,North,Credit Card,Same Day,2024,2,February,0.15
ORD103472,17-03-2024,CUST1646,Customer_0646,P2002,Wireless Earbuds,Electronics,Mobiles,2.00,2999.00,5998.00,0.10,599.80,5398.20,701.77,Chennai,Tamil Nadu,South,Credit Card,Express,2024,3,March,0.13
ORD101931,15-11-2025,CUST1576,Customer_0576,P2018,Face Wash,Beauty,Skincare,1.00,399.00,399.00,0.00,0.00,399.00,151.62,Jaipur,Rajasthan,North,Debit Card,Standard,2025,11,November,0.38
ORD102509,19-02-2024,CUST1701,Customer_0701,P2020,Shampoo,Beauty,Haircare,2.00,599.00,1198.00,0.00,0.00,1198.00,455.24,Delhi,Delhi,North,Credit Card,Standard,2024,2,February,0.38
ORD103433,07-01-2024,CUST1683,Customer_0683,P2011,Sneakers,Clothing,Footwear,1.00,2499.00,2499.00,0.20,499.80,1999.20,519.79,Jaipur,Rajasthan,North,UPI,Express,2024,1,January,0.26
ORD103434,26-02-2025,CUST1549,Customer_0549,P2020,Shampoo,Beauty,Haircare,1.00,599.00,599.00,0.00,0.00,599.00,227.62,Gurugram,Haryana,North,UPI,Standard,2025,2,February,0.38
ORD104645,20-05-2024,CUST1761,Customer_0761,P2012,Sandals,Clothing,Footwear,1.00,1299.00,1299.00,0.00,0.00,1299.00,415.68,Chennai,Tamil Nadu,South,Credit Card,Express,2024,5,May,0.32
ORD104790,07-10-2025,CUST1357,Customer_0357,P2008,Jeans,Clothing,Men,1.00,1799.00,1799.00,0.15,269.85,1529.15,420.52,Pune,Maharashtra,West,UPI,Standard,2025,10,October,0.275
ORD100654,24-08-2024,CUST1191,Customer_0191,P2025,Football,Sports,Outdoor,3.00,999.00,2997.00,0.05,149.85,2847.15,754.49,Chennai,Tamil Nadu,South,UPI,Standard,2024,8,August,0.265
ORD101670,10-03-2024,CUST1130,Customer_0130,P2021,Perfume,Beauty,Fragrance,2.00,1499.00,2998.00,0.10,299.80,2698.20,944.37,Ahmedabad,Gujarat,West,Debit Card,Standard,2024,3,March,0.35
ORD101743,25-12-2025,CUST1648,Customer_0648,P2010,Dress,Clothing,Women,1.00,1999.00,1999.00,0.10,199.90,1799.10,521.74,Hyderabad,Telangana,South,UPI,Standard,2025,12,December,0.29
ORD102377,03-06-2024,CUST1236,Customer_0236,P2022,Yoga Mat,Sports,Fitness,1.00,899.00,899.00,0.10,89.90,809.10,202.28,Kolkata,West Bengal,East,UPI,Standard,2024,6,June,0.25
ORD102580,10-01-2024,CUST1777,Customer_0777,P2001,Smartphone,Electronics,Mobiles,1.00,24999.00,24999.00,0.30,7499.70,17499.30,1224.95,Kolkata,West Bengal,East,Net Banking,Express,2024,1,January,0.07
ORD104692,11-08-2024,CUST1639,Customer_0639,P2023,Dumbbells,Sports,Fitness,2.00,1599.00,3198.00,0.10,319.80,2878.20,719.55,Bengaluru,Karnataka,South,Credit Card,Standard,2024,8,August,0.25
ORD101302,01-06-2025,CUST1482,Customer_0482,P2023,Dumbbells,Sports,Fitness,2.00,1599.00,3198.00,0.05,159.90,3038.10,805.10,Bengaluru,Karnataka,South,Credit Card,Standard,2025,6,June,0.265
ORD101521,11-04-2025,CUST1545,Customer_0545,P2011,Sneakers,Clothing,Footwear,2.00,2499.00,4998.00,0.10,499.80,4498.20,1304.48,Gurugram,Haryana,North,UPI,Same Day,2025,4,April,0.29
ORD101921,17-01-2025,CUST1463,Customer_0463,P2003,Laptop,Electronics,Computers,2.00,59999.00,119998.00,0.15,17999.70,101998.30,11729.80,Delhi,Delhi,North,UPI,Same Day,2025,1,January,0.115
ORD102442,02-03-2024,CUST1141,Customer_0141,P2015,Table Lamp,Home & Kitchen,Home Decor,3.00,1299.00,3897.00,0.20,779.40,3117.60,561.17,Chennai,Tamil Nadu,South,UPI,Standard,2024,3,March,0.18
ORD102858,24-09-2025,CUST1026,Customer_0026,P2011,Sneakers,Clothing,Footwear,2.00,2499.00,4998.00,0.20,999.60,3998.40,1039.58,Lucknow,Uttar Pradesh,North,Net Banking,Standard,2025,9,September,0.26
ORD103539,15-10-2025,CUST1725,Customer_0725,P2001,Smartphone,Electronics,Mobiles,2.00,24999.00,49998.00,0.10,4999.80,44998.20,5849.77,Delhi,Delhi,North,UPI,Standard,2025,10,October,0.13
ORD103619,13-11-2025,CUST1716,Customer_0716,P2012,Sandals,Clothing,Footwear,1.00,1299.00,1299.00,0.10,129.90,1169.10,339.04,Gurugram,Haryana,North,UPI,Standard,2025,11,November,0.29
ORD104148,23-09-2025,CUST1300,Customer_0300,P2025,Football,Sports,Outdoor,2.00,999.00,1998.00,0.15,299.70,1698.30,399.10,Lucknow,Uttar Pradesh,North,UPI,Standard,2025,9,September,0.235
ORD100569,09-05-2025,CUST1462,Customer_0462,P2004,Wireless Mouse,Electronics,Accessories,1.00,899.00,899.00,0.10,89.90,809.10,105.18,Chennai,Tamil Nadu,South,Debit Card,Standard,2025,5,May,0.13
ORD101068,06-11-2025,CUST1462,Customer_0462,P2009,Kurti,Clothing,Women,2.00,1199.00,2398.00,0.15,359.70,2038.30,560.53,Noida,Uttar Pradesh,North,UPI,Standard,2025,11,November,0.275
ORD102206,14-05-2025,CUST1600,Customer_0600,P2018,Face Wash,Beauty,Skincare,1.00,399.00,399.00,0.05,19.95,379.05,138.35,Bengaluru,Karnataka,South,Credit Card,Standard,2025,5,May,0.365
ORD102298,17-01-2024,CUST1610,Customer_0610,P2005,Keyboard,Electronics,Accessories,1.00,1299.00,1299.00,0.05,64.95,1234.05,178.94,Mumbai,Maharashtra,West,UPI,Express,2024,1,January,0.145
ORD102361,07-01-2024,CUST1656,Customer_0656,P2017,Office Chair,Home & Kitchen,Furniture,1.00,5999.00,5999.00,0.15,899.85,5099.15,994.33,Jaipur,Rajasthan,North,Debit Card,Express,2024,1,January,0.195
ORD102656,28-06-2025,CUST1100,Customer_0100,P2010,Dress,Clothing,Women,1.00,1999.00,1999.00,0.25,499.75,1499.25,367.32,Gurugram,Haryana,North,Credit Card,Express,2025,6,June,0.245
ORD104042,18-07-2025,CUST1359,Customer_0359,P2011,Sneakers,Clothing,Footwear,1.00,2499.00,2499.00,0.10,249.90,2249.10,652.24,Delhi,Delhi,North,Net Banking,Standard,2025,7,July,0.29
ORD100690,25-02-2025,CUST1234,Customer_0234,P2006,Power Bank,Electronics,Accessories,1.00,1499.00,1499.00,0.05,74.95,1424.05,206.49,Hyderabad,Telangana,South,UPI,Standard,2025,2,February,0.145
ORD101410,13-01-2024,CUST1490,Customer_0490,P2014,Cookware Set,Home & Kitchen,Kitchen,2.00,2999.00,5998.00,0.15,899.70,5098.30,994.17,Delhi,Delhi,North,Debit Card,Standard,2024,1,January,0.195
ORD101563,18-01-2024,CUST1147,Customer_0147,P2022,Yoga Mat,Sports,Fitness,1.00,899.00,899.00,0.10,89.90,809.10,202.28,Bengaluru,Karnataka,South,Credit Card,Standard,2024,1,January,0.25
ORD101752,26-06-2025,CUST1193,Customer_0193,P2006,Power Bank,Electronics,Accessories,1.00,1499.00,1499.00,0.15,224.85,1274.15,146.53,Mumbai,Maharashtra,West,Net Banking,Express,2025,6,June,0.115
ORD102530,08-10-2024,CUST1369,Customer_0369,P2004,Wireless Mouse,Electronics,Accessories,4.00,899.00,3596.00,0.05,179.80,3416.20,495.35,Lucknow,Uttar Pradesh,North,Credit Card,Express,2024,10,October,0.145
ORD103631,02-07-2025,CUST1726,Customer_0726,P2018,Face Wash,Beauty,Skincare,2.00,399.00,798.00,0.10,79.80,718.20,251.37,Ahmedabad,Gujarat,West,Net Banking,Standard,2025,7,July,0.35
ORD104179,20-10-2024,CUST1751,Customer_0751,P2003,Laptop,Electronics,Computers,1.00,59999.00,59999.00,0.10,5999.90,53999.10,7019.88,Ahmedabad,Gujarat,West,Debit Card,Standard,2024,10,October,0.13
ORD104260,18-01-2024,CUST1782,Customer_0782,P2013,Mixer Grinder,Home & Kitchen,Kitchen,1.00,3499.00,3499.00,0.20,699.80,2799.20,503.86,Kolkata,West Bengal,East,Cash on Delivery,Same Day,2024,1,January,0.18
ORD100163,29-05-2025,CUST1630,Customer_0630,P2007,T-Shirt,Clothing,Men,4.00,799.00,3196.00,0.10,319.60,2876.40,834.16,Ahmedabad,Gujarat,West,Debit Card,Standard,2025,5,May,0.29
ORD100391,15-12-2025,CUST1625,Customer_0625,P2022,Yoga Mat,Sports,Fitness,2.00,899.00,1798.00,0.10,179.80,1618.20,404.55,Lucknow,Uttar Pradesh,North,Debit Card,Standard,2025,12,December,0.25
ORD101028,21-11-2025,CUST1056,Customer_0056,P2022,Yoga Mat,Sports,Fitness,1.00,899.00,899.00,0.15,134.85,764.15,179.58,Pune,Maharashtra,West,Net Banking,Standard,2025,11,November,0.235
ORD104287,16-03-2025,CUST1615,Customer_0615,P2012,Sandals,Clothing,Footwear,2.00,1299.00,2598.00,0.00,0.00,2598.00,831.36,Chennai,Tamil Nadu,South,UPI,Express,2025,3,March,0.32
ORD100463,02-07-2024,CUST1570,Customer_0570,P2020,Shampoo,Beauty,Haircare,1.00,599.00,599.00,0.15,89.85,509.15,170.57,Lucknow,Uttar Pradesh,North,Credit Card,Express,2024,7,July,0.335
ORD102465,19-04-2024,CUST1647,Customer_0647,P2010,Dress,Clothing,Women,1.00,1999.00,1999.00,0.10,199.90,1799.10,521.74,Hyderabad,Telangana,South,UPI,Express,2024,4,April,0.29
ORD104404,08-04-2024,CUST1062,Customer_0062,P2011,Sneakers,Clothing,Footwear,1.00,2499.00,2499.00,0.25,624.75,1874.25,459.19,Mumbai,Maharashtra,West,Credit Card,Standard,2024,4,April,0.245
ORD104518,20-06-2025,CUST1466,Customer_0466,P2022,Yoga Mat,Sports,Fitness,1.00,899.00,899.00,0.10,89.90,809.10,202.28,Noida,Uttar Pradesh,North,Debit Card,Standard,2025,6,June,0.25
ORD104642,01-06-2024,CUST1271,Customer_0271,P2009,Kurti,Clothing,Women,2.00,1199.00,2398.00,0.15,359.70,2038.30,560.53,Gurugram,Haryana,North,Debit Card,Standard,2024,6,June,0.275
ORD100130,03-09-2024,CUST1481,Customer_0481,P2013,Mixer Grinder,Home & Kitchen,Kitchen,1.00,3499.00,3499.00,0.20,699.80,2799.20,503.86,Hyderabad,Telangana,South,Net Banking,Express,2024,9,September,0.18
ORD100907,15-07-2024,CUST1671,Customer_0671,P2001,Smartphone,Electronics,Mobiles,3.00,24999.00,74997.00,0.05,3749.85,71247.15,10330.84,Pune,Maharashtra,West,UPI,Standard,2024,7,July,0.145
ORD101184,26-09-2025,CUST1585,Customer_0585,P2012,Sandals,Clothing,Footwear,5.00,1299.00,6495.00,0.15,974.25,5520.75,1518.21,Noida,Uttar Pradesh,North,Credit Card,Standard,2025,9,September,0.275
ORD101424,23-06-2025,CUST1073,Customer_0073,P2017,Office Chair,Home & Kitchen,Furniture,4.00,5999.00,23996.00,0.10,2399.60,21596.40,4535.24,Bengaluru,Karnataka,South,Cash on Delivery,Standard,2025,6,June,0.21
ORD103483,15-09-2024,CUST1549,Customer_0549,P2017,Office Chair,Home & Kitchen,Furniture,2.00,5999.00,11998.00,0.25,2999.50,8998.50,1484.75,Chennai,Tamil Nadu,South,UPI,Standard,2024,9,September,0.165
ORD100849,28-12-2024,CUST1052,Customer_0052,P2003,Laptop,Electronics,Computers,1.00,59999.00,59999.00,0.00,0.00,59999.00,9599.84,Mumbai,Maharashtra,West,Net Banking,Standard,2024,12,December,0.16
ORD102588,30-09-2024,CUST1509,Customer_0509,P2003,Laptop,Electronics,Computers,2.00,59999.00,119998.00,0.15,17999.70,101998.30,11729.80,Mumbai,Maharashtra,West,Credit Card,Express,2024,9,September,0.115
ORD104362,10-02-2025,CUST1407,Customer_0407,P2016,Bedsheet Set,Home & Kitchen,Home Decor,1.00,999.00,999.00,0.15,149.85,849.15,165.58,Kolkata,West Bengal,East,Net Banking,Standard,2025,2,February,0.195
ORD104957,21-03-2024,CUST1151,Customer_0151,P2007,T-Shirt,Clothing,Men,1.00,799.00,799.00,0.10,79.90,719.10,208.54,Kolkata,West Bengal,East,Cash on Delivery,Standard,2024,3,March,0.29
ORD100383,17-01-2025,CUST1431,Customer_0431,P2019,Sunscreen,Beauty,Skincare,1.00,699.00,699.00,0.00,0.00,699.00,265.62,Delhi,Delhi,North,Credit Card,Same Day,2025,1,January,0.38
ORD102902,19-02-2025,CUST1378,Customer_0378,P2023,Dumbbells,Sports,Fitness,4.00,1599.00,6396.00,0.25,1599.00,4797.00,983.39,Jaipur,Rajasthan,North,Cash on Delivery,Standard,2025,2,February,0.205
ORD103241,15-04-2025,CUST1417,Customer_0417,P2013,Mixer Grinder,Home & Kitchen,Kitchen,2.00,3499.00,6998.00,0.10,699.80,6298.20,1322.62,Ahmedabad,Gujarat,West,Debit Card,Same Day,2025,4,April,0.21
ORD104045,01-08-2025,CUST1115,Customer_0115,P2017,Office Chair,Home & Kitchen,Furniture,2.00,5999.00,11998.00,0.20,2399.60,9598.40,1727.71,Lucknow,Uttar Pradesh,North,Debit Card,Standard,2025,8,August,0.18
ORD101110,06-09-2024,CUST1662,Customer_0662,P2022,Yoga Mat,Sports,Fitness,1.00,899.00,899.00,0.20,179.80,719.20,158.22,Chennai,Tamil Nadu,South,Debit Card,Standard,2024,9,September,0.22
ORD102249,14-12-2025,CUST1751,Customer_0751,P2012,Sandals,Clothing,Footwear,4.00,1299.00,5196.00,0.00,0.00,5196.00,1662.72,Bengaluru,Karnataka,South,Net Banking,Express,2025,12,December,0.32
ORD104288,19-08-2024,CUST1280,Customer_0280,P2019,Sunscreen,Beauty,Skincare,2.00,699.00,1398.00,0.20,279.60,1118.40,357.89,Lucknow,Uttar Pradesh,North,UPI,Standard,2024,8,August,0.32
ORD100191,03-11-2024,CUST1082,Customer_0082,P2025,Football,Sports,Outdoor,1.00,999.00,999.00,0.25,249.75,749.25,153.60,Bengaluru,Karnataka,South,Debit Card,Same Day,2024,11,November,0.205
ORD101044,01-12-2025,CUST1733,Customer_0733,P2017,Office Chair,Home & Kitchen,Furniture,3.00,5999.00,17997.00,0.10,1799.70,16197.30,3401.43,Hyderabad,Telangana,South,Net Banking,Express,2025,12,December,0.21
ORD101944,23-03-2024,CUST1362,Customer_0362,P2018,Face Wash,Beauty,Skincare,2.00,399.00,798.00,0.00,0.00,798.00,303.24,Jaipur,Rajasthan,North,Credit Card,Standard,2024,3,March,0.38
ORD102296,31-10-2025,CUST1344,Customer_0344,P2004,Wireless Mouse,Electronics,Accessories,1.00,899.00,899.00,0.00,0.00,899.00,143.84,Lucknow,Uttar Pradesh,North,UPI,Standard,2025,10,October,0.16
ORD102470,27-10-2025,CUST1395,Customer_0395,P2018,Face Wash,Beauty,Skincare,2.00,399.00,798.00,0.25,199.50,598.50,182.54,Bengaluru,Karnataka,South,Debit Card,Same Day,2025,10,October,0.305
ORD102557,02-02-2024,CUST1515,Customer_0515,P2013,Mixer Grinder,Home & Kitchen,Kitchen,1.00,3499.00,3499.00,0.10,349.90,3149.10,661.31,Ahmedabad,Gujarat,West,Credit Card,Same Day,2024,2,February,0.21
ORD102717,05-04-2024,CUST1295,Customer_0295,P2018,Face Wash,Beauty,Skincare,1.00,399.00,399.00,0.25,99.75,299.25,91.27,Mumbai,Maharashtra,West,UPI,Standard,2024,4,April,0.305
ORD104980,19-02-2025,CUST1715,Customer_0715,P2017,Office Chair,Home & Kitchen,Furniture,2.00,5999.00,11998.00,0.15,1799.70,10198.30,1988.67,Chennai,Tamil Nadu,South,Credit Card,Standard,2025,2,February,0.195
ORD101139,23-01-2025,CUST1539,Customer_0539,P2015,Table Lamp,Home & Kitchen,Home Decor,1.00,1299.00,1299.00,0.10,129.90,1169.10,245.51,Pune,Maharashtra,West,Credit Card,Standard,2025,1,January,0.21
ORD101235,21-01-2025,CUST1288,Customer_0288,P2021,Perfume,Beauty,Fragrance,2.00,1499.00,2998.00,0.05,149.90,2848.10,1039.56,Mumbai,Maharashtra,West,Debit Card,Express,2025,1,January,0.365
ORD101612,19-07-2025,CUST1387,Customer_0387,P2001,Smartphone,Electronics,Mobiles,3.00,24999.00,74997.00,0.10,7499.70,67497.30,8774.65,Delhi,Delhi,North,UPI,Standard,2025,7,July,0.13
ORD102255,02-05-2025,CUST1678,Customer_0678,P2017,Office Chair,Home & Kitchen,Furniture,2.00,5999.00,11998.00,0.30,3599.40,8398.60,1259.79,Hyderabad,Telangana,South,UPI,Express,2025,5,May,0.15
ORD103853,27-02-2024,CUST1264,Customer_0264,P2005,Keyboard,Electronics,Accessories,2.00,1299.00,2598.00,0.10,259.80,2338.20,303.97,Ahmedabad,Gujarat,West,UPI,Standard,2024,2,February,0.13
ORD101248,14-10-2025,CUST1389,Customer_0389,P2005,Keyboard,Electronics,Accessories,4.00,1299.00,5196.00,0.10,519.60,4676.40,607.93,Kolkata,West Bengal,East,Debit Card,Standard,2025,10,October,0.13
ORD102110,10-01-2024,CUST1427,Customer_0427,P2010,Dress,Clothing,Women,2.00,1999.00,3998.00,0.05,199.90,3798.10,1158.42,Gurugram,Haryana,North,UPI,Standard,2024,1,January,0.305
ORD103257,20-12-2025,CUST1334,Customer_0334,P2002,Wireless Earbuds,Electronics,Mobiles,4.00,2999.00,11996.00,0.15,1799.40,10196.60,1172.61,Pune,Maharashtra,West,Credit Card,Standard,2025,12,December,0.115
ORD103352,24-06-2024,CUST1542,Customer_0542,P2015,Table Lamp,Home & Kitchen,Home Decor,1.00,1299.00,1299.00,0.15,194.85,1104.15,215.31,Gurugram,Haryana,North,UPI,Standard,2024,6,June,0.195
ORD103470,25-03-2024,CUST1388,Customer_0388,P2022,Yoga Mat,Sports,Fitness,1.00,899.00,899.00,0.10,89.90,809.10,202.28,Ahmedabad,Gujarat,West,UPI,Standard,2024,3,March,0.25
ORD103493,26-05-2025,CUST1791,Customer_0791,P2007,T-Shirt,Clothing,Men,4.00,799.00,3196.00,0.10,319.60,2876.40,834.16,Gurugram,Haryana,North,UPI,Standard,2025,5,May,0.29
ORD103659,20-03-2025,CUST1214,Customer_0214,P2023,Dumbbells,Sports,Fitness,5.00,1599.00,7995.00,0.15,1199.25,6795.75,1597.00,Noida,Uttar Pradesh,North,Credit Card,Same Day,2025,3,March,0.235
ORD104401,22-10-2025,CUST1372,Customer_0372,P2013,Mixer Grinder,Home & Kitchen,Kitchen,1.00,3499.00,3499.00,0.10,349.90,3149.10,661.31,Bengaluru,Karnataka,South,Credit Card,Same Day,2025,10,October,0.21
ORD104849,05-12-2024,CUST1255,Customer_0255,P2009,Kurti,Clothing,Women,3.00,1199.00,3597.00,0.15,539.55,3057.45,840.80,Bengaluru,Karnataka,South,Credit Card,Standard,2024,12,December,0.275
ORD100312,02-08-2025,CUST1686,Customer_0686,P2013,Mixer Grinder,Home & Kitchen,Kitchen,1.00,3499.00,3499.00,0.25,874.75,2624.25,433.00,Chennai,Tamil Nadu,South,UPI,Standard,2025,8,August,0.165
ORD100752,07-04-2024,CUST1297,Customer_0297,P2017,Office Chair,Home & Kitchen,Furniture,3.00,5999.00,17997.00,0.05,899.85,17097.15,3846.86,Pune,Maharashtra,West,Debit Card,Express,2024,4,April,0.225
ORD101228,24-06-2025,CUST1495,Customer_0495,P2008,Jeans,Clothing,Men,2.00,1799.00,3598.00,0.05,179.90,3418.10,1042.52,Lucknow,Uttar Pradesh,North,Debit Card,Express,2025,6,June,0.305
ORD103799,13-02-2024,CUST1605,Customer_0605,P2005,Keyboard,Electronics,Accessories,1.00,1299.00,1299.00,0.10,129.90,1169.10,151.98,Noida,Uttar Pradesh,North,UPI,Express,2024,2,February,0.13
ORD100142,23-08-2024,CUST1797,Customer_0797,P2010,Dress,Clothing,Women,1.00,1999.00,1999.00,0.10,199.90,1799.10,521.74,Gurugram,Haryana,North,UPI,Express,2024,8,August,0.29
ORD100241,04-08-2024,CUST1761,Customer_0761,P2017,Office Chair,Home & Kitchen,Furniture,1.00,5999.00,5999.00,0.15,899.85,5099.15,994.33,Pune,Maharashtra,West,UPI,Standard,2024,8,August,0.195
ORD101358,09-12-2025,CUST1293,Customer_0293,P2024,Cricket Bat,Sports,Outdoor,4.00,2499.00,9996.00,0.25,2499.00,7497.00,1536.89,Chennai,Tamil Nadu,South,Debit Card,Express,2025,12,December,0.205
ORD101518,03-08-2025,CUST1293,Customer_0293,P2004,Wireless Mouse,Electronics,Accessories,2.00,899.00,1798.00,0.20,359.60,1438.40,143.84,Noida,Uttar Pradesh,North,Debit Card,Standard,2025,8,August,0.1
ORD102559,01-05-2025,CUST1074,Customer_0074,P2021,Perfume,Beauty,Fragrance,2.00,1499.00,2998.00,0.10,299.80,2698.20,944.37,Bengaluru,Karnataka,South,Debit Card,Standard,2025,5,May,0.35
ORD103249,04-10-2024,CUST1609,Customer_0609,P2020,Shampoo,Beauty,Haircare,2.00,599.00,1198.00,0.10,119.80,1078.20,377.37,Lucknow,Uttar Pradesh,North,Net Banking,Express,2024,10,October,0.35
ORD104266,17-02-2024,CUST1751,Customer_0751,P2013,Mixer Grinder,Home & Kitchen,Kitchen,1.00,3499.00,3499.00,0.05,174.95,3324.05,747.91,Gurugram,Haryana,North,UPI,Express,2024,2,February,0.225
ORD104426,17-03-2024,CUST1224,Customer_0224,P2003,Laptop,Electronics,Computers,2.00,59999.00,119998.00,0.00,0.00,119998.00,19199.68,Pune,Maharashtra,West,UPI,Standard,2024,3,March,0.16
ORD104847,01-12-2025,CUST1197,Customer_0197,P2018,Face Wash,Beauty,Skincare,2.00,399.00,798.00,0.10,79.80,718.20,251.37,Mumbai,Maharashtra,West,Credit Card,Standard,2025,12,December,0.35
ORD100247,14-10-2024,CUST1722,Customer_0722,P2008,Jeans,Clothing,Men,3.00,1799.00,5397.00,0.25,1349.25,4047.75,991.70,Lucknow,Uttar Pradesh,North,Credit Card,Standard,2024,10,October,0.245
ORD100513,10-07-2025,CUST1483,Customer_0483,P2022,Yoga Mat,Sports,Fitness,1.00,899.00,899.00,0.10,89.90,809.10,202.28,Jaipur,Rajasthan,North,Cash on Delivery,Standard,2025,7,July,0.25
ORD100917,31-07-2025,CUST1326,Customer_0326,P2011,Sneakers,Clothing,Footwear,2.00,2499.00,4998.00,0.30,1499.40,3498.60,804.68,Chennai,Tamil Nadu,South,UPI,Standard,2025,7,July,0.23
ORD102841,04-11-2025,CUST1792,Customer_0792,P2006,Power Bank,Electronics,Accessories,1.00,1499.00,1499.00,0.25,374.75,1124.25,95.56,Jaipur,Rajasthan,North,Net Banking,Express,2025,11,November,0.085
ORD102947,03-02-2024,CUST1561,Customer_0561,P2017,Office Chair,Home & Kitchen,Furniture,2.00,5999.00,11998.00,0.05,599.90,11398.10,2564.57,Noida,Uttar Pradesh,North,Debit Card,Express,2024,2,February,0.225
ORD103846,02-07-2024,CUST1708,Customer_0708,P2004,Wireless Mouse,Electronics,Accessories,2.00,899.00,1798.00,0.20,359.60,1438.40,143.84,Chennai,Tamil Nadu,South,UPI,Express,2024,7,July,0.1
ORD100200,18-11-2024,CUST1790,Customer_0790,P2016,Bedsheet Set,Home & Kitchen,Home Decor,2.00,999.00,1998.00,0.10,199.80,1798.20,377.62,Ahmedabad,Gujarat,West,UPI,Standard,2024,11,November,0.21
ORD100382,17-01-2024,CUST1703,Customer_0703,P2016,Bedsheet Set,Home & Kitchen,Home Decor,1.00,999.00,999.00,0.00,0.00,999.00,239.76,Bengaluru,Karnataka,South,Credit Card,Express,2024,1,January,0.24
ORD100964,31-07-2024,CUST1034,Customer_0034,P2003,Laptop,Electronics,Computers,1.00,59999.00,59999.00,0.20,11999.80,47999.20,4799.92,Noida,Uttar Pradesh,North,Net Banking,Same Day,2024,7,July,0.1
ORD102589,24-08-2025,CUST1402,Customer_0402,P2006,Power Bank,Electronics,Accessories,1.00,1499.00,1499.00,0.25,374.75,1124.25,95.56,Lucknow,Uttar Pradesh,North,UPI,Same Day,2025,8,August,0.085
ORD103347,27-05-2024,CUST1353,Customer_0353,P2018,Face Wash,Beauty,Skincare,2.00,399.00,798.00,0.10,79.80,718.20,251.37,Gurugram,Haryana,North,UPI,Standard,2024,5,May,0.35
ORD103699,30-12-2025,CUST1611,Customer_0611,P2008,Jeans,Clothing,Men,2.00,1799.00,3598.00,0.10,359.80,3238.20,939.08,Delhi,Delhi,North,UPI,Standard,2025,12,December,0.29
ORD103870,11-02-2025,CUST1672,Customer_0672,P2023,Dumbbells,Sports,Fitness,2.00,1599.00,3198.00,0.00,0.00,3198.00,895.44,Ahmedabad,Gujarat,West,Credit Card,Same Day,2025,2,February,0.28
ORD100482,19-03-2024,CUST1454,Customer_0454,P2024,Cricket Bat,Sports,Outdoor,3.00,2499.00,7497.00,0.10,749.70,6747.30,1686.82,Chennai,Tamil Nadu,South,UPI,Express,2024,3,March,0.25
ORD100485,02-11-2024,CUST1385,Customer_0385,P2022,Yoga Mat,Sports,Fitness,1.00,899.00,899.00,0.15,134.85,764.15,179.58,Mumbai,Maharashtra,West,Net Banking,Standard,2024,11,November,0.235
ORD100531,15-06-2024,CUST1151,Customer_0151,P2014,Cookware Set,Home & Kitchen,Kitchen,3.00,2999.00,8997.00,0.10,899.70,8097.30,1700.43,Pune,Maharashtra,West,UPI,Same Day,2024,6,June,0.21
ORD100926,31-07-2025,CUST1268,Customer_0268,P2018,Face Wash,Beauty,Skincare,3.00,399.00,1197.00,0.15,179.55,1017.45,340.85,Mumbai,Maharashtra,West,Debit Card,Standard,2025,7,July,0.335
ORD101106,03-09-2024,CUST1231,Customer_0231,P2007,T-Shirt,Clothing,Men,1.00,799.00,799.00,0.05,39.95,759.05,231.51,Delhi,Delhi,North,Credit Card,Standard,2024,9,September,0.305
ORD103044,03-08-2025,CUST1193,Customer_0193,P2009,Kurti,Clothing,Women,1.00,1199.00,1199.00,0.00,0.00,1199.00,383.68,Ahmedabad,Gujarat,West,Credit Card,Standard,2025,8,August,0.32
ORD104763,02-02-2025,CUST1029,Customer_0029,P2001,Smartphone,Electronics,Mobiles,2.00,24999.00,49998.00,0.00,0.00,49998.00,7999.68,Delhi,Delhi,North,Debit Card,Express,2025,2,February,0.16
ORD100934,24-11-2025,CUST1511,Customer_0511,P2002,Wireless Earbuds,Electronics,Mobiles,1.00,2999.00,2999.00,0.00,0.00,2999.00,479.84,Bengaluru,Karnataka,South,Net Banking,Express,2025,11,November,0.16
ORD103132,07-07-2025,CUST1495,Customer_0495,P2002,Wireless Earbuds,Electronics,Mobiles,4.00,2999.00,11996.00,0.25,2999.00,8997.00,764.74,Jaipur,Rajasthan,North,UPI,Standard,2025,7,July,0.085
ORD104760,05-12-2024,CUST1680,Customer_0680,P2022,Yoga Mat,Sports,Fitness,1.00,899.00,899.00,0.15,134.85,764.15,179.58,Mumbai,Maharashtra,West,Credit Card,Standard,2024,12,December,0.235
ORD100187,28-01-2025,CUST1410,Customer_0410,P2020,Shampoo,Beauty,Haircare,1.00,599.00,599.00,0.05,29.95,569.05,207.70,Pune,Maharashtra,West,Debit Card,Standard,2025,1,January,0.365
ORD101165,23-05-2024,CUST1029,Customer_0029,P2016,Bedsheet Set,Home & Kitchen,Home Decor,3.00,999.00,2997.00,0.10,299.70,2697.30,566.43,Mumbai,Maharashtra,West,UPI,Standard,2024,5,May,0.21
ORD101207,06-12-2025,CUST1082,Customer_0082,P2010,Dress,Clothing,Women,1.00,1999.00,1999.00,0.15,299.85,1699.15,467.27,Lucknow,Uttar Pradesh,North,Credit Card,Express,2025,12,December,0.275
ORD101625,21-03-2024,CUST1205,Customer_0205,P2001,Smartphone,Electronics,Mobiles,1.00,24999.00,24999.00,0.00,0.00,24999.00,3999.84,Mumbai,Maharashtra,West,Net Banking,Standard,2024,3,March,0.16
ORD102545,27-05-2025,CUST1127,Customer_0127,P2021,Perfume,Beauty,Fragrance,1.00,1499.00,1499.00,0.00,0.00,1499.00,569.62,Ahmedabad,Gujarat,West,UPI,Standard,2025,5,May,0.38
ORD103119,20-12-2024,CUST1443,Customer_0443,P2008,Jeans,Clothing,Men,1.00,1799.00,1799.00,0.10,179.90,1619.10,469.54,Mumbai,Maharashtra,West,Credit Card,Standard,2024,12,December,0.29
ORD103350,24-02-2024,CUST1218,Customer_0218,P2007,T-Shirt,Clothing,Men,2.00,799.00,1598.00,0.05,79.90,1518.10,463.02,Jaipur,Rajasthan,North,Debit Card,Standard,2024,2,February,0.305
ORD103670,10-04-2024,CUST1180,Customer_0180,P2005,Keyboard,Electronics,Accessories,1.00,1299.00,1299.00,0.05,64.95,1234.05,178.94,Pune,Maharashtra,West,Debit Card,Standard,2024,4,April,0.145
ORD100354,23-03-2025,CUST1637,Customer_0637,P2013,Mixer Grinder,Home & Kitchen,Kitchen,1.00,3499.00,3499.00,0.15,524.85,2974.15,579.96,Bengaluru,Karnataka,South,Debit Card,Standard,2025,3,March,0.195
ORD101652,25-08-2024,CUST1642,Customer_0642,P2003,Laptop,Electronics,Computers,3.00,59999.00,179997.00,0.10,17999.70,161997.30,21059.65,Kolkata,West Bengal,East,UPI,Standard,2024,8,August,0.13
ORD101716,18-03-2024,CUST1137,Customer_0137,P2003,Laptop,Electronics,Computers,1.00,59999.00,59999.00,0.15,8999.85,50999.15,5864.90,Noida,Uttar Pradesh,North,Net Banking,Same Day,2024,3,March,0.115
ORD101896,14-12-2024,CUST1590,Customer_0590,P2019,Sunscreen,Beauty,Skincare,1.00,699.00,699.00,0.05,34.95,664.05,242.38,Jaipur,Rajasthan,North,UPI,Standard,2024,12,December,0.365
ORD102475,11-09-2025,CUST1745,Customer_0745,P2011,Sneakers,Clothing,Footwear,1.00,2499.00,2499.00,0.25,624.75,1874.25,459.19,Gurugram,Haryana,North,UPI,Same Day,2025,9,September,0.245
ORD102712,20-09-2025,CUST1349,Customer_0349,P2022,Yoga Mat,Sports,Fitness,2.00,899.00,1798.00,0.15,269.70,1528.30,359.15,Chennai,Tamil Nadu,South,Cash on Delivery,Standard,2025,9,September,0.235
ORD103013,01-09-2025,CUST1141,Customer_0141,P2022,Yoga Mat,Sports,Fitness,3.00,899.00,2697.00,0.00,0.00,2697.00,755.16,Bengaluru,Karnataka,South,UPI,Express,2025,9,September,0.28
ORD104728,10-02-2025,CUST1243,Customer_0243,P2015,Table Lamp,Home & Kitchen,Home Decor,1.00,1299.00,1299.00,0.10,129.90,1169.10,245.51,Ahmedabad,Gujarat,West,UPI,Express,2025,2,February,0.21
ORD100534,30-11-2024,CUST1284,Customer_0284,P2005,Keyboard,Electronics,Accessories,2.00,1299.00,2598.00,0.20,519.60,2078.40,207.84,Gurugram,Haryana,North,UPI,Standard,2024,11,November,0.1
ORD101473,31-01-2024,CUST1479,Customer_0479,P2001,Smartphone,Electronics,Mobiles,1.00,24999.00,24999.00,0.20,4999.80,19999.20,1999.92,Pune,Maharashtra,West,Net Banking,Standard,2024,1,January,0.1
ORD102655,11-10-2025,CUST1062,Customer_0062,P2007,T-Shirt,Clothing,Men,1.00,799.00,799.00,0.15,119.85,679.15,186.77,Lucknow,Uttar Pradesh,North,UPI,Standard,2025,10,October,0.275
ORD103578,06-10-2024,CUST1714,Customer_0714,P2014,Cookware Set,Home & Kitchen,Kitchen,1.00,2999.00,2999.00,0.15,449.85,2549.15,497.08,Mumbai,Maharashtra,West,Debit Card,Standard,2024,10,October,0.195
ORD103766,06-04-2025,CUST1723,Customer_0723,P2017,Office Chair,Home & Kitchen,Furniture,1.00,5999.00,5999.00,0.25,1499.75,4499.25,742.38,Mumbai,Maharashtra,West,Net Banking,Standard,2025,4,April,0.165
ORD104194,17-05-2025,CUST1514,Customer_0514,P2010,Dress,Clothing,Women,2.00,1999.00,3998.00,0.10,399.80,3598.20,1043.48,Hyderabad,Telangana,South,Net Banking,Standard,2025,5,May,0.29
ORD100154,21-08-2024,CUST1505,Customer_0505,P2014,Cookware Set,Home & Kitchen,Kitchen,2.00,2999.00,5998.00,0.25,1499.50,4498.50,742.25,Mumbai,Maharashtra,West,UPI,Standard,2024,8,August,0.165
ORD100455,30-12-2024,CUST1250,Customer_0250,P2007,T-Shirt,Clothing,Men,1.00,799.00,799.00,0.15,119.85,679.15,186.77,Gurugram,Haryana,North,Net Banking,Standard,2024,12,December,0.275
ORD100490,20-07-2025,CUST1169,Customer_0169,P2018,Face Wash,Beauty,Skincare,1.00,399.00,399.00,0.00,0.00,399.00,151.62,Ahmedabad,Gujarat,West,UPI,Standard,2025,7,July,0.38
ORD101573,19-01-2025,CUST1098,Customer_0098,P2009,Kurti,Clothing,Women,1.00,1199.00,1199.00,0.10,119.90,1079.10,312.94,Pune,Maharashtra,West,Debit Card,Standard,2025,1,January,0.29
ORD103468,18-03-2025,CUST1777,Customer_0777,P2008,Jeans,Clothing,Men,1.00,1799.00,1799.00,0.20,359.80,1439.20,374.19,Noida,Uttar Pradesh,North,Debit Card,Standard,2025,3,March,0.26
ORD103839,09-07-2024,CUST1606,Customer_0606,P2016,Bedsheet Set,Home & Kitchen,Home Decor,1.00,999.00,999.00,0.20,199.80,799.20,143.86,Mumbai,Maharashtra,West,Net Banking,Express,2024,7,July,0.18
ORD103969,27-11-2025,CUST1105,Customer_0105,P2016,Bedsheet Set,Home & Kitchen,Home Decor,1.00,999.00,999.00,0.15,149.85,849.15,165.58,Gurugram,Haryana,North,Credit Card,Standard,2025,11,November,0.195
ORD104497,22-08-2025,CUST1248,Customer_0248,P2009,Kurti,Clothing,Women,2.00,1199.00,2398.00,0.10,239.80,2158.20,625.88,Ahmedabad,Gujarat,West,UPI,Same Day,2025,8,August,0.29
ORD100027,07-11-2025,CUST1030,Customer_0030,P2015,Table Lamp,Home & Kitchen,Home Decor,2.00,1299.00,2598.00,0.15,389.70,2208.30,430.62,Pune,Maharashtra,West,UPI,Standard,2025,11,November,0.195
ORD100066,24-01-2025,CUST1564,Customer_0564,P2001,Smartphone,Electronics,Mobiles,2.00,24999.00,49998.00,0.10,4999.80,44998.20,5849.77,Bengaluru,Karnataka,South,Credit Card,Standard,2025,1,January,0.13
ORD101611,28-03-2024,CUST1377,Customer_0377,P2004,Wireless Mouse,Electronics,Accessories,1.00,899.00,899.00,0.05,44.95,854.05,123.84,Bengaluru,Karnataka,South,Cash on Delivery,Express,2024,3,March,0.145
ORD103379,25-09-2025,CUST1614,Customer_0614,P2010,Dress,Clothing,Women,2.00,1999.00,3998.00,0.00,0.00,3998.00,1279.36,Mumbai,Maharashtra,West,UPI,Standard,2025,9,September,0.32
ORD103644,29-10-2024,CUST1112,Customer_0112,P2005,Keyboard,Electronics,Accessories,1.00,1299.00,1299.00,0.00,0.00,1299.00,207.84,Chennai,Tamil Nadu,South,UPI,Express,2024,10,October,0.16
ORD103902,09-09-2024,CUST1578,Customer_0578,P2008,Jeans,Clothing,Men,3.00,1799.00,5397.00,0.05,269.85,5127.15,1563.78,Kolkata,West Bengal,East,Net Banking,Standard,2024,9,September,0.305
ORD103925,31-12-2025,CUST1163,Customer_0163,P2017,Office Chair,Home & Kitchen,Furniture,1.00,5999.00,5999.00,0.15,899.85,5099.15,994.33,Bengaluru,Karnataka,South,UPI,Standard,2025,12,December,0.195
ORD103973,16-03-2024,CUST1796,Customer_0796,P2003,Laptop,Electronics,Computers,1.00,59999.00,59999.00,0.30,17999.70,41999.30,2939.95,Pune,Maharashtra,West,Credit Card,Standard,2024,3,March,0.07
ORD103979,25-03-2024,CUST1683,Customer_0683,P2010,Dress,Clothing,Women,2.00,1999.00,3998.00,0.10,399.80,3598.20,1043.48,Ahmedabad,Gujarat,West,Credit Card,Express,2024,3,March,0.29
ORD100248,01-10-2024,CUST1542,Customer_0542,P2002,Wireless Earbuds,Electronics,Mobiles,1.00,2999.00,2999.00,0.20,599.80,2399.20,239.92,Hyderabad,Telangana,South,Credit Card,Standard,2024,10,October,0.1
ORD100596,06-06-2024,CUST1680,Customer_0680,P2014,Cookware Set,Home & Kitchen,Kitchen,1.00,2999.00,2999.00,0.20,599.80,2399.20,431.86,Gurugram,Haryana,North,UPI,Standard,2024,6,June,0.18
ORD100608,24-01-2025,CUST1375,Customer_0375,P2014,Cookware Set,Home & Kitchen,Kitchen,1.00,2999.00,2999.00,0.15,449.85,2549.15,497.08,Kolkata,West Bengal,East,Credit Card,Standard,2025,1,January,0.195
ORD100660,29-12-2025,CUST1508,Customer_0508,P2008,Jeans,Clothing,Men,1.00,1799.00,1799.00,0.25,449.75,1349.25,330.57,Ahmedabad,Gujarat,West,Debit Card,Standard,2025,12,December,0.245
ORD101176,11-10-2025,CUST1727,Customer_0727,P2023,Dumbbells,Sports,Fitness,2.00,1599.00,3198.00,0.10,319.80,2878.20,719.55,Chennai,Tamil Nadu,South,Net Banking,Standard,2025,10,October,0.25
ORD101815,06-06-2024,CUST1681,Customer_0681,P2007,T-Shirt,Clothing,Men,1.00,799.00,799.00,0.15,119.85,679.15,186.77,Chennai,Tamil Nadu,South,UPI,Standard,2024,6,June,0.275
ORD103719,02-02-2025,CUST1002,Customer_0002,P2001,Smartphone,Electronics,Mobiles,2.00,24999.00,49998.00,0.05,2499.90,47498.10,6887.22,Delhi,Delhi,North,UPI,Standard,2025,2,February,0.145
ORD103845,20-11-2024,CUST1404,Customer_0404,P2020,Shampoo,Beauty,Haircare,2.00,599.00,1198.00,0.05,59.90,1138.10,415.41,Noida,Uttar Pradesh,North,UPI,Standard,2024,11,November,0.365
ORD104580,04-01-2025,CUST1198,Customer_0198,P2017,Office Chair,Home & Kitchen,Furniture,1.00,5999.00,5999.00,0.15,899.85,5099.15,994.33,Gurugram,Haryana,North,Debit Card,Standard,2025,1,January,0.195
ORD100476,19-04-2024,CUST1422,Customer_0422,P2022,Yoga Mat,Sports,Fitness,1.00,899.00,899.00,0.05,44.95,854.05,226.32,Ahmedabad,Gujarat,West,UPI,Express,2024,4,April,0.265
ORD102136,03-04-2024,CUST1713,Customer_0713,P2008,Jeans,Clothing,Men,1.00,1799.00,1799.00,0.00,0.00,1799.00,575.68,Kolkata,West Bengal,East,Credit Card,Standard,2024,4,April,0.32
ORD102420,06-01-2024,CUST1021,Customer_0021,P2017,Office Chair,Home & Kitchen,Furniture,1.00,5999.00,5999.00,0.15,899.85,5099.15,994.33,Gurugram,Haryana,North,Credit Card,Express,2024,1,January,0.195
ORD103034,11-11-2024,CUST1022,Customer_0022,P2005,Keyboard,Electronics,Accessories,1.00,1299.00,1299.00,0.05,64.95,1234.05,178.94,Lucknow,Uttar Pradesh,North,Debit Card,Same Day,2024,11,November,0.145
ORD103166,31-03-2025,CUST1667,Customer_0667,P2004,Wireless Mouse,Electronics,Accessories,1.00,899.00,899.00,0.20,179.80,719.20,71.92,Noida,Uttar Pradesh,North,Net Banking,Standard,2025,3,March,0.1
ORD101414,03-01-2025,CUST1141,Customer_0141,P2010,Dress,Clothing,Women,1.00,1999.00,1999.00,0.05,99.95,1899.05,579.21,Delhi,Delhi,North,Credit Card,Same Day,2025,1,January,0.305
ORD101478,03-10-2024,CUST1218,Customer_0218,P2006,Power Bank,Electronics,Accessories,1.00,1499.00,1499.00,0.20,299.80,1199.20,119.92,Gurugram,Haryana,North,Debit Card,Standard,2024,10,October,0.1
ORD102262,14-04-2024,CUST1007,Customer_0007,P2025,Football,Sports,Outdoor,1.00,999.00,999.00,0.25,249.75,749.25,153.60,Lucknow,Uttar Pradesh,North,UPI,Standard,2024,4,April,0.205
ORD102297,15-05-2024,CUST1243,Customer_0243,P2003,Laptop,Electronics,Computers,1.00,59999.00,59999.00,0.15,8999.85,50999.15,5864.90,Noida,Uttar Pradesh,North,Credit Card,Standard,2024,5,May,0.115
ORD102385,30-03-2024,CUST1236,Customer_0236,P2022,Yoga Mat,Sports,Fitness,2.00,899.00,1798.00,0.10,179.80,1618.20,404.55,Mumbai,Maharashtra,West,Debit Card,Standard,2024,3,March,0.25
ORD103210,10-07-2024,CUST1601,Customer_0601,P2025,Football,Sports,Outdoor,1.00,999.00,999.00,0.25,249.75,749.25,153.60,Noida,Uttar Pradesh,North,Debit Card,Standard,2024,7,July,0.205
ORD104867,17-03-2025,CUST1585,Customer_0585,P2004,Wireless Mouse,Electronics,Accessories,2.00,899.00,1798.00,0.00,0.00,1798.00,287.68,Chennai,Tamil Nadu,South,Credit Card,Standard,2025,3,March,0.16
ORD100041,04-04-2025,CUST1720,Customer_0720,P2009,Kurti,Clothing,Women,1.00,1199.00,1199.00,0.15,179.85,1019.15,280.27,Gurugram,Haryana,North,Debit Card,Standard,2025,4,April,0.275
ORD100212,24-07-2025,CUST1155,Customer_0155,P2010,Dress,Clothing,Women,1.00,1999.00,1999.00,0.10,199.90,1799.10,521.74,Gurugram,Haryana,North,Credit Card,Standard,2025,7,July,0.29
ORD101175,22-07-2025,CUST1323,Customer_0323,P2018,Face Wash,Beauty,Skincare,1.00,399.00,399.00,0.20,79.80,319.20,102.14,Pune,Maharashtra,West,Credit Card,Standard,2025,7,July,0.32
ORD101497,08-06-2025,CUST1594,Customer_0594,P2005,Keyboard,Electronics,Accessories,1.00,1299.00,1299.00,0.15,194.85,1104.15,126.98,Bengaluru,Karnataka,South,Debit Card,Standard,2025,6,June,0.115
ORD102768,21-02-2025,CUST1642,Customer_0642,P2022,Yoga Mat,Sports,Fitness,1.00,899.00,899.00,0.10,89.90,809.10,202.28,Mumbai,Maharashtra,West,Credit Card,Same Day,2025,2,February,0.25
ORD102870,15-04-2024,CUST1058,Customer_0058,P2012,Sandals,Clothing,Footwear,2.00,1299.00,2598.00,0.15,389.70,2208.30,607.28,Delhi,Delhi,North,Debit Card,Standard,2024,4,April,0.275
ORD103411,27-01-2024,CUST1272,Customer_0272,P2021,Perfume,Beauty,Fragrance,1.00,1499.00,1499.00,0.10,149.90,1349.10,472.18,Pune,Maharashtra,West,Credit Card,Express,2024,1,January,0.35
ORD103958,01-04-2024,CUST1660,Customer_0660,P2004,Wireless Mouse,Electronics,Accessories,1.00,899.00,899.00,0.25,224.75,674.25,57.31,Ahmedabad,Gujarat,West,UPI,Standard,2024,4,April,0.085
ORD104106,28-12-2024,CUST1275,Customer_0275,P2005,Keyboard,Electronics,Accessories,3.00,1299.00,3897.00,0.10,389.70,3507.30,455.95,Kolkata,West Bengal,East,Debit Card,Same Day,2024,12,December,0.13
ORD104767,21-07-2025,CUST1306,Customer_0306,P2023,Dumbbells,Sports,Fitness,2.00,1599.00,3198.00,0.10,319.80,2878.20,719.55,Delhi,Delhi,North,UPI,Standard,2025,7,July,0.25
ORD101819,05-04-2024,CUST1119,Customer_0119,P2005,Keyboard,Electronics,Accessories,1.00,1299.00,1299.00,0.15,194.85,1104.15,126.98,Kolkata,West Bengal,East,UPI,Express,2024,4,April,0.115
ORD102561,03-09-2025,CUST1244,Customer_0244,P2022,Yoga Mat,Sports,Fitness,1.00,899.00,899.00,0.10,89.90,809.10,202.28,Kolkata,West Bengal,East,Cash on Delivery,Express,2025,9,September,0.25
ORD103083,04-09-2025,CUST1045,Customer_0045,P2011,Sneakers,Clothing,Footwear,2.00,2499.00,4998.00,0.20,999.60,3998.40,1039.58,Noida,Uttar Pradesh,North,Net Banking,Same Day,2025,9,September,0.26
ORD103140,28-11-2024,CUST1667,Customer_0667,P2001,Smartphone,Electronics,Mobiles,2.00,24999.00,49998.00,0.05,2499.90,47498.10,6887.22,Jaipur,Rajasthan,North,Cash on Delivery,Standard,2024,11,November,0.145
ORD103842,29-01-2025,CUST1315,Customer_0315,P2025,Football,Sports,Outdoor,2.00,999.00,1998.00,0.20,399.60,1598.40,351.65,Gurugram,Haryana,North,Credit Card,Standard,2025,1,January,0.22
ORD104219,13-01-2024,CUST1240,Customer_0240,P2016,Bedsheet Set,Home & Kitchen,Home Decor,4.00,999.00,3996.00,0.00,0.00,3996.00,959.04,Chennai,Tamil Nadu,South,UPI,Express,2024,1,January,0.24
ORD100124,25-10-2024,CUST1083,Customer_0083,P2001,Smartphone,Electronics,Mobiles,1.00,24999.00,24999.00,0.10,2499.90,22499.10,2924.88,Hyderabad,Telangana,South,UPI,Express,2024,10,October,0.13
ORD101254,27-02-2025,CUST1233,Customer_0233,P2014,Cookware Set,Home & Kitchen,Kitchen,3.00,2999.00,8997.00,0.15,1349.55,7647.45,1491.25,Jaipur,Rajasthan,North,UPI,Express,2025,2,February,0.195
ORD101699,01-02-2025,CUST1149,Customer_0149,P2021,Perfume,Beauty,Fragrance,1.00,1499.00,1499.00,0.05,74.95,1424.05,519.78,Kolkata,West Bengal,East,Cash on Delivery,Standard,2025,2,February,0.365
ORD102186,27-03-2024,CUST1392,Customer_0392,P2011,Sneakers,Clothing,Footwear,1.00,2499.00,2499.00,0.10,249.90,2249.10,652.24,Chennai,Tamil Nadu,South,Debit Card,Standard,2024,3,March,0.29
ORD102437,26-07-2025,CUST1754,Customer_0754,P2010,Dress,Clothing,Women,4.00,1999.00,7996.00,0.05,399.80,7596.20,2316.84,Noida,Uttar Pradesh,North,Credit Card,Standard,2025,7,July,0.305
ORD102462,05-09-2024,CUST1207,Customer_0207,P2025,Football,Sports,Outdoor,1.00,999.00,999.00,0.05,49.95,949.05,251.50,Gurugram,Haryana,North,Credit Card,Express,2024,9,September,0.265
ORD102763,08-08-2025,CUST1453,Customer_0453,P2011,Sneakers,Clothing,Footwear,1.00,2499.00,2499.00,0.20,499.80,1999.20,519.79,Mumbai,Maharashtra,West,Debit Card,Standard,2025,8,August,0.26
ORD100117,17-06-2025,CUST1138,Customer_0138,P2015,Table Lamp,Home & Kitchen,Home Decor,1.00,1299.00,1299.00,0.15,194.85,1104.15,215.31,Noida,Uttar Pradesh,North,Debit Card,Standard,2025,6,June,0.195
ORD100371,22-06-2024,CUST1693,Customer_0693,P2007,T-Shirt,Clothing,Men,3.00,799.00,2397.00,0.05,119.85,2277.15,694.53,Delhi,Delhi,North,UPI,Standard,2024,6,June,0.305
ORD100601,02-12-2025,CUST1427,Customer_0427,P2003,Laptop,Electronics,Computers,1.00,59999.00,59999.00,0.00,0.00,59999.00,9599.84,Pune,Maharashtra,West,UPI,Express,2025,12,December,0.16
ORD101799,24-01-2025,CUST1270,Customer_0270,P2008,Jeans,Clothing,Men,1.00,1799.00,1799.00,0.10,179.90,1619.10,469.54,Jaipur,Rajasthan,North,UPI,Same Day,2025,1,January,0.29
ORD101877,22-06-2024,CUST1007,Customer_0007,P2012,Sandals,Clothing,Footwear,2.00,1299.00,2598.00,0.20,519.60,2078.40,540.38,Ahmedabad,Gujarat,West,UPI,Standard,2024,6,June,0.26
ORD102436,22-05-2024,CUST1044,Customer_0044,P2015,Table Lamp,Home & Kitchen,Home Decor,2.00,1299.00,2598.00,0.10,259.80,2338.20,491.02,Hyderabad,Telangana,South,Credit Card,Express,2024,5,May,0.21
ORD102927,02-10-2024,CUST1249,Customer_0249,P2018,Face Wash,Beauty,Skincare,1.00,399.00,399.00,0.15,59.85,339.15,113.62,Gurugram,Haryana,North,Credit Card,Standard,2024,10,October,0.335
ORD103397,04-11-2024,CUST1171,Customer_0171,P2006,Power Bank,Electronics,Accessories,2.00,1499.00,2998.00,0.15,449.70,2548.30,293.05,Pune,Maharashtra,West,Debit Card,Standard,2024,11,November,0.115
ORD103991,01-10-2024,CUST1132,Customer_0132,P2006,Power Bank,Electronics,Accessories,1.00,1499.00,1499.00,0.20,299.80,1199.20,119.92,Hyderabad,Telangana,South,Debit Card,Express,2024,10,October,0.1
ORD104053,19-05-2025,CUST1387,Customer_0387,P2008,Jeans,Clothing,Men,1.00,1799.00,1799.00,0.05,89.95,1709.05,521.26,Lucknow,Uttar Pradesh,North,Net Banking,Express,2025,5,May,0.305
ORD100186,29-05-2024,CUST1231,Customer_0231,P2003,Laptop,Electronics,Computers,2.00,59999.00,119998.00,0.20,23999.60,95998.40,9599.84,Bengaluru,Karnataka,South,UPI,Standard,2024,5,May,0.1
ORD101351,05-03-2024,CUST1447,Customer_0447,P2006,Power Bank,Electronics,Accessories,2.00,1499.00,2998.00,0.20,599.60,2398.40,239.84,Kolkata,West Bengal,East,Net Banking,Express,2024,3,March,0.1
ORD103204,20-06-2024,CUST1570,Customer_0570,P2016,Bedsheet Set,Home & Kitchen,Home Decor,1.00,999.00,999.00,0.15,149.85,849.15,165.58,Gurugram,Haryana,North,Credit Card,Standard,2024,6,June,0.195
ORD103793,21-03-2025,CUST1302,Customer_0302,P2006,Power Bank,Electronics,Accessories,4.00,1499.00,5996.00,0.05,299.80,5696.20,825.95,Jaipur,Rajasthan,North,Cash on Delivery,Standard,2025,3,March,0.145
ORD104295,09-10-2024,CUST1666,Customer_0666,P2010,Dress,Clothing,Women,1.00,1999.00,1999.00,0.05,99.95,1899.05,579.21,Ahmedabad,Gujarat,West,Debit Card,Standard,2024,10,October,0.305
ORD100910,07-03-2025,CUST1445,Customer_0445,P2012,Sandals,Clothing,Footwear,1.00,1299.00,1299.00,0.00,0.00,1299.00,415.68,Chennai,Tamil Nadu,South,UPI,Standard,2025,3,March,0.32
ORD103033,02-11-2024,CUST1765,Customer_0765,P2014,Cookware Set,Home & Kitchen,Kitchen,3.00,2999.00,8997.00,0.15,1349.55,7647.45,1491.25,Chennai,Tamil Nadu,South,UPI,Standard,2024,11,November,0.195
ORD103541,10-05-2025,CUST1243,Customer_0243,P2005,Keyboard,Electronics,Accessories,1.00,1299.00,1299.00,0.30,389.70,909.30,63.65,Ahmedabad,Gujarat,West,Credit Card,Standard,2025,5,May,0.07
ORD103548,19-03-2024,CUST1232,Customer_0232,P2009,Kurti,Clothing,Women,1.00,1199.00,1199.00,0.10,119.90,1079.10,312.94,Kolkata,West Bengal,East,Debit Card,Standard,2024,3,March,0.29
ORD104284,04-01-2025,CUST1581,Customer_0581,P2022,Yoga Mat,Sports,Fitness,2.00,899.00,1798.00,0.05,89.90,1708.10,452.65,Pune,Maharashtra,West,UPI,Express,2025,1,January,0.265
ORD100116,14-09-2024,CUST1257,Customer_0257,P2013,Mixer Grinder,Home & Kitchen,Kitchen,3.00,3499.00,10497.00,0.15,1574.55,8922.45,1739.88,Noida,Uttar Pradesh,North,Net Banking,Express,2024,9,September,0.195
ORD102233,09-09-2024,CUST1516,Customer_0516,P2003,Laptop,Electronics,Computers,1.00,59999.00,59999.00,0.00,0.00,59999.00,9599.84,Lucknow,Uttar Pradesh,North,Credit Card,Standard,2024,9,September,0.16
ORD102843,02-10-2025,CUST1509,Customer_0509,P2012,Sandals,Clothing,Footwear,2.00,1299.00,2598.00,0.00,0.00,2598.00,831.36,Chennai,Tamil Nadu,South,Credit Card,Same Day,2025,10,October,0.32
ORD103423,22-05-2025,CUST1755,Customer_0755,P2008,Jeans,Clothing,Men,2.00,1799.00,3598.00,0.10,359.80,3238.20,939.08,Kolkata,West Bengal,East,UPI,Standard,2025,5,May,0.29
ORD103743,31-08-2025,CUST1484,Customer_0484,P2017,Office Chair,Home & Kitchen,Furniture,1.00,5999.00,5999.00,0.10,599.90,5399.10,1133.81,Lucknow,Uttar Pradesh,North,UPI,Same Day,2025,8,August,0.21
ORD104773,23-09-2025,CUST1779,Customer_0779,P2022,Yoga Mat,Sports,Fitness,1.00,899.00,899.00,0.20,179.80,719.20,158.22,Pune,Maharashtra,West,Credit Card,Express,2025,9,September,0.22
ORD104864,19-07-2024,CUST1795,Customer_0795,P2012,Sandals,Clothing,Footwear,1.00,1299.00,1299.00,0.10,129.90,1169.10,339.04,Bengaluru,Karnataka,South,UPI,Standard,2024,7,July,0.29
ORD101011,13-04-2025,CUST1451,Customer_0451,P2013,Mixer Grinder,Home & Kitchen,Kitchen,1.00,3499.00,3499.00,0.10,349.90,3149.10,661.31,Bengaluru,Karnataka,South,Debit Card,Express,2025,4,April,0.21
ORD101355,19-04-2024,CUST1779,Customer_0779,P2022,Yoga Mat,Sports,Fitness,3.00,899.00,2697.00,0.25,674.25,2022.75,414.66,Chennai,Tamil Nadu,South,UPI,Standard,2024,4,April,0.205
ORD103654,18-05-2024,CUST1265,Customer_0265,P2011,Sneakers,Clothing,Footwear,1.00,2499.00,2499.00,0.05,124.95,2374.05,724.09,Ahmedabad,Gujarat,West,Net Banking,Standard,2024,5,May,0.305
ORD103989,07-11-2024,CUST1224,Customer_0224,P2011,Sneakers,Clothing,Footwear,2.00,2499.00,4998.00,0.20,999.60,3998.40,1039.58,Gurugram,Haryana,North,UPI,Standard,2024,11,November,0.26
ORD100307,07-01-2024,CUST1767,Customer_0767,P2011,Sneakers,Clothing,Footwear,1.00,2499.00,2499.00,0.30,749.70,1749.30,402.34,Delhi,Delhi,North,Debit Card,Standard,2024,1,January,0.23
ORD100897,09-02-2025,CUST1328,Customer_0328,P2007,T-Shirt,Clothing,Men,1.00,799.00,799.00,0.10,79.90,719.10,208.54,Noida,Uttar Pradesh,North,UPI,Standard,2025,2,February,0.29
ORD101676,06-12-2024,CUST1218,Customer_0218,P2016,Bedsheet Set,Home & Kitchen,Home Decor,1.00,999.00,999.00,0.20,199.80,799.20,143.86,Ahmedabad,Gujarat,West,UPI,Express,2024,12,December,0.18
ORD102608,27-09-2025,CUST1234,Customer_0234,P2009,Kurti,Clothing,Women,3.00,1199.00,3597.00,0.10,359.70,3237.30,938.82,Gurugram,Haryana,North,Credit Card,Standard,2025,9,September,0.29
ORD102745,24-01-2025,CUST1778,Customer_0778,P2006,Power Bank,Electronics,Accessories,1.00,1499.00,1499.00,0.15,224.85,1274.15,146.53,Gurugram,Haryana,North,Credit Card,Express,2025,1,January,0.115
ORD103810,03-12-2024,CUST1185,Customer_0185,P2019,Sunscreen,Beauty,Skincare,1.00,699.00,699.00,0.20,139.80,559.20,178.94,Noida,Uttar Pradesh,North,Cash on Delivery,Same Day,2024,12,December,0.32
ORD104480,26-03-2025,CUST1391,Customer_0391,P2023,Dumbbells,Sports,Fitness,2.00,1599.00,3198.00,0.25,799.50,2398.50,491.69,Gurugram,Haryana,North,Credit Card,Same Day,2025,3,March,0.205
ORD104576,08-12-2024,CUST1279,Customer_0279,P2013,Mixer Grinder,Home & Kitchen,Kitchen,2.00,3499.00,6998.00,0.20,1399.60,5598.40,1007.71,Lucknow,Uttar Pradesh,North,UPI,Standard,2024,12,December,0.18
ORD100146,16-03-2025,CUST1026,Customer_0026,P2024,Cricket Bat,Sports,Outdoor,1.00,2499.00,2499.00,0.10,249.90,2249.10,562.28,Gurugram,Haryana,North,Credit Card,Standard,2025,3,March,0.25
ORD100566,28-10-2025,CUST1190,Customer_0190,P2018,Face Wash,Beauty,Skincare,1.00,399.00,399.00,0.20,79.80,319.20,102.14,Chennai,Tamil Nadu,South,Debit Card,Standard,2025,10,October,0.32
ORD101018,31-08-2025,CUST1714,Customer_0714,P2011,Sneakers,Clothing,Footwear,1.00,2499.00,2499.00,0.20,499.80,1999.20,519.79,Pune,Maharashtra,West,Net Banking,Same Day,2025,8,August,0.26
ORD101728,19-05-2024,CUST1078,Customer_0078,P2003,Laptop,Electronics,Computers,2.00,59999.00,119998.00,0.15,17999.70,101998.30,11729.80,Bengaluru,Karnataka,South,UPI,Express,2024,5,May,0.115
ORD101995,03-11-2024,CUST1272,Customer_0272,P2010,Dress,Clothing,Women,1.00,1999.00,1999.00,0.00,0.00,1999.00,639.68,Bengaluru,Karnataka,South,Debit Card,Express,2024,11,November,0.32
ORD102554,24-11-2024,CUST1382,Customer_0382,P2005,Keyboard,Electronics,Accessories,4.00,1299.00,5196.00,0.00,0.00,5196.00,831.36,Chennai,Tamil Nadu,South,Credit Card,Express,2024,11,November,0.16
ORD104534,09-09-2025,CUST1145,Customer_0145,P2017,Office Chair,Home & Kitchen,Furniture,3.00,5999.00,17997.00,0.20,3599.40,14397.60,2591.57,Kolkata,West Bengal,East,UPI,Same Day,2025,9,September,0.18
ORD104906,12-12-2025,CUST1315,Customer_0315,P2005,Keyboard,Electronics,Accessories,2.00,1299.00,2598.00,0.30,779.40,1818.60,127.30,Lucknow,Uttar Pradesh,North,Debit Card,Express,2025,12,December,0.07
ORD101804,24-07-2024,CUST1209,Customer_0209,P2003,Laptop,Electronics,Computers,1.00,59999.00,59999.00,0.10,5999.90,53999.10,7019.88,Bengaluru,Karnataka,South,UPI,Standard,2024,7,July,0.13
ORD103341,05-05-2025,CUST1002,Customer_0002,P2007,T-Shirt,Clothing,Men,1.00,799.00,799.00,0.10,79.90,719.10,208.54,Pune,Maharashtra,West,Credit Card,Standard,2025,5,May,0.29
ORD103479,17-11-2024,CUST1639,Customer_0639,P2009,Kurti,Clothing,Women,2.00,1199.00,2398.00,0.25,599.50,1798.50,440.63,Jaipur,Rajasthan,North,UPI,Express,2024,11,November,0.245
ORD104472,30-06-2024,CUST1609,Customer_0609,P2015,Table Lamp,Home & Kitchen,Home Decor,2.00,1299.00,2598.00,0.15,389.70,2208.30,430.62,Jaipur,Rajasthan,North,Credit Card,Standard,2024,6,June,0.195
ORD104503,11-02-2025,CUST1589,Customer_0589,P2008,Jeans,Clothing,Men,2.00,1799.00,3598.00,0.15,539.70,3058.30,841.03,Jaipur,Rajasthan,North,Net Banking,Standard,2025,2,February,0.275
ORD104700,22-11-2024,CUST1622,Customer_0622,P2008,Jeans,Clothing,Men,2.00,1799.00,3598.00,0.10,359.80,3238.20,939.08,Noida,Uttar Pradesh,North,Debit Card,Same Day,2024,11,November,0.29
ORD104808,25-10-2024,CUST1272,Customer_0272,P2020,Shampoo,Beauty,Haircare,2.00,599.00,1198.00,0.10,119.80,1078.20,377.37,Hyderabad,Telangana,South,UPI,Same Day,2024,10,October,0.35
ORD100071,12-12-2025,CUST1180,Customer_0180,P2014,Cookware Set,Home & Kitchen,Kitchen,5.00,2999.00,14995.00,0.15,2249.25,12745.75,2485.42,Kolkata,West Bengal,East,Credit Card,Express,2025,12,December,0.195
ORD100700,10-10-2025,CUST1009,Customer_0009,P2006,Power Bank,Electronics,Accessories,3.00,1499.00,4497.00,0.10,449.70,4047.30,526.15,Kolkata,West Bengal,East,Credit Card,Standard,2025,10,October,0.13
ORD100859,17-05-2025,CUST1120,Customer_0120,P2017,Office Chair,Home & Kitchen,Furniture,2.00,5999.00,11998.00,0.10,1199.80,10798.20,2267.62,Kolkata,West Bengal,East,UPI,Standard,2025,5,May,0.21
ORD100862,12-08-2025,CUST1760,Customer_0760,P2001,Smartphone,Electronics,Mobiles,1.00,24999.00,24999.00,0.05,1249.95,23749.05,3443.61,Noida,Uttar Pradesh,North,Credit Card,Express,2025,8,August,0.145
ORD101829,05-09-2024,CUST1217,Customer_0217,P2010,Dress,Clothing,Women,4.00,1999.00,7996.00,0.05,399.80,7596.20,2316.84,Kolkata,West Bengal,East,UPI,Standard,2024,9,September,0.305
ORD101851,29-11-2024,CUST1469,Customer_0469,P2024,Cricket Bat,Sports,Outdoor,4.00,2499.00,9996.00,0.30,2998.80,6997.20,1329.47,Noida,Uttar Pradesh,North,UPI,Express,2024,11,November,0.19
ORD103510,20-01-2025,CUST1440,Customer_0440,P2021,Perfume,Beauty,Fragrance,2.00,1499.00,2998.00,0.05,149.90,2848.10,1039.56,Delhi,Delhi,North,UPI,Standard,2025,1,January,0.365
ORD104206,14-10-2024,CUST1211,Customer_0211,P2011,Sneakers,Clothing,Footwear,1.00,2499.00,2499.00,0.05,124.95,2374.05,724.09,Lucknow,Uttar Pradesh,North,UPI,Standard,2024,10,October,0.305
ORD104772,06-02-2025,CUST1203,Customer_0203,P2002,Wireless Earbuds,Electronics,Mobiles,1.00,2999.00,2999.00,0.05,149.95,2849.05,413.11,Chennai,Tamil Nadu,South,Credit Card,Standard,2025,2,February,0.145
ORD101989,08-01-2025,CUST1375,Customer_0375,P2004,Wireless Mouse,Electronics,Accessories,3.00,899.00,2697.00,0.00,0.00,2697.00,431.52,Pune,Maharashtra,West,Credit Card,Express,2025,1,January,0.16
ORD102066,26-04-2024,CUST1010,Customer_0010,P2011,Sneakers,Clothing,Footwear,1.00,2499.00,2499.00,0.15,374.85,2124.15,584.14,Pune,Maharashtra,West,Net Banking,Standard,2024,4,April,0.275
ORD102363,31-07-2025,CUST1590,Customer_0590,P2010,Dress,Clothing,Women,1.00,1999.00,1999.00,0.15,299.85,1699.15,467.27,Delhi,Delhi,North,Credit Card,Express,2025,7,July,0.275
ORD103816,23-07-2024,CUST1443,Customer_0443,P2006,Power Bank,Electronics,Accessories,2.00,1499.00,2998.00,0.20,599.60,2398.40,239.84,Bengaluru,Karnataka,South,Debit Card,Standard,2024,7,July,0.1
ORD103862,29-08-2025,CUST1589,Customer_0589,P2009,Kurti,Clothing,Women,3.00,1199.00,3597.00,0.15,539.55,3057.45,840.80,Delhi,Delhi,North,Net Banking,Express,2025,8,August,0.275
ORD104171,12-07-2025,CUST1502,Customer_0502,P2008,Jeans,Clothing,Men,1.00,1799.00,1799.00,0.00,0.00,1799.00,575.68,Kolkata,West Bengal,East,Cash on Delivery,Standard,2025,7,July,0.32
ORD104403,03-07-2024,CUST1122,Customer_0122,P2007,T-Shirt,Clothing,Men,1.00,799.00,799.00,0.10,79.90,719.10,208.54,Kolkata,West Bengal,East,Credit Card,Express,2024,7,July,0.29
ORD104457,29-11-2025,CUST1778,Customer_0778,P2010,Dress,Clothing,Women,1.00,1999.00,1999.00,0.30,599.70,1399.30,321.84,Jaipur,Rajasthan,North,UPI,Express,2025,11,November,0.23
ORD104788,17-07-2025,CUST1163,Customer_0163,P2016,Bedsheet Set,Home & Kitchen,Home Decor,2.00,999.00,1998.00,0.10,199.80,1798.20,377.62,Gurugram,Haryana,North,Debit Card,Standard,2025,7,July,0.21
ORD100014,28-01-2024,CUST1046,Customer_0046,P2009,Kurti,Clothing,Women,3.00,1199.00,3597.00,0.15,539.55,3057.45,840.80,Hyderabad,Telangana,South,UPI,Standard,2024,1,January,0.275
ORD100323,17-04-2025,CUST1131,Customer_0131,P2004,Wireless Mouse,Electronics,Accessories,2.00,899.00,1798.00,0.15,269.70,1528.30,175.75,Bengaluru,Karnataka,South,Credit Card,Standard,2025,4,April,0.115
ORD100447,26-12-2025,CUST1121,Customer_0121,P2025,Football,Sports,Outdoor,1.00,999.00,999.00,0.10,99.90,899.10,224.78,Bengaluru,Karnataka,South,UPI,Standard,2025,12,December,0.25
ORD100927,02-08-2024,CUST1693,Customer_0693,P2022,Yoga Mat,Sports,Fitness,1.00,899.00,899.00,0.05,44.95,854.05,226.32,Jaipur,Rajasthan,North,UPI,Same Day,2024,8,August,0.265
ORD101177,24-03-2025,CUST1355,Customer_0355,P2011,Sneakers,Clothing,Footwear,1.00,2499.00,2499.00,0.10,249.90,2249.10,652.24,Hyderabad,Telangana,South,UPI,Express,2025,3,March,0.29
ORD101553,25-10-2024,CUST1164,Customer_0164,P2004,Wireless Mouse,Electronics,Accessories,2.00,899.00,1798.00,0.15,269.70,1528.30,175.75,Pune,Maharashtra,West,Debit Card,Standard,2024,10,October,0.115
ORD103690,10-12-2025,CUST1597,Customer_0597,P2022,Yoga Mat,Sports,Fitness,4.00,899.00,3596.00,0.15,539.40,3056.60,718.30,Ahmedabad,Gujarat,West,Credit Card,Standard,2025,12,December,0.235
ORD100037,11-03-2024,CUST1220,Customer_0220,P2015,Table Lamp,Home & Kitchen,Home Decor,1.00,1299.00,1299.00,0.25,324.75,974.25,160.75,Jaipur,Rajasthan,North,UPI,Same Day,2024,3,March,0.165
ORD100318,22-02-2025,CUST1140,Customer_0140,P2010,Dress,Clothing,Women,1.00,1999.00,1999.00,0.15,299.85,1699.15,467.27,Noida,Uttar Pradesh,North,Credit Card,Express,2025,2,February,0.275
ORD104407,20-11-2025,CUST1285,Customer_0285,P2009,Kurti,Clothing,Women,1.00,1199.00,1199.00,0.25,299.75,899.25,220.32,Pune,Maharashtra,West,Credit Card,Express,2025,11,November,0.245
ORD100695,26-05-2025,CUST1238,Customer_0238,P2021,Perfume,Beauty,Fragrance,1.00,1499.00,1499.00,0.20,299.80,1199.20,383.74,Jaipur,Rajasthan,North,Net Banking,Standard,2025,5,May,0.32
ORD100876,22-05-2024,CUST1113,Customer_0113,P2006,Power Bank,Electronics,Accessories,2.00,1499.00,2998.00,0.25,749.50,2248.50,191.12,Mumbai,Maharashtra,West,UPI,Standard,2024,5,May,0.085
ORD101941,10-10-2025,CUST1514,Customer_0514,P2009,Kurti,Clothing,Women,2.00,1199.00,2398.00,0.20,479.60,1918.40,498.78,Chennai,Tamil Nadu,South,Debit Card,Standard,2025,10,October,0.26
ORD102728,06-11-2024,CUST1359,Customer_0359,P2004,Wireless Mouse,Electronics,Accessories,2.00,899.00,1798.00,0.05,89.90,1708.10,247.67,Chennai,Tamil Nadu,South,UPI,Standard,2024,11,November,0.145
ORD102790,04-09-2024,CUST1769,Customer_0769,P2023,Dumbbells,Sports,Fitness,1.00,1599.00,1599.00,0.25,399.75,1199.25,245.85,Ahmedabad,Gujarat,West,UPI,Standard,2024,9,September,0.205
ORD103109,15-09-2024,CUST1275,Customer_0275,P2010,Dress,Clothing,Women,2.00,1999.00,3998.00,0.00,0.00,3998.00,1279.36,Bengaluru,Karnataka,South,Credit Card,Same Day,2024,9,September,0.32
ORD103135,05-11-2025,CUST1289,Customer_0289,P2017,Office Chair,Home & Kitchen,Furniture,2.00,5999.00,11998.00,0.20,2399.60,9598.40,1727.71,Bengaluru,Karnataka,South,Cash on Delivery,Standard,2025,11,November,0.18
ORD103294,06-06-2024,CUST1172,Customer_0172,P2015,Table Lamp,Home & Kitchen,Home Decor,4.00,1299.00,5196.00,0.05,259.80,4936.20,1110.64,Chennai,Tamil Nadu,South,Credit Card,Standard,2024,6,June,0.225
ORD103809,09-03-2025,CUST1184,Customer_0184,P2018,Face Wash,Beauty,Skincare,1.00,399.00,399.00,0.00,0.00,399.00,151.62,Chennai,Tamil Nadu,South,Credit Card,Express,2025,3,March,0.38
ORD103823,21-01-2025,CUST1463,Customer_0463,P2009,Kurti,Clothing,Women,2.00,1199.00,2398.00,0.25,599.50,1798.50,440.63,Lucknow,Uttar Pradesh,North,Credit Card,Express,2025,1,January,0.245
ORD104129,16-03-2024,CUST1569,Customer_0569,P2022,Yoga Mat,Sports,Fitness,5.00,899.00,4495.00,0.20,899.00,3596.00,791.12,Jaipur,Rajasthan,North,Debit Card,Express,2024,3,March,0.22
ORD104236,04-04-2025,CUST1445,Customer_0445,P2010,Dress,Clothing,Women,4.00,1999.00,7996.00,0.20,1599.20,6396.80,1663.17,Hyderabad,Telangana,South,UPI,Standard,2025,4,April,0.26
ORD101300,04-09-2025,CUST1350,Customer_0350,P2025,Football,Sports,Outdoor,3.00,999.00,2997.00,0.00,0.00,2997.00,839.16,Chennai,Tamil Nadu,South,UPI,Standard,2025,9,September,0.28
ORD101526,05-05-2025,CUST1115,Customer_0115,P2019,Sunscreen,Beauty,Skincare,5.00,699.00,3495.00,0.15,524.25,2970.75,995.20,Bengaluru,Karnataka,South,UPI,Standard,2025,5,May,0.335
ORD101630,19-08-2025,CUST1358,Customer_0358,P2008,Jeans,Clothing,Men,1.00,1799.00,1799.00,0.10,179.90,1619.10,469.54,Bengaluru,Karnataka,South,Net Banking,Same Day,2025,8,August,0.29
ORD101955,14-02-2025,CUST1382,Customer_0382,P2001,Smartphone,Electronics,Mobiles,1.00,24999.00,24999.00,0.10,2499.90,22499.10,2924.88,Delhi,Delhi,North,Credit Card,Express,2025,2,February,0.13
ORD101998,01-07-2025,CUST1470,Customer_0470,P2017,Office Chair,Home & Kitchen,Furniture,1.00,5999.00,5999.00,0.15,899.85,5099.15,994.33,Kolkata,West Bengal,East,Net Banking,Standard,2025,7,July,0.195
ORD104611,02-06-2025,CUST1685,Customer_0685,P2023,Dumbbells,Sports,Fitness,5.00,1599.00,7995.00,0.20,1599.00,6396.00,1407.12,Jaipur,Rajasthan,North,Debit Card,Standard,2025,6,June,0.22
ORD103073,09-12-2025,CUST1461,Customer_0461,P2019,Sunscreen,Beauty,Skincare,1.00,699.00,699.00,0.10,69.90,629.10,220.18,Hyderabad,Telangana,South,Credit Card,Standard,2025,12,December,0.35
ORD103370,04-03-2025,CUST1324,Customer_0324,P2006,Power Bank,Electronics,Accessories,1.00,1499.00,1499.00,0.00,0.00,1499.00,239.84,Bengaluru,Karnataka,South,Cash on Delivery,Standard,2025,3,March,0.16
ORD104090,10-07-2025,CUST1556,Customer_0556,P2016,Bedsheet Set,Home & Kitchen,Home Decor,1.00,999.00,999.00,0.20,199.80,799.20,143.86,Chennai,Tamil Nadu,South,Net Banking,Standard,2025,7,July,0.18
ORD101336,07-02-2024,CUST1541,Customer_0541,P2008,Jeans,Clothing,Men,2.00,1799.00,3598.00,0.00,0.00,3598.00,1151.36,Gurugram,Haryana,North,Credit Card,Standard,2024,2,February,0.32
ORD102449,03-01-2025,CUST1317,Customer_0317,P2018,Face Wash,Beauty,Skincare,3.00,399.00,1197.00,0.10,119.70,1077.30,377.05,Delhi,Delhi,North,UPI,Standard,2025,1,January,0.35
ORD102900,19-12-2025,CUST1414,Customer_0414,P2012,Sandals,Clothing,Footwear,2.00,1299.00,2598.00,0.05,129.90,2468.10,752.77,Hyderabad,Telangana,South,Credit Card,Standard,2025,12,December,0.305
ORD103849,03-07-2025,CUST1590,Customer_0590,P2003,Laptop,Electronics,Computers,3.00,59999.00,179997.00,0.10,17999.70,161997.30,21059.65,Jaipur,Rajasthan,North,Debit Card,Standard,2025,7,July,0.13
ORD104107,31-08-2025,CUST1132,Customer_0132,P2020,Shampoo,Beauty,Haircare,3.00,599.00,1797.00,0.10,179.70,1617.30,566.05,Delhi,Delhi,North,Net Banking,Standard,2025,8,August,0.35
ORD104913,15-10-2025,CUST1391,Customer_0391,P2001,Smartphone,Electronics,Mobiles,2.00,24999.00,49998.00,0.10,4999.80,44998.20,5849.77,Pune,Maharashtra,West,Net Banking,Standard,2025,10,October,0.13
ORD100498,28-03-2024,CUST1373,Customer_0373,P2022,Yoga Mat,Sports,Fitness,2.00,899.00,1798.00,0.10,179.80,1618.20,404.55,Mumbai,Maharashtra,West,Credit Card,Standard,2024,3,March,0.25
ORD101440,21-04-2024,CUST1098,Customer_0098,P2001,Smartphone,Electronics,Mobiles,5.00,24999.00,124995.00,0.20,24999.00,99996.00,9999.60,Noida,Uttar Pradesh,North,UPI,Standard,2024,4,April,0.1
ORD101838,11-09-2024,CUST1559,Customer_0559,P2010,Dress,Clothing,Women,2.00,1999.00,3998.00,0.00,0.00,3998.00,1279.36,Noida,Uttar Pradesh,North,Net Banking,Express,2024,9,September,0.32
ORD102524,04-11-2025,CUST1447,Customer_0447,P2019,Sunscreen,Beauty,Skincare,4.00,699.00,2796.00,0.00,0.00,2796.00,1062.48,Delhi,Delhi,North,Credit Card,Standard,2025,11,November,0.38
ORD102784,11-11-2025,CUST1175,Customer_0175,P2004,Wireless Mouse,Electronics,Accessories,1.00,899.00,899.00,0.10,89.90,809.10,105.18,Mumbai,Maharashtra,West,Net Banking,Standard,2025,11,November,0.13
ORD100643,29-12-2024,CUST1174,Customer_0174,P2020,Shampoo,Beauty,Haircare,3.00,599.00,1797.00,0.05,89.85,1707.15,623.11,Chennai,Tamil Nadu,South,UPI,Standard,2024,12,December,0.365
ORD101357,19-06-2024,CUST1481,Customer_0481,P2014,Cookware Set,Home & Kitchen,Kitchen,1.00,2999.00,2999.00,0.05,149.95,2849.05,641.04,Jaipur,Rajasthan,North,Net Banking,Standard,2024,6,June,0.225
ORD101683,24-10-2025,CUST1541,Customer_0541,P2019,Sunscreen,Beauty,Skincare,1.00,699.00,699.00,0.15,104.85,594.15,199.04,Pune,Maharashtra,West,Cash on Delivery,Standard,2025,10,October,0.335
ORD102709,19-09-2025,CUST1160,Customer_0160,P2017,Office Chair,Home & Kitchen,Furniture,1.00,5999.00,5999.00,0.05,299.95,5699.05,1282.29,Hyderabad,Telangana,South,Net Banking,Standard,2025,9,September,0.225
ORD103174,15-02-2024,CUST1173,Customer_0173,P2013,Mixer Grinder,Home & Kitchen,Kitchen,1.00,3499.00,3499.00,0.20,699.80,2799.20,503.86,Chennai,Tamil Nadu,South,Net Banking,Express,2024,2,February,0.18
ORD103388,30-07-2025,CUST1766,Customer_0766,P2017,Office Chair,Home & Kitchen,Furniture,3.00,5999.00,17997.00,0.00,0.00,17997.00,4319.28,Delhi,Delhi,North,UPI,Express,2025,7,July,0.24
ORD104109,22-10-2025,CUST1428,Customer_0428,P2021,Perfume,Beauty,Fragrance,1.00,1499.00,1499.00,0.25,374.75,1124.25,342.90,Noida,Uttar Pradesh,North,UPI,Standard,2025,10,October,0.305
ORD100266,24-11-2025,CUST1796,Customer_0796,P2001,Smartphone,Electronics,Mobiles,1.00,24999.00,24999.00,0.05,1249.95,23749.05,3443.61,Bengaluru,Karnataka,South,UPI,Standard,2025,11,November,0.145
ORD100341,24-10-2025,CUST1645,Customer_0645,P2014,Cookware Set,Home & Kitchen,Kitchen,4.00,2999.00,11996.00,0.05,599.80,11396.20,2564.14,Gurugram,Haryana,North,UPI,Standard,2025,10,October,0.225
ORD102131,13-02-2025,CUST1444,Customer_0444,P2017,Office Chair,Home & Kitchen,Furniture,2.00,5999.00,11998.00,0.15,1799.70,10198.30,1988.67,Kolkata,West Bengal,East,Debit Card,Express,2025,2,February,0.195
ORD102828,05-12-2024,CUST1358,Customer_0358,P2014,Cookware Set,Home & Kitchen,Kitchen,1.00,2999.00,2999.00,0.10,299.90,2699.10,566.81,Ahmedabad,Gujarat,West,Net Banking,Express,2024,12,December,0.21
ORD102867,16-03-2025,CUST1179,Customer_0179,P2006,Power Bank,Electronics,Accessories,2.00,1499.00,2998.00,0.15,449.70,2548.30,293.05,Hyderabad,Telangana,South,UPI,Express,2025,3,March,0.115
ORD103509,18-04-2024,CUST1096,Customer_0096,P2004,Wireless Mouse,Electronics,Accessories,1.00,899.00,899.00,0.10,89.90,809.10,105.18,Chennai,Tamil Nadu,South,Credit Card,Express,2024,4,April,0.13
ORD104561,11-01-2024,CUST1527,Customer_0527,P2018,Face Wash,Beauty,Skincare,1.00,399.00,399.00,0.15,59.85,339.15,113.62,Jaipur,Rajasthan,North,Debit Card,Standard,2024,1,January,0.335
ORD104770,10-04-2024,CUST1725,Customer_0725,P2016,Bedsheet Set,Home & Kitchen,Home Decor,1.00,999.00,999.00,0.10,99.90,899.10,188.81,Ahmedabad,Gujarat,West,UPI,Same Day,2024,4,April,0.21
ORD100499,21-09-2024,CUST1620,Customer_0620,P2012,Sandals,Clothing,Footwear,2.00,1299.00,2598.00,0.10,259.80,2338.20,678.08,Jaipur,Rajasthan,North,Net Banking,Express,2024,9,September,0.29
ORD101252,15-08-2024,CUST1464,Customer_0464,P2014,Cookware Set,Home & Kitchen,Kitchen,3.00,2999.00,8997.00,0.10,899.70,8097.30,1700.43,Pune,Maharashtra,West,UPI,Express,2024,8,August,0.21
ORD102289,06-06-2025,CUST1741,Customer_0741,P2017,Office Chair,Home & Kitchen,Furniture,3.00,5999.00,17997.00,0.00,0.00,17997.00,4319.28,Pune,Maharashtra,West,Credit Card,Express,2025,6,June,0.24
ORD103218,15-06-2025,CUST1454,Customer_0454,P2008,Jeans,Clothing,Men,1.00,1799.00,1799.00,0.15,269.85,1529.15,420.52,Ahmedabad,Gujarat,West,UPI,Standard,2025,6,June,0.275
ORD104663,25-07-2025,CUST1709,Customer_0709,P2018,Face Wash,Beauty,Skincare,1.00,399.00,399.00,0.05,19.95,379.05,138.35,Pune,Maharashtra,West,UPI,Standard,2025,7,July,0.365
ORD100880,17-08-2025,CUST1190,Customer_0190,P2012,Sandals,Clothing,Footwear,1.00,1299.00,1299.00,0.05,64.95,1234.05,376.39,Gurugram,Haryana,North,Debit Card,Same Day,2025,8,August,0.305
ORD101554,05-12-2025,CUST1667,Customer_0667,P2003,Laptop,Electronics,Computers,2.00,59999.00,119998.00,0.15,17999.70,101998.30,11729.80,Mumbai,Maharashtra,West,Debit Card,Standard,2025,12,December,0.115
ORD101879,12-08-2025,CUST1258,Customer_0258,P2007,T-Shirt,Clothing,Men,2.00,799.00,1598.00,0.10,159.80,1438.20,417.08,Delhi,Delhi,North,Cash on Delivery,Standard,2025,8,August,0.29
ORD102376,14-08-2024,CUST1180,Customer_0180,P2017,Office Chair,Home & Kitchen,Furniture,3.00,5999.00,17997.00,0.10,1799.70,16197.30,3401.43,Chennai,Tamil Nadu,South,Credit Card,Standard,2024,8,August,0.21
ORD104143,01-04-2025,CUST1542,Customer_0542,P2014,Cookware Set,Home & Kitchen,Kitchen,2.00,2999.00,5998.00,0.10,599.80,5398.20,1133.62,Pune,Maharashtra,West,Net Banking,Same Day,2025,4,April,0.21
ORD104834,18-01-2025,CUST1583,Customer_0583,P2008,Jeans,Clothing,Men,2.00,1799.00,3598.00,0.15,539.70,3058.30,841.03,Mumbai,Maharashtra,West,Cash on Delivery,Standard,2025,1,January,0.275
ORD100759,04-02-2025,CUST1780,Customer_0780,P2008,Jeans,Clothing,Men,1.00,1799.00,1799.00,0.00,0.00,1799.00,575.68,Hyderabad,Telangana,South,Credit Card,Standard,2025,2,February,0.32
ORD101335,19-04-2025,CUST1376,Customer_0376,P2021,Perfume,Beauty,Fragrance,1.00,1499.00,1499.00,0.10,149.90,1349.10,472.18,Hyderabad,Telangana,South,Net Banking,Standard,2025,4,April,0.35
ORD101805,26-11-2025,CUST1320,Customer_0320,P2011,Sneakers,Clothing,Footwear,1.00,2499.00,2499.00,0.10,249.90,2249.10,652.24,Delhi,Delhi,North,UPI,Standard,2025,11,November,0.29
ORD103161,25-08-2025,CUST1253,Customer_0253,P2006,Power Bank,Electronics,Accessories,4.00,1499.00,5996.00,0.00,0.00,5996.00,959.36,Gurugram,Haryana,North,Credit Card,Same Day,2025,8,August,0.16
ORD103328,08-12-2025,CUST1162,Customer_0162,P2003,Laptop,Electronics,Computers,1.00,59999.00,59999.00,0.10,5999.90,53999.10,7019.88,Hyderabad,Telangana,South,Credit Card,Standard,2025,12,December,0.13
ORD103861,27-05-2025,CUST1198,Customer_0198,P2012,Sandals,Clothing,Footwear,3.00,1299.00,3897.00,0.05,194.85,3702.15,1129.16,Gurugram,Haryana,North,Debit Card,Standard,2025,5,May,0.305
ORD104793,03-06-2024,CUST1105,Customer_0105,P2024,Cricket Bat,Sports,Outdoor,1.00,2499.00,2499.00,0.05,124.95,2374.05,629.12,Pune,Maharashtra,West,UPI,Express,2024,6,June,0.265
ORD100592,19-12-2024,CUST1447,Customer_0447,P2016,Bedsheet Set,Home & Kitchen,Home Decor,1.00,999.00,999.00,0.05,49.95,949.05,213.54,Jaipur,Rajasthan,North,UPI,Standard,2024,12,December,0.225
ORD100710,26-01-2024,CUST1361,Customer_0361,P2011,Sneakers,Clothing,Footwear,1.00,2499.00,2499.00,0.00,0.00,2499.00,799.68,Pune,Maharashtra,West,Debit Card,Standard,2024,1,January,0.32
ORD103258,09-05-2025,CUST1291,Customer_0291,P2007,T-Shirt,Clothing,Men,1.00,799.00,799.00,0.05,39.95,759.05,231.51,Mumbai,Maharashtra,West,UPI,Express,2025,5,May,0.305
ORD104077,17-04-2024,CUST1718,Customer_0718,P2003,Laptop,Electronics,Computers,2.00,59999.00,119998.00,0.20,23999.60,95998.40,9599.84,Noida,Uttar Pradesh,North,UPI,Express,2024,4,April,0.1
ORD104131,29-10-2024,CUST1217,Customer_0217,P2004,Wireless Mouse,Electronics,Accessories,1.00,899.00,899.00,0.15,134.85,764.15,87.88,Chennai,Tamil Nadu,South,UPI,Standard,2024,10,October,0.115
ORD100271,01-03-2025,CUST1777,Customer_0777,P2015,Table Lamp,Home & Kitchen,Home Decor,1.00,1299.00,1299.00,0.05,64.95,1234.05,277.66,Lucknow,Uttar Pradesh,North,UPI,Standard,2025,3,March,0.225
ORD100653,28-03-2024,CUST1785,Customer_0785,P2004,Wireless Mouse,Electronics,Accessories,1.00,899.00,899.00,0.25,224.75,674.25,57.31,Lucknow,Uttar Pradesh,North,Credit Card,Express,2024,3,March,0.085
ORD100911,28-04-2024,CUST1241,Customer_0241,P2002,Wireless Earbuds,Electronics,Mobiles,1.00,2999.00,2999.00,0.10,299.90,2699.10,350.88,Ahmedabad,Gujarat,West,Cash on Delivery,Standard,2024,4,April,0.13
ORD102653,25-05-2024,CUST1603,Customer_0603,P2017,Office Chair,Home & Kitchen,Furniture,1.00,5999.00,5999.00,0.00,0.00,5999.00,1439.76,Chennai,Tamil Nadu,South,Net Banking,Standard,2024,5,May,0.24
ORD103184,22-12-2024,CUST1090,Customer_0090,P2010,Dress,Clothing,Women,1.00,1999.00,1999.00,0.10,199.90,1799.10,521.74,Hyderabad,Telangana,South,UPI,Standard,2024,12,December,0.29
ORD101140,15-11-2024,CUST1609,Customer_0609,P2023,Dumbbells,Sports,Fitness,1.00,1599.00,1599.00,0.10,159.90,1439.10,359.78,Jaipur,Rajasthan,North,Credit Card,Express,2024,11,November,0.25
ORD101420,17-12-2024,CUST1603,Customer_0603,P2001,Smartphone,Electronics,Mobiles,1.00,24999.00,24999.00,0.05,1249.95,23749.05,3443.61,Pune,Maharashtra,West,UPI,Express,2024,12,December,0.145
ORD101502,11-04-2025,CUST1502,Customer_0502,P2009,Kurti,Clothing,Women,1.00,1199.00,1199.00,0.00,0.00,1199.00,383.68,Kolkata,West Bengal,East,Debit Card,Standard,2025,4,April,0.32
ORD102231,30-07-2024,CUST1094,Customer_0094,P2006,Power Bank,Electronics,Accessories,3.00,1499.00,4497.00,0.25,1124.25,3372.75,286.68,Hyderabad,Telangana,South,UPI,Express,2024,7,July,0.085
ORD102564,17-06-2025,CUST1251,Customer_0251,P2013,Mixer Grinder,Home & Kitchen,Kitchen,1.00,3499.00,3499.00,0.10,349.90,3149.10,661.31,Kolkata,West Bengal,East,UPI,Standard,2025,6,June,0.21
ORD102838,09-05-2025,CUST1396,Customer_0396,P2012,Sandals,Clothing,Footwear,2.00,1299.00,2598.00,0.20,519.60,2078.40,540.38,Mumbai,Maharashtra,West,Credit Card,Express,2025,5,May,0.26
ORD104748,22-12-2024,CUST1656,Customer_0656,P2015,Table Lamp,Home & Kitchen,Home Decor,2.00,1299.00,2598.00,0.05,129.90,2468.10,555.32,Noida,Uttar Pradesh,North,Credit Card,Standard,2024,12,December,0.225
ORD104918,02-05-2025,CUST1428,Customer_0428,P2024,Cricket Bat,Sports,Outdoor,3.00,2499.00,7497.00,0.10,749.70,6747.30,1686.82,Noida,Uttar Pradesh,North,Cash on Delivery,Standard,2025,5,May,0.25
ORD101045,09-04-2024,CUST1322,Customer_0322,P2015,Table Lamp,Home & Kitchen,Home Decor,1.00,1299.00,1299.00,0.05,64.95,1234.05,277.66,Kolkata,West Bengal,East,Cash on Delivery,Express,2024,4,April,0.225
ORD101634,24-03-2025,CUST1277,Customer_0277,P2001,Smartphone,Electronics,Mobiles,1.00,24999.00,24999.00,0.15,3749.85,21249.15,2443.65,Lucknow,Uttar Pradesh,North,Net Banking,Standard,2025,3,March,0.115
ORD102175,14-12-2025,CUST1666,Customer_0666,P2010,Dress,Clothing,Women,1.00,1999.00,1999.00,0.00,0.00,1999.00,639.68,Kolkata,West Bengal,East,UPI,Standard,2025,12,December,0.32
ORD102372,08-04-2025,CUST1735,Customer_0735,P2006,Power Bank,Electronics,Accessories,2.00,1499.00,2998.00,0.10,299.80,2698.20,350.77,Noida,Uttar Pradesh,North,Net Banking,Standard,2025,4,April,0.13
ORD104065,22-11-2024,CUST1772,Customer_0772,P2021,Perfume,Beauty,Fragrance,4.00,1499.00,5996.00,0.10,599.60,5396.40,1888.74,Kolkata,West Bengal,East,UPI,Express,2024,11,November,0.35
ORD104557,09-03-2024,CUST1569,Customer_0569,P2016,Bedsheet Set,Home & Kitchen,Home Decor,3.00,999.00,2997.00,0.15,449.55,2547.45,496.75,Kolkata,West Bengal,East,UPI,Standard,2024,3,March,0.195
ORD104559,03-11-2024,CUST1136,Customer_0136,P2005,Keyboard,Electronics,Accessories,5.00,1299.00,6495.00,0.20,1299.00,5196.00,519.60,Kolkata,West Bengal,East,Credit Card,Same Day,2024,11,November,0.1
ORD101102,15-02-2024,CUST1334,Customer_0334,P2019,Sunscreen,Beauty,Skincare,1.00,699.00,699.00,0.10,69.90,629.10,220.18,Gurugram,Haryana,North,Debit Card,Standard,2024,2,February,0.35
ORD102217,28-12-2025,CUST1067,Customer_0067,P2002,Wireless Earbuds,Electronics,Mobiles,4.00,2999.00,11996.00,0.10,1199.60,10796.40,1403.53,Delhi,Delhi,North,Net Banking,Express,2025,12,December,0.13
ORD104479,27-04-2024,CUST1590,Customer_0590,P2015,Table Lamp,Home & Kitchen,Home Decor,2.00,1299.00,2598.00,0.05,129.90,2468.10,555.32,Hyderabad,Telangana,South,UPI,Standard,2024,4,April,0.225
ORD104943,24-01-2024,CUST1044,Customer_0044,P2005,Keyboard,Electronics,Accessories,1.00,1299.00,1299.00,0.25,324.75,974.25,82.81,Mumbai,Maharashtra,West,UPI,Express,2024,1,January,0.085
ORD100254,17-12-2024,CUST1579,Customer_0579,P2021,Perfume,Beauty,Fragrance,2.00,1499.00,2998.00,0.05,149.90,2848.10,1039.56,Ahmedabad,Gujarat,West,Credit Card,Standard,2024,12,December,0.365
ORD100674,25-10-2025,CUST1228,Customer_0228,P2001,Smartphone,Electronics,Mobiles,2.00,24999.00,49998.00,0.10,4999.80,44998.20,5849.77,Bengaluru,Karnataka,South,Credit Card,Standard,2025,10,October,0.13
ORD102041,21-04-2024,CUST1735,Customer_0735,P2025,Football,Sports,Outdoor,1.00,999.00,999.00,0.00,0.00,999.00,279.72,Hyderabad,Telangana,South,Credit Card,Standard,2024,4,April,0.28
ORD102195,24-11-2025,CUST1630,Customer_0630,P2017,Office Chair,Home & Kitchen,Furniture,1.00,5999.00,5999.00,0.05,299.95,5699.05,1282.29,Noida,Uttar Pradesh,North,Credit Card,Standard,2025,11,November,0.225
ORD102724,17-06-2024,CUST1480,Customer_0480,P2021,Perfume,Beauty,Fragrance,3.00,1499.00,4497.00,0.15,674.55,3822.45,1280.52,Chennai,Tamil Nadu,South,UPI,Express,2024,6,June,0.335
ORD103239,06-09-2024,CUST1111,Customer_0111,P2012,Sandals,Clothing,Footwear,1.00,1299.00,1299.00,0.10,129.90,1169.10,339.04,Gurugram,Haryana,North,UPI,Express,2024,9,September,0.29
ORD103614,12-06-2025,CUST1413,Customer_0413,P2010,Dress,Clothing,Women,1.00,1999.00,1999.00,0.00,0.00,1999.00,639.68,Pune,Maharashtra,West,Debit Card,Express,2025,6,June,0.32
ORD103700,27-06-2024,CUST1565,Customer_0565,P2020,Shampoo,Beauty,Haircare,1.00,599.00,599.00,0.00,0.00,599.00,227.62,Delhi,Delhi,North,Net Banking,Express,2024,6,June,0.38
ORD103876,19-07-2025,CUST1394,Customer_0394,P2016,Bedsheet Set,Home & Kitchen,Home Decor,2.00,999.00,1998.00,0.15,299.70,1698.30,331.17,Bengaluru,Karnataka,South,Net Banking,Express,2025,7,July,0.195
ORD100747,12-06-2024,CUST1147,Customer_0147,P2008,Jeans,Clothing,Men,3.00,1799.00,5397.00,0.05,269.85,5127.15,1563.78,Bengaluru,Karnataka,South,Debit Card,Standard,2024,6,June,0.305
ORD100969,04-12-2024,CUST1791,Customer_0791,P2008,Jeans,Clothing,Men,1.00,1799.00,1799.00,0.20,359.80,1439.20,374.19,Pune,Maharashtra,West,UPI,Standard,2024,12,December,0.26
ORD101993,27-07-2025,CUST1348,Customer_0348,P2007,T-Shirt,Clothing,Men,2.00,799.00,1598.00,0.10,159.80,1438.20,417.08,Ahmedabad,Gujarat,West,Credit Card,Express,2025,7,July,0.29
ORD100776,12-03-2025,CUST1340,Customer_0340,P2019,Sunscreen,Beauty,Skincare,1.00,699.00,699.00,0.15,104.85,594.15,199.04,Lucknow,Uttar Pradesh,North,Credit Card,Express,2025,3,March,0.335
ORD100914,18-04-2025,CUST1485,Customer_0485,P2002,Wireless Earbuds,Electronics,Mobiles,2.00,2999.00,5998.00,0.10,599.80,5398.20,701.77,Ahmedabad,Gujarat,West,Net Banking,Standard,2025,4,April,0.13
ORD101730,25-08-2024,CUST1603,Customer_0603,P2024,Cricket Bat,Sports,Outdoor,1.00,2499.00,2499.00,0.05,124.95,2374.05,629.12,Mumbai,Maharashtra,West,Credit Card,Express,2024,8,August,0.265
ORD102010,18-02-2025,CUST1179,Customer_0179,P2001,Smartphone,Electronics,Mobiles,1.00,24999.00,24999.00,0.15,3749.85,21249.15,2443.65,Chennai,Tamil Nadu,South,UPI,Standard,2025,2,February,0.115
ORD102928,06-10-2025,CUST1053,Customer_0053,P2016,Bedsheet Set,Home & Kitchen,Home Decor,1.00,999.00,999.00,0.20,199.80,799.20,143.86,Hyderabad,Telangana,South,Credit Card,Standard,2025,10,October,0.18
ORD103665,07-07-2024,CUST1423,Customer_0423,P2019,Sunscreen,Beauty,Skincare,1.00,699.00,699.00,0.10,69.90,629.10,220.18,Ahmedabad,Gujarat,West,UPI,Standard,2024,7,July,0.35
ORD104002,09-07-2024,CUST1498,Customer_0498,P2007,T-Shirt,Clothing,Men,1.00,799.00,799.00,0.20,159.80,639.20,166.19,Kolkata,West Bengal,East,Credit Card,Standard,2024,7,July,0.26
ORD104638,17-10-2025,CUST1639,Customer_0639,P2001,Smartphone,Electronics,Mobiles,1.00,24999.00,24999.00,0.00,0.00,24999.00,3999.84,Kolkata,West Bengal,East,Credit Card,Standard,2025,10,October,0.16
ORD104747,04-11-2025,CUST1285,Customer_0285,P2001,Smartphone,Electronics,Mobiles,1.00,24999.00,24999.00,0.05,1249.95,23749.05,3443.61,Kolkata,West Bengal,East,Credit Card,Standard,2025,11,November,0.145
ORD100075,18-03-2025,CUST1115,Customer_0115,P2022,Yoga Mat,Sports,Fitness,4.00,899.00,3596.00,0.30,1078.80,2517.20,478.27,Delhi,Delhi,North,Debit Card,Same Day,2025,3,March,0.19
ORD100413,09-02-2025,CUST1501,Customer_0501,P2014,Cookware Set,Home & Kitchen,Kitchen,1.00,2999.00,2999.00,0.15,449.85,2549.15,497.08,Bengaluru,Karnataka,South,UPI,Standard,2025,2,February,0.195
ORD100668,30-01-2024,CUST1675,Customer_0675,P2025,Football,Sports,Outdoor,2.00,999.00,1998.00,0.05,99.90,1898.10,503.00,Noida,Uttar Pradesh,North,Debit Card,Standard,2024,1,January,0.265
ORD101217,20-09-2025,CUST1514,Customer_0514,P2021,Perfume,Beauty,Fragrance,1.00,1499.00,1499.00,0.00,0.00,1499.00,569.62,Hyderabad,Telangana,South,UPI,Standard,2025,9,September,0.38
ORD102029,21-07-2024,CUST1259,Customer_0259,P2013,Mixer Grinder,Home & Kitchen,Kitchen,1.00,3499.00,3499.00,0.10,349.90,3149.10,661.31,Chennai,Tamil Nadu,South,UPI,Standard,2024,7,July,0.21
ORD103233,05-04-2025,CUST1695,Customer_0695,P2024,Cricket Bat,Sports,Outdoor,5.00,2499.00,12495.00,0.05,624.75,11870.25,3145.62,Mumbai,Maharashtra,West,Debit Card,Express,2025,4,April,0.265
ORD103528,29-08-2025,CUST1323,Customer_0323,P2019,Sunscreen,Beauty,Skincare,4.00,699.00,2796.00,0.25,699.00,2097.00,639.58,Chennai,Tamil Nadu,South,UPI,Same Day,2025,8,August,0.305
ORD101392,15-03-2025,CUST1326,Customer_0326,P2008,Jeans,Clothing,Men,1.00,1799.00,1799.00,0.15,269.85,1529.15,420.52,Kolkata,West Bengal,East,Net Banking,Express,2025,3,March,0.275
ORD101411,02-02-2025,CUST1654,Customer_0654,P2017,Office Chair,Home & Kitchen,Furniture,2.00,5999.00,11998.00,0.05,599.90,11398.10,2564.57,Gurugram,Haryana,North,Net Banking,Same Day,2025,2,February,0.225
ORD101831,05-01-2024,CUST1454,Customer_0454,P2001,Smartphone,Electronics,Mobiles,3.00,24999.00,74997.00,0.10,7499.70,67497.30,8774.65,Kolkata,West Bengal,East,Net Banking,Standard,2024,1,January,0.13
ORD102063,22-12-2025,CUST1334,Customer_0334,P2014,Cookware Set,Home & Kitchen,Kitchen,1.00,2999.00,2999.00,0.20,599.80,2399.20,431.86,Pune,Maharashtra,West,Net Banking,Same Day,2025,12,December,0.18
ORD102241,07-08-2024,CUST1569,Customer_0569,P2008,Jeans,Clothing,Men,4.00,1799.00,7196.00,0.20,1439.20,5756.80,1496.77,Chennai,Tamil Nadu,South,UPI,Express,2024,8,August,0.26
ORD102578,29-07-2024,CUST1039,Customer_0039,P2002,Wireless Earbuds,Electronics,Mobiles,1.00,2999.00,2999.00,0.05,149.95,2849.05,413.11,Chennai,Tamil Nadu,South,UPI,Standard,2024,7,July,0.145
ORD103448,12-10-2024,CUST1676,Customer_0676,P2021,Perfume,Beauty,Fragrance,2.00,1499.00,2998.00,0.05,149.90,2848.10,1039.56,Mumbai,Maharashtra,West,UPI,Express,2024,10,October,0.365
ORD103944,21-12-2025,CUST1548,Customer_0548,P2009,Kurti,Clothing,Women,2.00,1199.00,2398.00,0.05,119.90,2278.10,694.82,Kolkata,West Bengal,East,Net Banking,Same Day,2025,12,December,0.305
ORD104340,05-03-2024,CUST1073,Customer_0073,P2003,Laptop,Electronics,Computers,1.00,59999.00,59999.00,0.10,5999.90,53999.10,7019.88,Lucknow,Uttar Pradesh,North,Credit Card,Standard,2024,3,March,0.13
ORD104711,14-08-2025,CUST1791,Customer_0791,P2003,Laptop,Electronics,Computers,2.00,59999.00,119998.00,0.10,11999.80,107998.20,14039.77,Jaipur,Rajasthan,North,Net Banking,Express,2025,8,August,0.13
ORD100110,14-04-2024,CUST1734,Customer_0734,P2011,Sneakers,Clothing,Footwear,1.00,2499.00,2499.00,0.25,624.75,1874.25,459.19,Delhi,Delhi,North,Debit Card,Standard,2024,4,April,0.245
ORD100194,03-07-2025,CUST1468,Customer_0468,P2011,Sneakers,Clothing,Footwear,1.00,2499.00,2499.00,0.15,374.85,2124.15,584.14,Lucknow,Uttar Pradesh,North,Cash on Delivery,Same Day,2025,7,July,0.275
ORD101711,10-07-2024,CUST1129,Customer_0129,P2007,T-Shirt,Clothing,Men,1.00,799.00,799.00,0.15,119.85,679.15,186.77,Lucknow,Uttar Pradesh,North,Debit Card,Standard,2024,7,July,0.275
ORD102118,09-01-2025,CUST1775,Customer_0775,P2016,Bedsheet Set,Home & Kitchen,Home Decor,1.00,999.00,999.00,0.15,149.85,849.15,165.58,Lucknow,Uttar Pradesh,North,Credit Card,Standard,2025,1,January,0.195
ORD103382,29-11-2024,CUST1489,Customer_0489,P2002,Wireless Earbuds,Electronics,Mobiles,2.00,2999.00,5998.00,0.10,599.80,5398.20,701.77,Delhi,Delhi,North,Debit Card,Express,2024,11,November,0.13
ORD103691,20-07-2024,CUST1241,Customer_0241,P2017,Office Chair,Home & Kitchen,Furniture,2.00,5999.00,11998.00,0.15,1799.70,10198.30,1988.67,Pune,Maharashtra,West,Debit Card,Express,2024,7,July,0.195
ORD104050,13-04-2025,CUST1100,Customer_0100,P2024,Cricket Bat,Sports,Outdoor,2.00,2499.00,4998.00,0.15,749.70,4248.30,998.35,Delhi,Delhi,North,UPI,Standard,2025,4,April,0.235
ORD100402,26-04-2024,CUST1736,Customer_0736,P2002,Wireless Earbuds,Electronics,Mobiles,1.00,2999.00,2999.00,0.30,899.70,2099.30,146.95,Delhi,Delhi,North,Debit Card,Standard,2024,4,April,0.07
ORD101691,25-09-2024,CUST1420,Customer_0420,P2003,Laptop,Electronics,Computers,3.00,59999.00,179997.00,0.20,35999.40,143997.60,14399.76,Jaipur,Rajasthan,North,Credit Card,Standard,2024,9,September,0.1
ORD101790,17-11-2025,CUST1035,Customer_0035,P2012,Sandals,Clothing,Footwear,2.00,1299.00,2598.00,0.15,389.70,2208.30,607.28,Gurugram,Haryana,North,Net Banking,Standard,2025,11,November,0.275
ORD103364,16-05-2025,CUST1670,Customer_0670,P2003,Laptop,Electronics,Computers,2.00,59999.00,119998.00,0.15,17999.70,101998.30,11729.80,Jaipur,Rajasthan,North,UPI,Express,2025,5,May,0.115
ORD103587,24-06-2025,CUST1777,Customer_0777,P2002,Wireless Earbuds,Electronics,Mobiles,2.00,2999.00,5998.00,0.05,299.90,5698.10,826.22,Chennai,Tamil Nadu,South,Cash on Delivery,Same Day,2025,6,June,0.145
ORD104753,16-10-2025,CUST1016,Customer_0016,P2006,Power Bank,Electronics,Accessories,1.00,1499.00,1499.00,0.20,299.80,1199.20,119.92,Kolkata,West Bengal,East,Cash on Delivery,Express,2025,10,October,0.1
ORD104887,16-11-2024,CUST1616,Customer_0616,P2025,Football,Sports,Outdoor,1.00,999.00,999.00,0.15,149.85,849.15,199.55,Lucknow,Uttar Pradesh,North,Credit Card,Standard,2024,11,November,0.235
ORD101021,03-09-2025,CUST1249,Customer_0249,P2011,Sneakers,Clothing,Footwear,1.00,2499.00,2499.00,0.05,124.95,2374.05,724.09,Bengaluru,Karnataka,South,Net Banking,Standard,2025,9,September,0.305
ORD101087,01-02-2025,CUST1399,Customer_0399,P2009,Kurti,Clothing,Women,4.00,1199.00,4796.00,0.25,1199.00,3597.00,881.26,Gurugram,Haryana,North,Credit Card,Standard,2025,2,February,0.245
ORD102031,17-09-2025,CUST1549,Customer_0549,P2005,Keyboard,Electronics,Accessories,1.00,1299.00,1299.00,0.25,324.75,974.25,82.81,Jaipur,Rajasthan,North,UPI,Standard,2025,9,September,0.085
ORD102464,05-02-2025,CUST1528,Customer_0528,P2021,Perfume,Beauty,Fragrance,1.00,1499.00,1499.00,0.15,224.85,1274.15,426.84,Pune,Maharashtra,West,Debit Card,Express,2025,2,February,0.335
ORD103652,24-08-2025,CUST1149,Customer_0149,P2010,Dress,Clothing,Women,3.00,1999.00,5997.00,0.30,1799.10,4197.90,965.52,Lucknow,Uttar Pradesh,North,Net Banking,Standard,2025,8,August,0.23
ORD103868,26-04-2024,CUST1008,Customer_0008,P2010,Dress,Clothing,Women,1.00,1999.00,1999.00,0.10,199.90,1799.10,521.74,Noida,Uttar Pradesh,North,UPI,Same Day,2024,4,April,0.29
ORD100912,22-12-2024,CUST1730,Customer_0730,P2005,Keyboard,Electronics,Accessories,5.00,1299.00,6495.00,0.00,0.00,6495.00,1039.20,Pune,Maharashtra,West,Cash on Delivery,Standard,2024,12,December,0.16
ORD103359,26-12-2024,CUST1016,Customer_0016,P2023,Dumbbells,Sports,Fitness,1.00,1599.00,1599.00,0.00,0.00,1599.00,447.72,Noida,Uttar Pradesh,North,Credit Card,Standard,2024,12,December,0.28
ORD103361,13-04-2025,CUST1184,Customer_0184,P2006,Power Bank,Electronics,Accessories,2.00,1499.00,2998.00,0.15,449.70,2548.30,293.05,Pune,Maharashtra,West,Credit Card,Standard,2025,4,April,0.115
ORD103907,24-09-2025,CUST1767,Customer_0767,P2019,Sunscreen,Beauty,Skincare,2.00,699.00,1398.00,0.10,139.80,1258.20,440.37,Jaipur,Rajasthan,North,Net Banking,Standard,2025,9,September,0.35
ORD104517,25-06-2024,CUST1137,Customer_0137,P2009,Kurti,Clothing,Women,1.00,1199.00,1199.00,0.15,179.85,1019.15,280.27,Kolkata,West Bengal,East,Credit Card,Standard,2024,6,June,0.275
ORD100979,20-11-2025,CUST1382,Customer_0382,P2008,Jeans,Clothing,Men,2.00,1799.00,3598.00,0.10,359.80,3238.20,939.08,Chennai,Tamil Nadu,South,UPI,Express,2025,11,November,0.29
ORD101338,23-12-2025,CUST1643,Customer_0643,P2005,Keyboard,Electronics,Accessories,1.00,1299.00,1299.00,0.10,129.90,1169.10,151.98,Noida,Uttar Pradesh,North,Credit Card,Standard,2025,12,December,0.13
ORD101694,31-10-2024,CUST1333,Customer_0333,P2012,Sandals,Clothing,Footwear,1.00,1299.00,1299.00,0.10,129.90,1169.10,339.04,Kolkata,West Bengal,East,UPI,Standard,2024,10,October,0.29
ORD103026,21-09-2025,CUST1571,Customer_0571,P2017,Office Chair,Home & Kitchen,Furniture,1.00,5999.00,5999.00,0.25,1499.75,4499.25,742.38,Kolkata,West Bengal,East,Debit Card,Standard,2025,9,September,0.165
ORD103555,27-08-2025,CUST1284,Customer_0284,P2009,Kurti,Clothing,Women,1.00,1199.00,1199.00,0.10,119.90,1079.10,312.94,Jaipur,Rajasthan,North,Cash on Delivery,Standard,2025,8,August,0.29
ORD100677,27-03-2024,CUST1414,Customer_0414,P2004,Wireless Mouse,Electronics,Accessories,1.00,899.00,899.00,0.10,89.90,809.10,105.18,Ahmedabad,Gujarat,West,Credit Card,Standard,2024,3,March,0.13
ORD102019,19-11-2025,CUST1321,Customer_0321,P2015,Table Lamp,Home & Kitchen,Home Decor,1.00,1299.00,1299.00,0.10,129.90,1169.10,245.51,Mumbai,Maharashtra,West,UPI,Standard,2025,11,November,0.21
ORD102519,17-05-2024,CUST1283,Customer_0283,P2014,Cookware Set,Home & Kitchen,Kitchen,1.00,2999.00,2999.00,0.20,599.80,2399.20,431.86,Delhi,Delhi,North,Net Banking,Standard,2024,5,May,0.18
ORD103231,16-11-2024,CUST1049,Customer_0049,P2017,Office Chair,Home & Kitchen,Furniture,1.00,5999.00,5999.00,0.15,899.85,5099.15,994.33,Pune,Maharashtra,West,UPI,Standard,2024,11,November,0.195
ORD103965,30-04-2024,CUST1491,Customer_0491,P2011,Sneakers,Clothing,Footwear,1.00,2499.00,2499.00,0.10,249.90,2249.10,652.24,Bengaluru,Karnataka,South,Debit Card,Express,2024,4,April,0.29
ORD104003,01-09-2024,CUST1426,Customer_0426,P2017,Office Chair,Home & Kitchen,Furniture,1.00,5999.00,5999.00,0.15,899.85,5099.15,994.33,Ahmedabad,Gujarat,West,Cash on Delivery,Standard,2024,9,September,0.195
ORD104436,08-11-2024,CUST1724,Customer_0724,P2010,Dress,Clothing,Women,2.00,1999.00,3998.00,0.00,0.00,3998.00,1279.36,Kolkata,West Bengal,East,UPI,Standard,2024,11,November,0.32
ORD100107,29-04-2024,CUST1069,Customer_0069,P2006,Power Bank,Electronics,Accessories,1.00,1499.00,1499.00,0.00,0.00,1499.00,239.84,Gurugram,Haryana,North,UPI,Standard,2024,4,April,0.16
ORD102514,06-07-2024,CUST1373,Customer_0373,P2002,Wireless Earbuds,Electronics,Mobiles,1.00,2999.00,2999.00,0.15,449.85,2549.15,293.15,Bengaluru,Karnataka,South,UPI,Standard,2024,7,July,0.115
ORD103395,17-01-2025,CUST1587,Customer_0587,P2010,Dress,Clothing,Women,1.00,1999.00,1999.00,0.10,199.90,1799.10,521.74,Kolkata,West Bengal,East,Credit Card,Express,2025,1,January,0.29
ORD104010,11-12-2025,CUST1118,Customer_0118,P2017,Office Chair,Home & Kitchen,Furniture,3.00,5999.00,17997.00,0.15,2699.55,15297.45,2983.00,Jaipur,Rajasthan,North,Credit Card,Standard,2025,12,December,0.195
ORD104633,24-05-2024,CUST1787,Customer_0787,P2013,Mixer Grinder,Home & Kitchen,Kitchen,2.00,3499.00,6998.00,0.15,1049.70,5948.30,1159.92,Mumbai,Maharashtra,West,UPI,Standard,2024,5,May,0.195
ORD104727,07-06-2025,CUST1308,Customer_0308,P2007,T-Shirt,Clothing,Men,2.00,799.00,1598.00,0.25,399.50,1198.50,293.63,Delhi,Delhi,North,Debit Card,Standard,2025,6,June,0.245
ORD104817,01-02-2025,CUST1229,Customer_0229,P2014,Cookware Set,Home & Kitchen,Kitchen,2.00,2999.00,5998.00,0.25,1499.50,4498.50,742.25,Chennai,Tamil Nadu,South,UPI,Standard,2025,2,February,0.165
ORD100397,04-03-2025,CUST1453,Customer_0453,P2015,Table Lamp,Home & Kitchen,Home Decor,1.00,1299.00,1299.00,0.15,194.85,1104.15,215.31,Noida,Uttar Pradesh,North,UPI,Express,2025,3,March,0.195
ORD101144,02-09-2025,CUST1270,Customer_0270,P2013,Mixer Grinder,Home & Kitchen,Kitchen,1.00,3499.00,3499.00,0.00,0.00,3499.00,839.76,Chennai,Tamil Nadu,South,UPI,Express,2025,9,September,0.24
ORD101952,21-05-2024,CUST1367,Customer_0367,P2002,Wireless Earbuds,Electronics,Mobiles,1.00,2999.00,2999.00,0.15,449.85,2549.15,293.15,Pune,Maharashtra,West,Net Banking,Express,2024,5,May,0.115
ORD104533,11-08-2025,CUST1164,Customer_0164,P2001,Smartphone,Electronics,Mobiles,3.00,24999.00,74997.00,0.10,7499.70,67497.30,8774.65,Lucknow,Uttar Pradesh,North,UPI,Standard,2025,8,August,0.13
ORD100703,27-01-2025,CUST1604,Customer_0604,P2010,Dress,Clothing,Women,2.00,1999.00,3998.00,0.15,599.70,3398.30,934.53,Chennai,Tamil Nadu,South,Credit Card,Standard,2025,1,January,0.275
ORD101131,09-03-2025,CUST1720,Customer_0720,P2020,Shampoo,Beauty,Haircare,3.00,599.00,1797.00,0.15,269.55,1527.45,511.70,Ahmedabad,Gujarat,West,Net Banking,Express,2025,3,March,0.335
ORD103372,09-07-2024,CUST1441,Customer_0441,P2005,Keyboard,Electronics,Accessories,1.00,1299.00,1299.00,0.15,194.85,1104.15,126.98,Lucknow,Uttar Pradesh,North,UPI,Standard,2024,7,July,0.115
ORD103459,13-05-2025,CUST1143,Customer_0143,P2009,Kurti,Clothing,Women,2.00,1199.00,2398.00,0.15,359.70,2038.30,560.53,Bengaluru,Karnataka,South,Credit Card,Standard,2025,5,May,0.275
ORD104005,12-10-2025,CUST1691,Customer_0691,P2013,Mixer Grinder,Home & Kitchen,Kitchen,2.00,3499.00,6998.00,0.00,0.00,6998.00,1679.52,Lucknow,Uttar Pradesh,North,UPI,Standard,2025,10,October,0.24
ORD104175,04-07-2025,CUST1108,Customer_0108,P2022,Yoga Mat,Sports,Fitness,4.00,899.00,3596.00,0.15,539.40,3056.60,718.30,Delhi,Delhi,North,Credit Card,Express,2025,7,July,0.235
ORD100265,11-12-2025,CUST1383,Customer_0383,P2001,Smartphone,Electronics,Mobiles,3.00,24999.00,74997.00,0.10,7499.70,67497.30,8774.65,Bengaluru,Karnataka,South,UPI,Express,2025,12,December,0.13
ORD100652,22-10-2025,CUST1599,Customer_0599,P2005,Keyboard,Electronics,Accessories,1.00,1299.00,1299.00,0.25,324.75,974.25,82.81,Jaipur,Rajasthan,North,Credit Card,Standard,2025,10,October,0.085
ORD101260,26-06-2024,CUST1587,Customer_0587,P2006,Power Bank,Electronics,Accessories,1.00,1499.00,1499.00,0.00,0.00,1499.00,239.84,Hyderabad,Telangana,South,Net Banking,Same Day,2024,6,June,0.16
ORD101640,22-07-2025,CUST1140,Customer_0140,P2024,Cricket Bat,Sports,Outdoor,3.00,2499.00,7497.00,0.00,0.00,7497.00,2099.16,Pune,Maharashtra,West,Credit Card,Standard,2025,7,July,0.28
ORD102803,19-06-2024,CUST1653,Customer_0653,P2015,Table Lamp,Home & Kitchen,Home Decor,4.00,1299.00,5196.00,0.15,779.40,4416.60,861.24,Kolkata,West Bengal,East,UPI,Standard,2024,6,June,0.195
ORD102972,16-05-2025,CUST1391,Customer_0391,P2009,Kurti,Clothing,Women,1.00,1199.00,1199.00,0.30,359.70,839.30,193.04,Hyderabad,Telangana,South,UPI,Standard,2025,5,May,0.23
ORD103496,22-10-2024,CUST1763,Customer_0763,P2002,Wireless Earbuds,Electronics,Mobiles,2.00,2999.00,5998.00,0.00,0.00,5998.00,959.68,Pune,Maharashtra,West,Net Banking,Standard,2024,10,October,0.16
ORD103727,23-05-2024,CUST1430,Customer_0430,P2011,Sneakers,Clothing,Footwear,1.00,2499.00,2499.00,0.10,249.90,2249.10,652.24,Gurugram,Haryana,North,UPI,Standard,2024,5,May,0.29
ORD103932,10-07-2024,CUST1349,Customer_0349,P2007,T-Shirt,Clothing,Men,2.00,799.00,1598.00,0.00,0.00,1598.00,511.36,Ahmedabad,Gujarat,West,UPI,Same Day,2024,7,July,0.32
ORD104221,18-11-2024,CUST1675,Customer_0675,P2010,Dress,Clothing,Women,1.00,1999.00,1999.00,0.05,99.95,1899.05,579.21,Noida,Uttar Pradesh,North,Credit Card,Standard,2024,11,November,0.305
ORD100202,06-04-2025,CUST1774,Customer_0774,P2009,Kurti,Clothing,Women,3.00,1199.00,3597.00,0.10,359.70,3237.30,938.82,Lucknow,Uttar Pradesh,North,Credit Card,Standard,2025,4,April,0.29
ORD101980,26-09-2025,CUST1721,Customer_0721,P2017,Office Chair,Home & Kitchen,Furniture,2.00,5999.00,11998.00,0.05,599.90,11398.10,2564.57,Mumbai,Maharashtra,West,Net Banking,Standard,2025,9,September,0.225
ORD102516,24-02-2024,CUST1416,Customer_0416,P2014,Cookware Set,Home & Kitchen,Kitchen,1.00,2999.00,2999.00,0.20,599.80,2399.20,431.86,Jaipur,Rajasthan,North,Credit Card,Standard,2024,2,February,0.18
ORD102875,02-01-2025,CUST1363,Customer_0363,P2017,Office Chair,Home & Kitchen,Furniture,2.00,5999.00,11998.00,0.25,2999.50,8998.50,1484.75,Lucknow,Uttar Pradesh,North,UPI,Standard,2025,1,January,0.165
ORD104301,10-01-2024,CUST1149,Customer_0149,P2025,Football,Sports,Outdoor,1.00,999.00,999.00,0.10,99.90,899.10,224.78,Mumbai,Maharashtra,West,UPI,Standard,2024,1,January,0.25
ORD104428,11-05-2025,CUST1269,Customer_0269,P2005,Keyboard,Electronics,Accessories,3.00,1299.00,3897.00,0.05,194.85,3702.15,536.81,Delhi,Delhi,North,Debit Card,Express,2025,5,May,0.145
ORD104455,19-05-2024,CUST1133,Customer_0133,P2025,Football,Sports,Outdoor,5.00,999.00,4995.00,0.20,999.00,3996.00,879.12,Pune,Maharashtra,West,Debit Card,Standard,2024,5,May,0.22
ORD100486,18-07-2024,CUST1481,Customer_0481,P2011,Sneakers,Clothing,Footwear,1.00,2499.00,2499.00,0.05,124.95,2374.05,724.09,Mumbai,Maharashtra,West,Debit Card,Standard,2024,7,July,0.305
ORD101749,28-01-2025,CUST1085,Customer_0085,P2006,Power Bank,Electronics,Accessories,1.00,1499.00,1499.00,0.20,299.80,1199.20,119.92,Jaipur,Rajasthan,North,Cash on Delivery,Express,2025,1,January,0.1
ORD102428,29-07-2025,CUST1311,Customer_0311,P2015,Table Lamp,Home & Kitchen,Home Decor,1.00,1299.00,1299.00,0.15,194.85,1104.15,215.31,Delhi,Delhi,North,Debit Card,Express,2025,7,July,0.195
ORD102737,01-06-2025,CUST1467,Customer_0467,P2014,Cookware Set,Home & Kitchen,Kitchen,3.00,2999.00,8997.00,0.10,899.70,8097.30,1700.43,Lucknow,Uttar Pradesh,North,UPI,Standard,2025,6,June,0.21
ORD104992,30-10-2025,CUST1728,Customer_0728,P2014,Cookware Set,Home & Kitchen,Kitchen,2.00,2999.00,5998.00,0.25,1499.50,4498.50,742.25,Jaipur,Rajasthan,North,Credit Card,Standard,2025,10,October,0.165
ORD100078,21-05-2025,CUST1242,Customer_0242,P2001,Smartphone,Electronics,Mobiles,1.00,24999.00,24999.00,0.15,3749.85,21249.15,2443.65,Kolkata,West Bengal,East,UPI,Same Day,2025,5,May,0.115
ORD100770,22-02-2025,CUST1317,Customer_0317,P2018,Face Wash,Beauty,Skincare,1.00,399.00,399.00,0.15,59.85,339.15,113.62,Mumbai,Maharashtra,West,UPI,Express,2025,2,February,0.335
ORD102472,02-12-2025,CUST1050,Customer_0050,P2007,T-Shirt,Clothing,Men,2.00,799.00,1598.00,0.15,239.70,1358.30,373.53,Chennai,Tamil Nadu,South,Cash on Delivery,Standard,2025,12,December,0.275
ORD102899,18-05-2025,CUST1574,Customer_0574,P2015,Table Lamp,Home & Kitchen,Home Decor,1.00,1299.00,1299.00,0.00,0.00,1299.00,311.76,Delhi,Delhi,North,Credit Card,Standard,2025,5,May,0.24
ORD100035,01-03-2025,CUST1782,Customer_0782,P2006,Power Bank,Electronics,Accessories,3.00,1499.00,4497.00,0.10,449.70,4047.30,526.15,Kolkata,West Bengal,East,Cash on Delivery,Standard,2025,3,March,0.13
ORD100851,28-12-2025,CUST1359,Customer_0359,P2019,Sunscreen,Beauty,Skincare,1.00,699.00,699.00,0.25,174.75,524.25,159.90,Ahmedabad,Gujarat,West,Debit Card,Same Day,2025,12,December,0.305
ORD100918,30-03-2025,CUST1253,Customer_0253,P2019,Sunscreen,Beauty,Skincare,2.00,699.00,1398.00,0.10,139.80,1258.20,440.37,Jaipur,Rajasthan,North,UPI,Express,2025,3,March,0.35
ORD100986,15-05-2025,CUST1295,Customer_0295,P2013,Mixer Grinder,Home & Kitchen,Kitchen,2.00,3499.00,6998.00,0.20,1399.60,5598.40,1007.71,Pune,Maharashtra,West,Cash on Delivery,Standard,2025,5,May,0.18
ORD101224,20-06-2024,CUST1303,Customer_0303,P2020,Shampoo,Beauty,Haircare,2.00,599.00,1198.00,0.20,239.60,958.40,306.69,Kolkata,West Bengal,East,UPI,Standard,2024,6,June,0.32
ORD101909,25-03-2024,CUST1586,Customer_0586,P2015,Table Lamp,Home & Kitchen,Home Decor,4.00,1299.00,5196.00,0.20,1039.20,4156.80,748.22,Ahmedabad,Gujarat,West,Credit Card,Express,2024,3,March,0.18
ORD101924,01-08-2025,CUST1628,Customer_0628,P2002,Wireless Earbuds,Electronics,Mobiles,3.00,2999.00,8997.00,0.15,1349.55,7647.45,879.46,Delhi,Delhi,North,Net Banking,Standard,2025,8,August,0.115
ORD102806,01-02-2024,CUST1606,Customer_0606,P2021,Perfume,Beauty,Fragrance,3.00,1499.00,4497.00,0.00,0.00,4497.00,1708.86,Lucknow,Uttar Pradesh,North,UPI,Express,2024,2,February,0.38
ORD103549,13-08-2024,CUST1724,Customer_0724,P2019,Sunscreen,Beauty,Skincare,1.00,699.00,699.00,0.00,0.00,699.00,265.62,Delhi,Delhi,North,Debit Card,Standard,2024,8,August,0.38
ORD103831,26-10-2024,CUST1485,Customer_0485,P2022,Yoga Mat,Sports,Fitness,1.00,899.00,899.00,0.15,134.85,764.15,179.58,Noida,Uttar Pradesh,North,Debit Card,Standard,2024,10,October,0.235
ORD104939,03-02-2024,CUST1172,Customer_0172,P2003,Laptop,Electronics,Computers,1.00,59999.00,59999.00,0.05,2999.95,56999.05,8264.86,Gurugram,Haryana,North,Debit Card,Standard,2024,2,February,0.145
ORD100243,08-10-2024,CUST1388,Customer_0388,P2011,Sneakers,Clothing,Footwear,1.00,2499.00,2499.00,0.20,499.80,1999.20,519.79,Delhi,Delhi,North,Credit Card,Standard,2024,10,October,0.26
ORD100401,18-08-2024,CUST1507,Customer_0507,P2012,Sandals,Clothing,Footwear,2.00,1299.00,2598.00,0.05,129.90,2468.10,752.77,Hyderabad,Telangana,South,Debit Card,Same Day,2024,8,August,0.305
ORD101195,04-07-2025,CUST1163,Customer_0163,P2003,Laptop,Electronics,Computers,2.00,59999.00,119998.00,0.15,17999.70,101998.30,11729.80,Bengaluru,Karnataka,South,UPI,Standard,2025,7,July,0.115
ORD101406,22-10-2024,CUST1149,Customer_0149,P2021,Perfume,Beauty,Fragrance,2.00,1499.00,2998.00,0.15,449.70,2548.30,853.68,Hyderabad,Telangana,South,UPI,Standard,2024,10,October,0.335
ORD101717,21-06-2024,CUST1163,Customer_0163,P2001,Smartphone,Electronics,Mobiles,2.00,24999.00,49998.00,0.20,9999.60,39998.40,3999.84,Noida,Uttar Pradesh,North,Credit Card,Express,2024,6,June,0.1
ORD101970,13-04-2025,CUST1109,Customer_0109,P2019,Sunscreen,Beauty,Skincare,4.00,699.00,2796.00,0.20,559.20,2236.80,715.78,Lucknow,Uttar Pradesh,North,Debit Card,Same Day,2025,4,April,0.32
ORD103009,02-08-2025,CUST1366,Customer_0366,P2004,Wireless Mouse,Electronics,Accessories,1.00,899.00,899.00,0.05,44.95,854.05,123.84,Noida,Uttar Pradesh,North,Credit Card,Express,2025,8,August,0.145
ORD103170,22-05-2025,CUST1313,Customer_0313,P2020,Shampoo,Beauty,Haircare,1.00,599.00,599.00,0.25,149.75,449.25,137.02,Gurugram,Haryana,North,Credit Card,Standard,2025,5,May,0.305
ORD103376,16-07-2025,CUST1404,Customer_0404,P2018,Face Wash,Beauty,Skincare,1.00,399.00,399.00,0.10,39.90,359.10,125.68,Bengaluru,Karnataka,South,UPI,Standard,2025,7,July,0.35
ORD103425,07-06-2025,CUST1764,Customer_0764,P2004,Wireless Mouse,Electronics,Accessories,1.00,899.00,899.00,0.00,0.00,899.00,143.84,Gurugram,Haryana,North,Credit Card,Express,2025,6,June,0.16
ORD103712,25-04-2024,CUST1089,Customer_0089,P2024,Cricket Bat,Sports,Outdoor,1.00,2499.00,2499.00,0.05,124.95,2374.05,629.12,Ahmedabad,Gujarat,West,UPI,Standard,2024,4,April,0.265
ORD100832,09-08-2025,CUST1394,Customer_0394,P2008,Jeans,Clothing,Men,1.00,1799.00,1799.00,0.10,179.90,1619.10,469.54,Jaipur,Rajasthan,North,Credit Card,Standard,2025,8,August,0.29
ORD101445,26-04-2024,CUST1742,Customer_0742,P2009,Kurti,Clothing,Women,4.00,1199.00,4796.00,0.15,719.40,4076.60,1121.06,Chennai,Tamil Nadu,South,Credit Card,Standard,2024,4,April,0.275
ORD101946,01-10-2024,CUST1130,Customer_0130,P2018,Face Wash,Beauty,Skincare,1.00,399.00,399.00,0.10,39.90,359.10,125.68,Ahmedabad,Gujarat,West,UPI,Standard,2024,10,October,0.35
ORD103202,10-07-2025,CUST1652,Customer_0652,P2014,Cookware Set,Home & Kitchen,Kitchen,1.00,2999.00,2999.00,0.05,149.95,2849.05,641.04,Pune,Maharashtra,West,UPI,Standard,2025,7,July,0.225
ORD103471,10-01-2025,CUST1606,Customer_0606,P2007,T-Shirt,Clothing,Men,1.00,799.00,799.00,0.15,119.85,679.15,186.77,Kolkata,West Bengal,East,Credit Card,Standard,2025,1,January,0.275
ORD103871,09-07-2025,CUST1593,Customer_0593,P2022,Yoga Mat,Sports,Fitness,1.00,899.00,899.00,0.10,89.90,809.10,202.28,Jaipur,Rajasthan,North,Cash on Delivery,Standard,2025,7,July,0.25
ORD104799,12-02-2024,CUST1468,Customer_0468,P2024,Cricket Bat,Sports,Outdoor,2.00,2499.00,4998.00,0.00,0.00,4998.00,1399.44,Ahmedabad,Gujarat,West,Credit Card,Standard,2024,2,February,0.28
ORD104901,27-03-2025,CUST1632,Customer_0632,P2015,Table Lamp,Home & Kitchen,Home Decor,1.00,1299.00,1299.00,0.00,0.00,1299.00,311.76,Ahmedabad,Gujarat,West,Credit Card,Standard,2025,3,March,0.24
ORD100852,13-07-2025,CUST1708,Customer_0708,P2004,Wireless Mouse,Electronics,Accessories,1.00,899.00,899.00,0.05,44.95,854.05,123.84,Kolkata,West Bengal,East,UPI,Express,2025,7,July,0.145
ORD101364,11-08-2024,CUST1461,Customer_0461,P2021,Perfume,Beauty,Fragrance,4.00,1499.00,5996.00,0.15,899.40,5096.60,1707.36,Mumbai,Maharashtra,West,UPI,Standard,2024,8,August,0.335
ORD101401,11-03-2025,CUST1053,Customer_0053,P2019,Sunscreen,Beauty,Skincare,2.00,699.00,1398.00,0.20,279.60,1118.40,357.89,Delhi,Delhi,North,UPI,Express,2025,3,March,0.32
ORD101408,14-04-2024,CUST1045,Customer_0045,P2015,Table Lamp,Home & Kitchen,Home Decor,2.00,1299.00,2598.00,0.10,259.80,2338.20,491.02,Kolkata,West Bengal,East,Debit Card,Express,2024,4,April,0.21
ORD102826,31-10-2025,CUST1764,Customer_0764,P2004,Wireless Mouse,Electronics,Accessories,1.00,899.00,899.00,0.20,179.80,719.20,71.92,Ahmedabad,Gujarat,West,Credit Card,Express,2025,10,October,0.1
ORD103156,10-09-2024,CUST1698,Customer_0698,P2008,Jeans,Clothing,Men,1.00,1799.00,1799.00,0.20,359.80,1439.20,374.19,Noida,Uttar Pradesh,North,UPI,Express,2024,9,September,0.26
ORD104004,31-10-2024,CUST1742,Customer_0742,P2007,T-Shirt,Clothing,Men,3.00,799.00,2397.00,0.15,359.55,2037.45,560.30,Lucknow,Uttar Pradesh,North,Credit Card,Standard,2024,10,October,0.275
ORD104550,03-02-2024,CUST1524,Customer_0524,P2003,Laptop,Electronics,Computers,1.00,59999.00,59999.00,0.05,2999.95,56999.05,8264.86,Chennai,Tamil Nadu,South,Credit Card,Express,2024,2,February,0.145
ORD104564,05-04-2025,CUST1662,Customer_0662,P2019,Sunscreen,Beauty,Skincare,1.00,699.00,699.00,0.00,0.00,699.00,265.62,Chennai,Tamil Nadu,South,Credit Card,Standard,2025,4,April,0.38
ORD101349,26-09-2024,CUST1649,Customer_0649,P2014,Cookware Set,Home & Kitchen,Kitchen,2.00,2999.00,5998.00,0.30,1799.40,4198.60,629.79,Jaipur,Rajasthan,North,Debit Card,Standard,2024,9,September,0.15
ORD102563,22-12-2024,CUST1425,Customer_0425,P2009,Kurti,Clothing,Women,1.00,1199.00,1199.00,0.20,239.80,959.20,249.39,Jaipur,Rajasthan,North,Credit Card,Standard,2024,12,December,0.26
ORD102644,30-03-2024,CUST1698,Customer_0698,P2024,Cricket Bat,Sports,Outdoor,1.00,2499.00,2499.00,0.05,124.95,2374.05,629.12,Jaipur,Rajasthan,North,UPI,Standard,2024,3,March,0.265
ORD103342,25-03-2025,CUST1764,Customer_0764,P2016,Bedsheet Set,Home & Kitchen,Home Decor,1.00,999.00,999.00,0.15,149.85,849.15,165.58,Mumbai,Maharashtra,West,UPI,Express,2025,3,March,0.195
ORD101126,30-04-2024,CUST1520,Customer_0520,P2004,Wireless Mouse,Electronics,Accessories,1.00,899.00,899.00,0.10,89.90,809.10,105.18,Noida,Uttar Pradesh,North,UPI,Standard,2024,4,April,0.13
ORD101316,30-08-2024,CUST1495,Customer_0495,P2008,Jeans,Clothing,Men,2.00,1799.00,3598.00,0.20,719.60,2878.40,748.38,Kolkata,West Bengal,East,Net Banking,Standard,2024,8,August,0.26
ORD102072,02-08-2024,CUST1766,Customer_0766,P2016,Bedsheet Set,Home & Kitchen,Home Decor,2.00,999.00,1998.00,0.05,99.90,1898.10,427.07,Ahmedabad,Gujarat,West,UPI,Standard,2024,8,August,0.225
ORD102484,25-08-2025,CUST1474,Customer_0474,P2001,Smartphone,Electronics,Mobiles,1.00,24999.00,24999.00,0.15,3749.85,21249.15,2443.65,Bengaluru,Karnataka,South,Net Banking,Express,2025,8,August,0.115
ORD102538,06-12-2025,CUST1363,Customer_0363,P2009,Kurti,Clothing,Women,1.00,1199.00,1199.00,0.00,0.00,1199.00,383.68,Lucknow,Uttar Pradesh,North,Credit Card,Same Day,2025,12,December,0.32
ORD102772,25-12-2024,CUST1628,Customer_0628,P2022,Yoga Mat,Sports,Fitness,2.00,899.00,1798.00,0.15,269.70,1528.30,359.15,Mumbai,Maharashtra,West,Net Banking,Express,2024,12,December,0.235
ORD104493,28-12-2025,CUST1034,Customer_0034,P2017,Office Chair,Home & Kitchen,Furniture,1.00,5999.00,5999.00,0.05,299.95,5699.05,1282.29,Hyderabad,Telangana,South,UPI,Standard,2025,12,December,0.225
ORD100180,16-09-2025,CUST1329,Customer_0329,P2022,Yoga Mat,Sports,Fitness,1.00,899.00,899.00,0.25,224.75,674.25,138.22,Lucknow,Uttar Pradesh,North,Net Banking,Same Day,2025,9,September,0.205
ORD100211,09-10-2025,CUST1449,Customer_0449,P2001,Smartphone,Electronics,Mobiles,1.00,24999.00,24999.00,0.10,2499.90,22499.10,2924.88,Chennai,Tamil Nadu,South,Credit Card,Same Day,2025,10,October,0.13
ORD100236,14-03-2025,CUST1309,Customer_0309,P2020,Shampoo,Beauty,Haircare,1.00,599.00,599.00,0.15,89.85,509.15,170.57,Kolkata,West Bengal,East,Debit Card,Standard,2025,3,March,0.335
ORD100304,18-06-2024,CUST1134,Customer_0134,P2001,Smartphone,Electronics,Mobiles,2.00,24999.00,49998.00,0.05,2499.90,47498.10,6887.22,Lucknow,Uttar Pradesh,North,Credit Card,Standard,2024,6,June,0.145
ORD100590,22-09-2025,CUST1171,Customer_0171,P2001,Smartphone,Electronics,Mobiles,2.00,24999.00,49998.00,0.20,9999.60,39998.40,3999.84,Mumbai,Maharashtra,West,Net Banking,Standard,2025,9,September,0.1
ORD100939,22-05-2024,CUST1298,Customer_0298,P2009,Kurti,Clothing,Women,1.00,1199.00,1199.00,0.05,59.95,1139.05,347.41,Bengaluru,Karnataka,South,Credit Card,Express,2024,5,May,0.305
ORD101629,30-07-2024,CUST1088,Customer_0088,P2002,Wireless Earbuds,Electronics,Mobiles,2.00,2999.00,5998.00,0.10,599.80,5398.20,701.77,Kolkata,West Bengal,East,UPI,Express,2024,7,July,0.13
ORD101657,30-07-2024,CUST1618,Customer_0618,P2011,Sneakers,Clothing,Footwear,3.00,2499.00,7497.00,0.00,0.00,7497.00,2399.04,Ahmedabad,Gujarat,West,Cash on Delivery,Standard,2024,7,July,0.32
ORD101674,01-03-2024,CUST1041,Customer_0041,P2007,T-Shirt,Clothing,Men,2.00,799.00,1598.00,0.10,159.80,1438.20,417.08,Chennai,Tamil Nadu,South,Debit Card,Express,2024,3,March,0.29
ORD101861,06-08-2025,CUST1396,Customer_0396,P2001,Smartphone,Electronics,Mobiles,3.00,24999.00,74997.00,0.05,3749.85,71247.15,10330.84,Gurugram,Haryana,North,Debit Card,Standard,2025,8,August,0.145
ORD102129,25-12-2024,CUST1072,Customer_0072,P2001,Smartphone,Electronics,Mobiles,1.00,24999.00,24999.00,0.15,3749.85,21249.15,2443.65,Ahmedabad,Gujarat,West,UPI,Standard,2024,12,December,0.115
ORD102882,29-06-2025,CUST1391,Customer_0391,P2017,Office Chair,Home & Kitchen,Furniture,1.00,5999.00,5999.00,0.05,299.95,5699.05,1282.29,Gurugram,Haryana,North,Credit Card,Standard,2025,6,June,0.225
ORD103724,14-10-2024,CUST1544,Customer_0544,P2011,Sneakers,Clothing,Footwear,1.00,2499.00,2499.00,0.30,749.70,1749.30,402.34,Chennai,Tamil Nadu,South,Credit Card,Standard,2024,10,October,0.23
ORD104805,03-09-2025,CUST1357,Customer_0357,P2011,Sneakers,Clothing,Footwear,2.00,2499.00,4998.00,0.20,999.60,3998.40,1039.58,Kolkata,West Bengal,East,Debit Card,Standard,2025,9,September,0.26
ORD104975,05-07-2025,CUST1008,Customer_0008,P2014,Cookware Set,Home & Kitchen,Kitchen,1.00,2999.00,2999.00,0.10,299.90,2699.10,566.81,Noida,Uttar Pradesh,North,Credit Card,Same Day,2025,7,July,0.21
ORD102044,21-06-2024,CUST1798,Customer_0798,P2006,Power Bank,Electronics,Accessories,1.00,1499.00,1499.00,0.20,299.80,1199.20,119.92,Gurugram,Haryana,North,UPI,Express,2024,6,June,0.1
ORD102550,27-11-2024,CUST1106,Customer_0106,P2010,Dress,Clothing,Women,4.00,1999.00,7996.00,0.20,1599.20,6396.80,1663.17,Kolkata,West Bengal,East,UPI,Same Day,2024,11,November,0.26
ORD102674,21-12-2025,CUST1636,Customer_0636,P2006,Power Bank,Electronics,Accessories,1.00,1499.00,1499.00,0.00,0.00,1499.00,239.84,Lucknow,Uttar Pradesh,North,Debit Card,Standard,2025,12,December,0.16
ORD102722,26-10-2024,CUST1233,Customer_0233,P2007,T-Shirt,Clothing,Men,1.00,799.00,799.00,0.00,0.00,799.00,255.68,Pune,Maharashtra,West,Cash on Delivery,Standard,2024,10,October,0.32
ORD103666,23-10-2024,CUST1271,Customer_0271,P2001,Smartphone,Electronics,Mobiles,1.00,24999.00,24999.00,0.15,3749.85,21249.15,2443.65,Ahmedabad,Gujarat,West,Debit Card,Express,2024,10,October,0.115
ORD104299,09-08-2025,CUST1617,Customer_0617,P2017,Office Chair,Home & Kitchen,Furniture,1.00,5999.00,5999.00,0.25,1499.75,4499.25,742.38,Pune,Maharashtra,West,Credit Card,Express,2025,8,August,0.165
ORD101003,30-09-2024,CUST1056,Customer_0056,P2016,Bedsheet Set,Home & Kitchen,Home Decor,1.00,999.00,999.00,0.20,199.80,799.20,143.86,Lucknow,Uttar Pradesh,North,Net Banking,Standard,2024,9,September,0.18
ORD101789,10-06-2025,CUST1173,Customer_0173,P2004,Wireless Mouse,Electronics,Accessories,1.00,899.00,899.00,0.05,44.95,854.05,123.84,Delhi,Delhi,North,UPI,Standard,2025,6,June,0.145
ORD104064,26-11-2025,CUST1369,Customer_0369,P2015,Table Lamp,Home & Kitchen,Home Decor,2.00,1299.00,2598.00,0.15,389.70,2208.30,430.62,Mumbai,Maharashtra,West,UPI,Same Day,2025,11,November,0.195
ORD104486,07-04-2024,CUST1009,Customer_0009,P2005,Keyboard,Electronics,Accessories,2.00,1299.00,2598.00,0.05,129.90,2468.10,357.87,Gurugram,Haryana,North,UPI,Standard,2024,4,April,0.145
ORD100360,18-05-2024,CUST1095,Customer_0095,P2017,Office Chair,Home & Kitchen,Furniture,1.00,5999.00,5999.00,0.20,1199.80,4799.20,863.86,Noida,Uttar Pradesh,North,Net Banking,Standard,2024,5,May,0.18
ORD101306,25-02-2025,CUST1599,Customer_0599,P2006,Power Bank,Electronics,Accessories,1.00,1499.00,1499.00,0.15,224.85,1274.15,146.53,Kolkata,West Bengal,East,UPI,Express,2025,2,February,0.115
ORD101471,01-03-2024,CUST1798,Customer_0798,P2022,Yoga Mat,Sports,Fitness,1.00,899.00,899.00,0.20,179.80,719.20,158.22,Jaipur,Rajasthan,North,Debit Card,Same Day,2024,3,March,0.22
ORD101808,10-10-2024,CUST1645,Customer_0645,P2007,T-Shirt,Clothing,Men,3.00,799.00,2397.00,0.20,479.40,1917.60,498.58,Pune,Maharashtra,West,UPI,Express,2024,10,October,0.26
ORD102025,02-11-2025,CUST1685,Customer_0685,P2008,Jeans,Clothing,Men,1.00,1799.00,1799.00,0.20,359.80,1439.20,374.19,Hyderabad,Telangana,South,Credit Card,Standard,2025,11,November,0.26
ORD102865,09-05-2024,CUST1181,Customer_0181,P2022,Yoga Mat,Sports,Fitness,1.00,899.00,899.00,0.15,134.85,764.15,179.58,Pune,Maharashtra,West,Cash on Delivery,Standard,2024,5,May,0.235
ORD103160,19-12-2025,CUST1725,Customer_0725,P2010,Dress,Clothing,Women,1.00,1999.00,1999.00,0.05,99.95,1899.05,579.21,Noida,Uttar Pradesh,North,Net Banking,Same Day,2025,12,December,0.305
ORD103519,15-05-2024,CUST1029,Customer_0029,P2003,Laptop,Electronics,Computers,1.00,59999.00,59999.00,0.10,5999.90,53999.10,7019.88,Kolkata,West Bengal,East,Credit Card,Express,2024,5,May,0.13
ORD100822,12-09-2024,CUST1772,Customer_0772,P2005,Keyboard,Electronics,Accessories,3.00,1299.00,3897.00,0.10,389.70,3507.30,455.95,Bengaluru,Karnataka,South,UPI,Standard,2024,9,September,0.13
ORD100873,29-05-2024,CUST1571,Customer_0571,P2021,Perfume,Beauty,Fragrance,2.00,1499.00,2998.00,0.20,599.60,2398.40,767.49,Chennai,Tamil Nadu,South,UPI,Standard,2024,5,May,0.32
ORD100887,29-12-2025,CUST1040,Customer_0040,P2008,Jeans,Clothing,Men,1.00,1799.00,1799.00,0.25,449.75,1349.25,330.57,Ahmedabad,Gujarat,West,Debit Card,Standard,2025,12,December,0.245
ORD102699,25-11-2024,CUST1575,Customer_0575,P2013,Mixer Grinder,Home & Kitchen,Kitchen,1.00,3499.00,3499.00,0.10,349.90,3149.10,661.31,Mumbai,Maharashtra,West,Credit Card,Standard,2024,11,November,0.21
ORD100058,10-09-2024,CUST1427,Customer_0427,P2023,Dumbbells,Sports,Fitness,2.00,1599.00,3198.00,0.05,159.90,3038.10,805.10,Kolkata,West Bengal,East,Net Banking,Standard,2024,9,September,0.265
ORD101301,23-11-2025,CUST1221,Customer_0221,P2001,Smartphone,Electronics,Mobiles,1.00,24999.00,24999.00,0.20,4999.80,19999.20,1999.92,Kolkata,West Bengal,East,Credit Card,Standard,2025,11,November,0.1
ORD101818,06-02-2025,CUST1041,Customer_0041,P2019,Sunscreen,Beauty,Skincare,2.00,699.00,1398.00,0.20,279.60,1118.40,357.89,Gurugram,Haryana,North,UPI,Express,2025,2,February,0.32
ORD101883,16-05-2025,CUST1566,Customer_0566,P2024,Cricket Bat,Sports,Outdoor,2.00,2499.00,4998.00,0.15,749.70,4248.30,998.35,Lucknow,Uttar Pradesh,North,Credit Card,Same Day,2025,5,May,0.235
ORD101942,25-05-2024,CUST1773,Customer_0773,P2005,Keyboard,Electronics,Accessories,1.00,1299.00,1299.00,0.25,324.75,974.25,82.81,Lucknow,Uttar Pradesh,North,Debit Card,Standard,2024,5,May,0.085
ORD102228,14-08-2025,CUST1649,Customer_0649,P2011,Sneakers,Clothing,Footwear,1.00,2499.00,2499.00,0.20,499.80,1999.20,519.79,Hyderabad,Telangana,South,Debit Card,Standard,2025,8,August,0.26
ORD102667,09-10-2025,CUST1668,Customer_0668,P2004,Wireless Mouse,Electronics,Accessories,1.00,899.00,899.00,0.15,134.85,764.15,87.88,Jaipur,Rajasthan,North,Credit Card,Express,2025,10,October,0.115
ORD103722,02-10-2024,CUST1746,Customer_0746,P2012,Sandals,Clothing,Footwear,2.00,1299.00,2598.00,0.05,129.90,2468.10,752.77,Mumbai,Maharashtra,West,Credit Card,Same Day,2024,10,October,0.305
ORD103818,04-10-2025,CUST1488,Customer_0488,P2008,Jeans,Clothing,Men,1.00,1799.00,1799.00,0.10,179.90,1619.10,469.54,Hyderabad,Telangana,South,Net Banking,Standard,2025,10,October,0.29
ORD104597,28-02-2025,CUST1732,Customer_0732,P2012,Sandals,Clothing,Footwear,1.00,1299.00,1299.00,0.05,64.95,1234.05,376.39,Delhi,Delhi,North,Net Banking,Standard,2025,2,February,0.305
ORD100468,19-01-2025,CUST1649,Customer_0649,P2003,Laptop,Electronics,Computers,1.00,59999.00,59999.00,0.10,5999.90,53999.10,7019.88,Ahmedabad,Gujarat,West,UPI,Express,2025,1,January,0.13
ORD100933,07-04-2025,CUST1044,Customer_0044,P2013,Mixer Grinder,Home & Kitchen,Kitchen,2.00,3499.00,6998.00,0.25,1749.50,5248.50,866.00,Bengaluru,Karnataka,South,UPI,Standard,2025,4,April,0.165
ORD103598,18-03-2024,CUST1746,Customer_0746,P2023,Dumbbells,Sports,Fitness,2.00,1599.00,3198.00,0.10,319.80,2878.20,719.55,Mumbai,Maharashtra,West,UPI,Standard,2024,3,March,0.25
ORD103682,10-10-2025,CUST1422,Customer_0422,P2013,Mixer Grinder,Home & Kitchen,Kitchen,1.00,3499.00,3499.00,0.15,524.85,2974.15,579.96,Gurugram,Haryana,North,UPI,Standard,2025,10,October,0.195
ORD104228,05-04-2024,CUST1423,Customer_0423,P2007,T-Shirt,Clothing,Men,3.00,799.00,2397.00,0.20,479.40,1917.60,498.58,Mumbai,Maharashtra,West,UPI,Standard,2024,4,April,0.26
ORD104505,16-02-2025,CUST1314,Customer_0314,P2007,T-Shirt,Clothing,Men,2.00,799.00,1598.00,0.15,239.70,1358.30,373.53,Kolkata,West Bengal,East,Net Banking,Standard,2025,2,February,0.275
ORD102002,11-06-2025,CUST1392,Customer_0392,P2008,Jeans,Clothing,Men,4.00,1799.00,7196.00,0.05,359.80,6836.20,2085.04,Chennai,Tamil Nadu,South,UPI,Express,2025,6,June,0.305
ORD102007,11-10-2024,CUST1381,Customer_0381,P2020,Shampoo,Beauty,Haircare,1.00,599.00,599.00,0.05,29.95,569.05,207.70,Chennai,Tamil Nadu,South,UPI,Standard,2024,10,October,0.365
ORD103729,12-12-2025,CUST1652,Customer_0652,P2004,Wireless Mouse,Electronics,Accessories,1.00,899.00,899.00,0.15,134.85,764.15,87.88,Bengaluru,Karnataka,South,Cash on Delivery,Standard,2025,12,December,0.115
ORD103899,12-01-2025,CUST1097,Customer_0097,P2024,Cricket Bat,Sports,Outdoor,2.00,2499.00,4998.00,0.05,249.90,4748.10,1258.25,Pune,Maharashtra,West,Credit Card,Express,2025,1,January,0.265
ORD100913,10-04-2025,CUST1540,Customer_0540,P2009,Kurti,Clothing,Women,1.00,1199.00,1199.00,0.10,119.90,1079.10,312.94,Ahmedabad,Gujarat,West,Cash on Delivery,Express,2025,4,April,0.29
ORD101034,14-05-2025,CUST1680,Customer_0680,P2013,Mixer Grinder,Home & Kitchen,Kitchen,2.00,3499.00,6998.00,0.10,699.80,6298.20,1322.62,Gurugram,Haryana,North,Credit Card,Standard,2025,5,May,0.21
ORD102380,01-12-2024,CUST1754,Customer_0754,P2011,Sneakers,Clothing,Footwear,2.00,2499.00,4998.00,0.05,249.90,4748.10,1448.17,Bengaluru,Karnataka,South,UPI,Express,2024,12,December,0.305
ORD104160,18-08-2025,CUST1029,Customer_0029,P2020,Shampoo,Beauty,Haircare,2.00,599.00,1198.00,0.05,59.90,1138.10,415.41,Kolkata,West Bengal,East,Net Banking,Standard,2025,8,August,0.365
ORD100863,03-01-2024,CUST1617,Customer_0617,P2011,Sneakers,Clothing,Footwear,1.00,2499.00,2499.00,0.20,499.80,1999.20,519.79,Hyderabad,Telangana,South,Debit Card,Express,2024,1,January,0.26
ORD102126,05-04-2024,CUST1573,Customer_0573,P2017,Office Chair,Home & Kitchen,Furniture,2.00,5999.00,11998.00,0.15,1799.70,10198.30,1988.67,Bengaluru,Karnataka,South,UPI,Standard,2024,4,April,0.195
ORD103095,14-04-2025,CUST1269,Customer_0269,P2020,Shampoo,Beauty,Haircare,2.00,599.00,1198.00,0.10,119.80,1078.20,377.37,Kolkata,West Bengal,East,UPI,Express,2025,4,April,0.35
ORD103591,12-10-2025,CUST1268,Customer_0268,P2009,Kurti,Clothing,Women,4.00,1199.00,4796.00,0.10,479.60,4316.40,1251.76,Jaipur,Rajasthan,North,Net Banking,Express,2025,10,October,0.29
ORD100225,11-11-2025,CUST1463,Customer_0463,P2001,Smartphone,Electronics,Mobiles,4.00,24999.00,99996.00,0.20,19999.20,79996.80,7999.68,Kolkata,West Bengal,East,Credit Card,Express,2025,11,November,0.1
ORD100264,15-12-2025,CUST1211,Customer_0211,P2002,Wireless Earbuds,Electronics,Mobiles,1.00,2999.00,2999.00,0.10,299.90,2699.10,350.88,Pune,Maharashtra,West,Cash on Delivery,Express,2025,12,December,0.13
ORD100723,01-01-2025,CUST1539,Customer_0539,P2001,Smartphone,Electronics,Mobiles,5.00,24999.00,124995.00,0.20,24999.00,99996.00,9999.60,Kolkata,West Bengal,East,Debit Card,Express,2025,1,January,0.1
ORD101419,05-03-2024,CUST1582,Customer_0582,P2008,Jeans,Clothing,Men,2.00,1799.00,3598.00,0.05,179.90,3418.10,1042.52,Noida,Uttar Pradesh,North,UPI,Express,2024,3,March,0.305
ORD101750,01-07-2025,CUST1731,Customer_0731,P2019,Sunscreen,Beauty,Skincare,1.00,699.00,699.00,0.25,174.75,524.25,159.90,Jaipur,Rajasthan,North,UPI,Standard,2025,7,July,0.305
ORD101886,11-02-2025,CUST1147,Customer_0147,P2007,T-Shirt,Clothing,Men,1.00,799.00,799.00,0.05,39.95,759.05,231.51,Noida,Uttar Pradesh,North,UPI,Express,2025,2,February,0.305
ORD102473,11-08-2024,CUST1519,Customer_0519,P2001,Smartphone,Electronics,Mobiles,3.00,24999.00,74997.00,0.25,18749.25,56247.75,4781.06,Bengaluru,Karnataka,South,UPI,Express,2024,8,August,0.085
ORD103463,15-03-2025,CUST1276,Customer_0276,P2012,Sandals,Clothing,Footwear,2.00,1299.00,2598.00,0.00,0.00,2598.00,831.36,Gurugram,Haryana,North,Credit Card,Express,2025,3,March,0.32
ORD103749,04-08-2024,CUST1122,Customer_0122,P2024,Cricket Bat,Sports,Outdoor,1.00,2499.00,2499.00,0.20,499.80,1999.20,439.82,Kolkata,West Bengal,East,Net Banking,Standard,2024,8,August,0.22
ORD103769,21-05-2025,CUST1666,Customer_0666,P2005,Keyboard,Electronics,Accessories,1.00,1299.00,1299.00,0.25,324.75,974.25,82.81,Kolkata,West Bengal,East,Net Banking,Standard,2025,5,May,0.085
ORD101814,01-10-2024,CUST1472,Customer_0472,P2013,Mixer Grinder,Home & Kitchen,Kitchen,3.00,3499.00,10497.00,0.10,1049.70,9447.30,1983.93,Pune,Maharashtra,West,Credit Card,Standard,2024,10,October,0.21
ORD101869,26-11-2024,CUST1529,Customer_0529,P2022,Yoga Mat,Sports,Fitness,1.00,899.00,899.00,0.15,134.85,764.15,179.58,Delhi,Delhi,North,Net Banking,Standard,2024,11,November,0.235
ORD102247,17-10-2024,CUST1115,Customer_0115,P2014,Cookware Set,Home & Kitchen,Kitchen,2.00,2999.00,5998.00,0.10,599.80,5398.20,1133.62,Gurugram,Haryana,North,Credit Card,Express,2024,10,October,0.21
ORD102919,11-12-2024,CUST1570,Customer_0570,P2010,Dress,Clothing,Women,2.00,1999.00,3998.00,0.05,199.90,3798.10,1158.42,Ahmedabad,Gujarat,West,Net Banking,Standard,2024,12,December,0.305
ORD103599,14-07-2025,CUST1320,Customer_0320,P2003,Laptop,Electronics,Computers,1.00,59999.00,59999.00,0.10,5999.90,53999.10,7019.88,Kolkata,West Bengal,East,UPI,Express,2025,7,July,0.13
ORD104626,14-08-2025,CUST1150,Customer_0150,P2002,Wireless Earbuds,Electronics,Mobiles,3.00,2999.00,8997.00,0.15,1349.55,7647.45,879.46,Gurugram,Haryana,North,Credit Card,Express,2025,8,August,0.115
ORD104745,13-05-2024,CUST1686,Customer_0686,P2006,Power Bank,Electronics,Accessories,2.00,1499.00,2998.00,0.30,899.40,2098.60,146.90,Ahmedabad,Gujarat,West,Debit Card,Standard,2024,5,May,0.07
ORD100542,02-08-2025,CUST1734,Customer_0734,P2014,Cookware Set,Home & Kitchen,Kitchen,1.00,2999.00,2999.00,0.00,0.00,2999.00,719.76,Delhi,Delhi,North,UPI,Same Day,2025,8,August,0.24
ORD101334,11-05-2025,CUST1760,Customer_0760,P2011,Sneakers,Clothing,Footwear,1.00,2499.00,2499.00,0.05,124.95,2374.05,724.09,Lucknow,Uttar Pradesh,North,Credit Card,Standard,2025,5,May,0.305
ORD101642,17-12-2024,CUST1171,Customer_0171,P2015,Table Lamp,Home & Kitchen,Home Decor,2.00,1299.00,2598.00,0.20,519.60,2078.40,374.11,Gurugram,Haryana,North,UPI,Standard,2024,12,December,0.18
ORD104759,29-11-2025,CUST1184,Customer_0184,P2009,Kurti,Clothing,Women,1.00,1199.00,1199.00,0.20,239.80,959.20,249.39,Noida,Uttar Pradesh,North,Debit Card,Standard,2025,11,November,0.26
ORD100054,19-02-2024,CUST1173,Customer_0173,P2008,Jeans,Clothing,Men,1.00,1799.00,1799.00,0.10,179.90,1619.10,469.54,Hyderabad,Telangana,South,Cash on Delivery,Standard,2024,2,February,0.29
ORD100273,17-02-2024,CUST1358,Customer_0358,P2023,Dumbbells,Sports,Fitness,2.00,1599.00,3198.00,0.10,319.80,2878.20,719.55,Pune,Maharashtra,West,UPI,Standard,2024,2,February,0.25
ORD101094,11-04-2024,CUST1143,Customer_0143,P2014,Cookware Set,Home & Kitchen,Kitchen,1.00,2999.00,2999.00,0.15,449.85,2549.15,497.08,Noida,Uttar Pradesh,North,Credit Card,Standard,2024,4,April,0.195
ORD101467,03-10-2025,CUST1479,Customer_0479,P2014,Cookware Set,Home & Kitchen,Kitchen,1.00,2999.00,2999.00,0.05,149.95,2849.05,641.04,Noida,Uttar Pradesh,North,Credit Card,Standard,2025,10,October,0.225
ORD101622,15-04-2025,CUST1555,Customer_0555,P2006,Power Bank,Electronics,Accessories,1.00,1499.00,1499.00,0.20,299.80,1199.20,119.92,Kolkata,West Bengal,East,Credit Card,Express,2025,4,April,0.1
ORD102285,17-01-2024,CUST1744,Customer_0744,P2006,Power Bank,Electronics,Accessories,1.00,1499.00,1499.00,0.25,374.75,1124.25,95.56,Kolkata,West Bengal,East,UPI,Standard,2024,1,January,0.085
ORD103251,07-05-2024,CUST1680,Customer_0680,P2020,Shampoo,Beauty,Haircare,1.00,599.00,599.00,0.15,89.85,509.15,170.57,Hyderabad,Telangana,South,UPI,Standard,2024,5,May,0.335
ORD100922,10-06-2024,CUST1520,Customer_0520,P2022,Yoga Mat,Sports,Fitness,1.00,899.00,899.00,0.05,44.95,854.05,226.32,Jaipur,Rajasthan,North,Credit Card,Standard,2024,6,June,0.265
ORD102824,27-03-2025,CUST1794,Customer_0794,P2014,Cookware Set,Home & Kitchen,Kitchen,3.00,2999.00,8997.00,0.30,2699.10,6297.90,944.68,Bengaluru,Karnataka,South,UPI,Same Day,2025,3,March,0.15
ORD102980,12-04-2025,CUST1008,Customer_0008,P2024,Cricket Bat,Sports,Outdoor,2.00,2499.00,4998.00,0.15,749.70,4248.30,998.35,Mumbai,Maharashtra,West,Debit Card,Standard,2025,4,April,0.235
ORD104316,01-01-2024,CUST1388,Customer_0388,P2008,Jeans,Clothing,Men,2.00,1799.00,3598.00,0.20,719.60,2878.40,748.38,Gurugram,Haryana,North,Credit Card,Standard,2024,1,January,0.26
ORD100302,14-03-2025,CUST1486,Customer_0486,P2021,Perfume,Beauty,Fragrance,2.00,1499.00,2998.00,0.25,749.50,2248.50,685.79,Lucknow,Uttar Pradesh,North,UPI,Standard,2025,3,March,0.305
ORD101505,26-07-2024,CUST1665,Customer_0665,P2014,Cookware Set,Home & Kitchen,Kitchen,1.00,2999.00,2999.00,0.00,0.00,2999.00,719.76,Ahmedabad,Gujarat,West,UPI,Express,2024,7,July,0.24
ORD102569,06-12-2025,CUST1740,Customer_0740,P2021,Perfume,Beauty,Fragrance,2.00,1499.00,2998.00,0.10,299.80,2698.20,944.37,Mumbai,Maharashtra,West,Net Banking,Standard,2025,12,December,0.35
ORD103290,15-05-2024,CUST1248,Customer_0248,P2008,Jeans,Clothing,Men,2.00,1799.00,3598.00,0.15,539.70,3058.30,841.03,Delhi,Delhi,North,Credit Card,Express,2024,5,May,0.275
ORD103296,27-10-2025,CUST1684,Customer_0684,P2019,Sunscreen,Beauty,Skincare,3.00,699.00,2097.00,0.05,104.85,1992.15,727.13,Pune,Maharashtra,West,Net Banking,Standard,2025,10,October,0.365
ORD104144,05-11-2024,CUST1130,Customer_0130,P2006,Power Bank,Electronics,Accessories,1.00,1499.00,1499.00,0.05,74.95,1424.05,206.49,Chennai,Tamil Nadu,South,Net Banking,Standard,2024,11,November,0.145
ORD104825,11-06-2024,CUST1223,Customer_0223,P2005,Keyboard,Electronics,Accessories,2.00,1299.00,2598.00,0.10,259.80,2338.20,303.97,Kolkata,West Bengal,East,Credit Card,Standard,2024,6,June,0.13
ORD102225,07-10-2024,CUST1617,Customer_0617,P2008,Jeans,Clothing,Men,1.00,1799.00,1799.00,0.10,179.90,1619.10,469.54,Ahmedabad,Gujarat,West,Credit Card,Same Day,2024,10,October,0.29
ORD102566,05-04-2024,CUST1416,Customer_0416,P2007,T-Shirt,Clothing,Men,1.00,799.00,799.00,0.25,199.75,599.25,146.82,Lucknow,Uttar Pradesh,North,Cash on Delivery,Standard,2024,4,April,0.245
ORD102971,01-11-2025,CUST1151,Customer_0151,P2019,Sunscreen,Beauty,Skincare,4.00,699.00,2796.00,0.05,139.80,2656.20,969.51,Ahmedabad,Gujarat,West,Credit Card,Same Day,2025,11,November,0.365
ORD103104,04-01-2025,CUST1681,Customer_0681,P2018,Face Wash,Beauty,Skincare,4.00,399.00,1596.00,0.25,399.00,1197.00,365.08,Ahmedabad,Gujarat,West,UPI,Express,2025,1,January,0.305
ORD103220,13-09-2024,CUST1317,Customer_0317,P2009,Kurti,Clothing,Women,2.00,1199.00,2398.00,0.10,239.80,2158.20,625.88,Jaipur,Rajasthan,North,Credit Card,Standard,2024,9,September,0.29
ORD103668,25-03-2024,CUST1416,Customer_0416,P2009,Kurti,Clothing,Women,1.00,1199.00,1199.00,0.15,179.85,1019.15,280.27,Gurugram,Haryana,North,UPI,Express,2024,3,March,0.275
ORD103693,15-01-2025,CUST1575,Customer_0575,P2013,Mixer Grinder,Home & Kitchen,Kitchen,1.00,3499.00,3499.00,0.10,349.90,3149.10,661.31,Gurugram,Haryana,North,Credit Card,Standard,2025,1,January,0.21
ORD103994,11-11-2025,CUST1518,Customer_0518,P2025,Football,Sports,Outdoor,2.00,999.00,1998.00,0.10,199.80,1798.20,449.55,Delhi,Delhi,North,Debit Card,Standard,2025,11,November,0.25
ORD104253,26-10-2025,CUST1456,Customer_0456,P2021,Perfume,Beauty,Fragrance,2.00,1499.00,2998.00,0.05,149.90,2848.10,1039.56,Hyderabad,Telangana,South,UPI,Standard,2025,10,October,0.365
ORD104644,18-06-2024,CUST1364,Customer_0364,P2007,T-Shirt,Clothing,Men,3.00,799.00,2397.00,0.10,239.70,2157.30,625.62,Ahmedabad,Gujarat,West,UPI,Standard,2024,6,June,0.29
ORD104948,23-02-2024,CUST1282,Customer_0282,P2017,Office Chair,Home & Kitchen,Furniture,2.00,5999.00,11998.00,0.05,599.90,11398.10,2564.57,Noida,Uttar Pradesh,North,Credit Card,Standard,2024,2,February,0.225
ORD100232,09-02-2025,CUST1478,Customer_0478,P2012,Sandals,Clothing,Footwear,1.00,1299.00,1299.00,0.00,0.00,1299.00,415.68,Chennai,Tamil Nadu,South,UPI,Standard,2025,2,February,0.32
ORD102043,02-10-2025,CUST1025,Customer_0025,P2022,Yoga Mat,Sports,Fitness,1.00,899.00,899.00,0.15,134.85,764.15,179.58,Chennai,Tamil Nadu,South,UPI,Express,2025,10,October,0.235
ORD104586,08-11-2024,CUST1125,Customer_0125,P2014,Cookware Set,Home & Kitchen,Kitchen,1.00,2999.00,2999.00,0.05,149.95,2849.05,641.04,Mumbai,Maharashtra,West,Debit Card,Standard,2024,11,November,0.225
ORD104877,17-12-2025,CUST1389,Customer_0389,P2013,Mixer Grinder,Home & Kitchen,Kitchen,2.00,3499.00,6998.00,0.05,349.90,6648.10,1495.82,Jaipur,Rajasthan,North,UPI,Express,2025,12,December,0.225
ORD100416,27-08-2024,CUST1418,Customer_0418,P2022,Yoga Mat,Sports,Fitness,1.00,899.00,899.00,0.20,179.80,719.20,158.22,Bengaluru,Karnataka,South,UPI,Standard,2024,8,August,0.22
ORD100702,15-03-2025,CUST1341,Customer_0341,P2017,Office Chair,Home & Kitchen,Furniture,1.00,5999.00,5999.00,0.10,599.90,5399.10,1133.81,Kolkata,West Bengal,East,Net Banking,Standard,2025,3,March,0.21
ORD100940,02-11-2025,CUST1064,Customer_0064,P2018,Face Wash,Beauty,Skincare,3.00,399.00,1197.00,0.15,179.55,1017.45,340.85,Gurugram,Haryana,North,UPI,Standard,2025,11,November,0.335
ORD101128,03-04-2024,CUST1600,Customer_0600,P2021,Perfume,Beauty,Fragrance,1.00,1499.00,1499.00,0.25,374.75,1124.25,342.90,Delhi,Delhi,North,Debit Card,Standard,2024,4,April,0.305
ORD101244,21-12-2025,CUST1392,Customer_0392,P2004,Wireless Mouse,Electronics,Accessories,1.00,899.00,899.00,0.25,224.75,674.25,57.31,Lucknow,Uttar Pradesh,North,Credit Card,Standard,2025,12,December,0.085
ORD101434,07-04-2024,CUST1460,Customer_0460,P2004,Wireless Mouse,Electronics,Accessories,1.00,899.00,899.00,0.10,89.90,809.10,105.18,Ahmedabad,Gujarat,West,UPI,Standard,2024,4,April,0.13
ORD101779,02-01-2024,CUST1336,Customer_0336,P2010,Dress,Clothing,Women,3.00,1999.00,5997.00,0.25,1499.25,4497.75,1101.95,Chennai,Tamil Nadu,South,UPI,Express,2024,1,January,0.245
ORD103314,06-08-2024,CUST1206,Customer_0206,P2006,Power Bank,Electronics,Accessories,3.00,1499.00,4497.00,0.10,449.70,4047.30,526.15,Lucknow,Uttar Pradesh,North,UPI,Standard,2024,8,August,0.13
ORD103820,03-05-2025,CUST1724,Customer_0724,P2008,Jeans,Clothing,Men,1.00,1799.00,1799.00,0.30,539.70,1259.30,289.64,Bengaluru,Karnataka,South,Credit Card,Standard,2025,5,May,0.23
ORD103904,20-03-2024,CUST1179,Customer_0179,P2021,Perfume,Beauty,Fragrance,2.00,1499.00,2998.00,0.15,449.70,2548.30,853.68,Ahmedabad,Gujarat,West,Debit Card,Standard,2024,3,March,0.335
ORD103993,15-05-2024,CUST1025,Customer_0025,P2024,Cricket Bat,Sports,Outdoor,1.00,2499.00,2499.00,0.20,499.80,1999.20,439.82,Chennai,Tamil Nadu,South,Credit Card,Standard,2024,5,May,0.22
ORD104041,30-08-2025,CUST1518,Customer_0518,P2004,Wireless Mouse,Electronics,Accessories,2.00,899.00,1798.00,0.00,0.00,1798.00,287.68,Pune,Maharashtra,West,Debit Card,Standard,2025,8,August,0.16
ORD104574,19-08-2024,CUST1583,Customer_0583,P2015,Table Lamp,Home & Kitchen,Home Decor,2.00,1299.00,2598.00,0.20,519.60,2078.40,374.11,Ahmedabad,Gujarat,West,UPI,Same Day,2024,8,August,0.18
ORD104601,15-06-2025,CUST1361,Customer_0361,P2022,Yoga Mat,Sports,Fitness,2.00,899.00,1798.00,0.10,179.80,1618.20,404.55,Pune,Maharashtra,West,Credit Card,Same Day,2025,6,June,0.25
ORD104846,27-11-2025,CUST1457,Customer_0457,P2009,Kurti,Clothing,Women,1.00,1199.00,1199.00,0.10,119.90,1079.10,312.94,Pune,Maharashtra,West,Credit Card,Same Day,2025,11,November,0.29
ORD101810,31-03-2025,CUST1272,Customer_0272,P2006,Power Bank,Electronics,Accessories,1.00,1499.00,1499.00,0.30,449.70,1049.30,73.45,Ahmedabad,Gujarat,West,Cash on Delivery,Standard,2025,3,March,0.07
ORD103955,10-01-2024,CUST1111,Customer_0111,P2018,Face Wash,Beauty,Skincare,1.00,399.00,399.00,0.00,0.00,399.00,151.62,Gurugram,Haryana,North,Credit Card,Express,2024,1,January,0.38
ORD104549,09-01-2024,CUST1639,Customer_0639,P2016,Bedsheet Set,Home & Kitchen,Home Decor,2.00,999.00,1998.00,0.25,499.50,1498.50,247.25,Pune,Maharashtra,West,Debit Card,Express,2024,1,January,0.165
ORD104762,13-12-2025,CUST1341,Customer_0341,P2023,Dumbbells,Sports,Fitness,2.00,1599.00,3198.00,0.20,639.60,2558.40,562.85,Ahmedabad,Gujarat,West,Credit Card,Standard,2025,12,December,0.22
ORD100005,17-12-2024,CUST1370,Customer_0370,P2009,Kurti,Clothing,Women,1.00,1199.00,1199.00,0.25,299.75,899.25,220.32,Jaipur,Rajasthan,North,UPI,Standard,2024,12,December,0.245
ORD101276,03-05-2024,CUST1752,Customer_0752,P2003,Laptop,Electronics,Computers,1.00,59999.00,59999.00,0.15,8999.85,50999.15,5864.90,Mumbai,Maharashtra,West,Cash on Delivery,Express,2024,5,May,0.115
ORD101684,08-03-2025,CUST1382,Customer_0382,P2008,Jeans,Clothing,Men,2.00,1799.00,3598.00,0.05,179.90,3418.10,1042.52,Bengaluru,Karnataka,South,UPI,Standard,2025,3,March,0.305
ORD101949,11-12-2025,CUST1428,Customer_0428,P2006,Power Bank,Electronics,Accessories,1.00,1499.00,1499.00,0.10,149.90,1349.10,175.38,Kolkata,West Bengal,East,UPI,Standard,2025,12,December,0.13
ORD102418,15-05-2024,CUST1161,Customer_0161,P2014,Cookware Set,Home & Kitchen,Kitchen,3.00,2999.00,8997.00,0.10,899.70,8097.30,1700.43,Ahmedabad,Gujarat,West,Credit Card,Standard,2024,5,May,0.21
ORD103466,04-05-2025,CUST1404,Customer_0404,P2021,Perfume,Beauty,Fragrance,1.00,1499.00,1499.00,0.10,149.90,1349.10,472.18,Lucknow,Uttar Pradesh,North,Credit Card,Standard,2025,5,May,0.35
ORD103623,13-03-2024,CUST1089,Customer_0089,P2014,Cookware Set,Home & Kitchen,Kitchen,1.00,2999.00,2999.00,0.10,299.90,2699.10,566.81,Gurugram,Haryana,North,Net Banking,Standard,2024,3,March,0.21
ORD101292,22-08-2024,CUST1609,Customer_0609,P2014,Cookware Set,Home & Kitchen,Kitchen,2.00,2999.00,5998.00,0.10,599.80,5398.20,1133.62,Noida,Uttar Pradesh,North,UPI,Standard,2024,8,August,0.21
ORD101830,27-01-2025,CUST1057,Customer_0057,P2019,Sunscreen,Beauty,Skincare,1.00,699.00,699.00,0.10,69.90,629.10,220.18,Noida,Uttar Pradesh,North,Credit Card,Standard,2025,1,January,0.35
ORD102942,01-04-2024,CUST1064,Customer_0064,P2003,Laptop,Electronics,Computers,3.00,59999.00,179997.00,0.00,0.00,179997.00,28799.52,Hyderabad,Telangana,South,Net Banking,Standard,2024,4,April,0.16
ORD103113,14-04-2024,CUST1521,Customer_0521,P2016,Bedsheet Set,Home & Kitchen,Home Decor,1.00,999.00,999.00,0.00,0.00,999.00,239.76,Mumbai,Maharashtra,West,Net Banking,Standard,2024,4,April,0.24
ORD103238,15-04-2024,CUST1382,Customer_0382,P2006,Power Bank,Electronics,Accessories,1.00,1499.00,1499.00,0.15,224.85,1274.15,146.53,Bengaluru,Karnataka,South,Credit Card,Standard,2024,4,April,0.115
ORD103283,16-11-2024,CUST1190,Customer_0190,P2006,Power Bank,Electronics,Accessories,2.00,1499.00,2998.00,0.25,749.50,2248.50,191.12,Bengaluru,Karnataka,South,UPI,Standard,2024,11,November,0.085
ORD103692,11-01-2025,CUST1341,Customer_0341,P2008,Jeans,Clothing,Men,1.00,1799.00,1799.00,0.10,179.90,1619.10,469.54,Lucknow,Uttar Pradesh,North,Net Banking,Standard,2025,1,January,0.29
ORD104382,02-11-2024,CUST1129,Customer_0129,P2009,Kurti,Clothing,Women,1.00,1199.00,1199.00,0.10,119.90,1079.10,312.94,Ahmedabad,Gujarat,West,Credit Card,Standard,2024,11,November,0.29
ORD104890,20-05-2024,CUST1624,Customer_0624,P2020,Shampoo,Beauty,Haircare,2.00,599.00,1198.00,0.00,0.00,1198.00,455.24,Hyderabad,Telangana,South,UPI,Express,2024,5,May,0.38
ORD100547,26-01-2025,CUST1513,Customer_0513,P2003,Laptop,Electronics,Computers,1.00,59999.00,59999.00,0.15,8999.85,50999.15,5864.90,Hyderabad,Telangana,South,UPI,Standard,2025,1,January,0.115
ORD101188,16-05-2024,CUST1024,Customer_0024,P2017,Office Chair,Home & Kitchen,Furniture,2.00,5999.00,11998.00,0.10,1199.80,10798.20,2267.62,Jaipur,Rajasthan,North,UPI,Standard,2024,5,May,0.21
ORD101633,18-10-2025,CUST1166,Customer_0166,P2001,Smartphone,Electronics,Mobiles,1.00,24999.00,24999.00,0.20,4999.80,19999.20,1999.92,Hyderabad,Telangana,South,Cash on Delivery,Standard,2025,10,October,0.1
ORD103639,24-11-2025,CUST1657,Customer_0657,P2023,Dumbbells,Sports,Fitness,1.00,1599.00,1599.00,0.15,239.85,1359.15,319.40,Jaipur,Rajasthan,North,Credit Card,Standard,2025,11,November,0.235
ORD103895,26-05-2024,CUST1522,Customer_0522,P2003,Laptop,Electronics,Computers,2.00,59999.00,119998.00,0.05,5999.90,113998.10,16529.72,Noida,Uttar Pradesh,North,Credit Card,Standard,2024,5,May,0.145
ORD104737,11-03-2024,CUST1188,Customer_0188,P2002,Wireless Earbuds,Electronics,Mobiles,1.00,2999.00,2999.00,0.00,0.00,2999.00,479.84,Mumbai,Maharashtra,West,Credit Card,Standard,2024,3,March,0.16
ORD100263,27-06-2025,CUST1167,Customer_0167,P2006,Power Bank,Electronics,Accessories,2.00,1499.00,2998.00,0.30,899.40,2098.60,146.90,Kolkata,West Bengal,East,Credit Card,Standard,2025,6,June,0.07
ORD102303,30-07-2025,CUST1203,Customer_0203,P2021,Perfume,Beauty,Fragrance,1.00,1499.00,1499.00,0.25,374.75,1124.25,342.90,Kolkata,West Bengal,East,UPI,Express,2025,7,July,0.305
ORD102438,09-01-2024,CUST1290,Customer_0290,P2010,Dress,Clothing,Women,2.00,1999.00,3998.00,0.20,799.60,3198.40,831.58,Kolkata,West Bengal,East,Cash on Delivery,Standard,2024,1,January,0.26
ORD102968,16-09-2025,CUST1402,Customer_0402,P2021,Perfume,Beauty,Fragrance,1.00,1499.00,1499.00,0.05,74.95,1424.05,519.78,Bengaluru,Karnataka,South,Credit Card,Express,2025,9,September,0.365
ORD103774,27-10-2025,CUST1071,Customer_0071,P2020,Shampoo,Beauty,Haircare,1.00,599.00,599.00,0.10,59.90,539.10,188.68,Noida,Uttar Pradesh,North,UPI,Same Day,2025,10,October,0.35
ORD104900,17-06-2024,CUST1056,Customer_0056,P2013,Mixer Grinder,Home & Kitchen,Kitchen,1.00,3499.00,3499.00,0.15,524.85,2974.15,579.96,Delhi,Delhi,North,UPI,Standard,2024,6,June,0.195
ORD100751,26-03-2025,CUST1084,Customer_0084,P2010,Dress,Clothing,Women,2.00,1999.00,3998.00,0.05,199.90,3798.10,1158.42,Kolkata,West Bengal,East,Cash on Delivery,Express,2025,3,March,0.305
ORD101047,25-12-2024,CUST1468,Customer_0468,P2020,Shampoo,Beauty,Haircare,1.00,599.00,599.00,0.05,29.95,569.05,207.70,Lucknow,Uttar Pradesh,North,Cash on Delivery,Express,2024,12,December,0.365
ORD102068,06-08-2024,CUST1372,Customer_0372,P2009,Kurti,Clothing,Women,2.00,1199.00,2398.00,0.15,359.70,2038.30,560.53,Mumbai,Maharashtra,West,Debit Card,Standard,2024,8,August,0.275
ORD104170,05-10-2025,CUST1240,Customer_0240,P2011,Sneakers,Clothing,Footwear,1.00,2499.00,2499.00,0.30,749.70,1749.30,402.34,Ahmedabad,Gujarat,West,UPI,Standard,2025,10,October,0.23
ORD100215,04-06-2024,CUST1750,Customer_0750,P2013,Mixer Grinder,Home & Kitchen,Kitchen,1.00,3499.00,3499.00,0.25,874.75,2624.25,433.00,Kolkata,West Bengal,East,UPI,Express,2024,6,June,0.165
ORD100387,25-02-2025,CUST1290,Customer_0290,P2008,Jeans,Clothing,Men,3.00,1799.00,5397.00,0.10,539.70,4857.30,1408.62,Mumbai,Maharashtra,West,Debit Card,Standard,2025,2,February,0.29
ORD101238,22-09-2025,CUST1070,Customer_0070,P2006,Power Bank,Electronics,Accessories,2.00,1499.00,2998.00,0.00,0.00,2998.00,479.68,Noida,Uttar Pradesh,North,UPI,Standard,2025,9,September,0.16
ORD101678,04-12-2025,CUST1783,Customer_0783,P2014,Cookware Set,Home & Kitchen,Kitchen,1.00,2999.00,2999.00,0.30,899.70,2099.30,314.90,Kolkata,West Bengal,East,Cash on Delivery,Standard,2025,12,December,0.15
ORD101813,29-03-2025,CUST1439,Customer_0439,P2003,Laptop,Electronics,Computers,1.00,59999.00,59999.00,0.00,0.00,59999.00,9599.84,Pune,Maharashtra,West,Cash on Delivery,Express,2025,3,March,0.16
ORD104156,10-08-2024,CUST1691,Customer_0691,P2004,Wireless Mouse,Electronics,Accessories,1.00,899.00,899.00,0.15,134.85,764.15,87.88,Ahmedabad,Gujarat,West,Credit Card,Standard,2024,8,August,0.115
ORD100100,29-03-2024,CUST1472,Customer_0472,P2020,Shampoo,Beauty,Haircare,2.00,599.00,1198.00,0.15,179.70,1018.30,341.13,Jaipur,Rajasthan,North,Credit Card,Same Day,2024,3,March,0.335
ORD101014,12-04-2024,CUST1412,Customer_0412,P2020,Shampoo,Beauty,Haircare,4.00,599.00,2396.00,0.20,479.20,1916.80,613.38,Gurugram,Haryana,North,Debit Card,Standard,2024,4,April,0.32
ORD101867,23-05-2024,CUST1242,Customer_0242,P2014,Cookware Set,Home & Kitchen,Kitchen,2.00,2999.00,5998.00,0.20,1199.60,4798.40,863.71,Pune,Maharashtra,West,Net Banking,Standard,2024,5,May,0.18
ORD102683,06-05-2024,CUST1164,Customer_0164,P2002,Wireless Earbuds,Electronics,Mobiles,1.00,2999.00,2999.00,0.25,749.75,2249.25,191.19,Noida,Uttar Pradesh,North,Credit Card,Express,2024,5,May,0.085
ORD102801,26-08-2025,CUST1671,Customer_0671,P2022,Yoga Mat,Sports,Fitness,1.00,899.00,899.00,0.00,0.00,899.00,251.72,Bengaluru,Karnataka,South,UPI,Standard,2025,8,August,0.28
ORD103403,28-01-2025,CUST1140,Customer_0140,P2013,Mixer Grinder,Home & Kitchen,Kitchen,3.00,3499.00,10497.00,0.15,1574.55,8922.45,1739.88,Jaipur,Rajasthan,North,UPI,Express,2025,1,January,0.195
ORD103579,25-12-2024,CUST1374,Customer_0374,P2011,Sneakers,Clothing,Footwear,1.00,2499.00,2499.00,0.10,249.90,2249.10,652.24,Delhi,Delhi,North,Credit Card,Standard,2024,12,December,0.29
ORD104111,15-03-2025,CUST1166,Customer_0166,P2004,Wireless Mouse,Electronics,Accessories,1.00,899.00,899.00,0.05,44.95,854.05,123.84,Bengaluru,Karnataka,South,Cash on Delivery,Standard,2025,3,March,0.145
ORD104214,18-11-2024,CUST1344,Customer_0344,P2002,Wireless Earbuds,Electronics,Mobiles,1.00,2999.00,2999.00,0.10,299.90,2699.10,350.88,Kolkata,West Bengal,East,Debit Card,Express,2024,11,November,0.13
ORD104933,23-05-2024,CUST1183,Customer_0183,P2009,Kurti,Clothing,Women,1.00,1199.00,1199.00,0.25,299.75,899.25,220.32,Delhi,Delhi,North,Net Banking,Standard,2024,5,May,0.245
ORD100168,10-09-2024,CUST1516,Customer_0516,P2001,Smartphone,Electronics,Mobiles,1.00,24999.00,24999.00,0.15,3749.85,21249.15,2443.65,Delhi,Delhi,North,Credit Card,Same Day,2024,9,September,0.115
ORD102307,10-10-2024,CUST1269,Customer_0269,P2011,Sneakers,Clothing,Footwear,2.00,2499.00,4998.00,0.05,249.90,4748.10,1448.17,Lucknow,Uttar Pradesh,North,UPI,Same Day,2024,10,October,0.305
ORD102504,22-10-2025,CUST1159,Customer_0159,P2017,Office Chair,Home & Kitchen,Furniture,1.00,5999.00,5999.00,0.15,899.85,5099.15,994.33,Pune,Maharashtra,West,UPI,Standard,2025,10,October,0.195
ORD103610,27-03-2024,CUST1204,Customer_0204,P2006,Power Bank,Electronics,Accessories,1.00,1499.00,1499.00,0.00,0.00,1499.00,239.84,Pune,Maharashtra,West,UPI,Standard,2024,3,March,0.16
ORD103946,11-09-2024,CUST1439,Customer_0439,P2016,Bedsheet Set,Home & Kitchen,Home Decor,1.00,999.00,999.00,0.20,199.80,799.20,143.86,Ahmedabad,Gujarat,West,UPI,Standard,2024,9,September,0.18
ORD103983,20-07-2025,CUST1476,Customer_0476,P2001,Smartphone,Electronics,Mobiles,2.00,24999.00,49998.00,0.10,4999.80,44998.20,5849.77,Mumbai,Maharashtra,West,Credit Card,Standard,2025,7,July,0.13
ORD104039,07-09-2025,CUST1405,Customer_0405,P2016,Bedsheet Set,Home & Kitchen,Home Decor,1.00,999.00,999.00,0.00,0.00,999.00,239.76,Bengaluru,Karnataka,South,UPI,Standard,2025,9,September,0.24
ORD104883,06-09-2025,CUST1526,Customer_0526,P2015,Table Lamp,Home & Kitchen,Home Decor,1.00,1299.00,1299.00,0.05,64.95,1234.05,277.66,Ahmedabad,Gujarat,West,UPI,Express,2025,9,September,0.225
ORD100454,14-09-2025,CUST1295,Customer_0295,P2018,Face Wash,Beauty,Skincare,1.00,399.00,399.00,0.10,39.90,359.10,125.68,Delhi,Delhi,North,UPI,Express,2025,9,September,0.35
ORD100694,18-10-2024,CUST1324,Customer_0324,P2016,Bedsheet Set,Home & Kitchen,Home Decor,1.00,999.00,999.00,0.05,49.95,949.05,213.54,Jaipur,Rajasthan,North,Credit Card,Standard,2024,10,October,0.225
ORD101812,08-12-2025,CUST1472,Customer_0472,P2025,Football,Sports,Outdoor,1.00,999.00,999.00,0.00,0.00,999.00,279.72,Mumbai,Maharashtra,West,UPI,Standard,2025,12,December,0.28
ORD102917,28-01-2024,CUST1181,Customer_0181,P2007,T-Shirt,Clothing,Men,3.00,799.00,2397.00,0.25,599.25,1797.75,440.45,Ahmedabad,Gujarat,West,UPI,Standard,2024,1,January,0.245
ORD103553,05-11-2025,CUST1445,Customer_0445,P2003,Laptop,Electronics,Computers,1.00,59999.00,59999.00,0.30,17999.70,41999.30,2939.95,Hyderabad,Telangana,South,UPI,Express,2025,11,November,0.07
ORD104001,04-11-2024,CUST1416,Customer_0416,P2020,Shampoo,Beauty,Haircare,1.00,599.00,599.00,0.00,0.00,599.00,227.62,Ahmedabad,Gujarat,West,UPI,Standard,2024,11,November,0.38
ORD104172,29-07-2024,CUST1112,Customer_0112,P2023,Dumbbells,Sports,Fitness,2.00,1599.00,3198.00,0.10,319.80,2878.20,719.55,Kolkata,West Bengal,East,Debit Card,Standard,2024,7,July,0.25
ORD104307,14-06-2025,CUST1771,Customer_0771,P2007,T-Shirt,Clothing,Men,1.00,799.00,799.00,0.05,39.95,759.05,231.51,Gurugram,Haryana,North,Net Banking,Express,2025,6,June,0.305
ORD100282,13-09-2025,CUST1592,Customer_0592,P2012,Sandals,Clothing,Footwear,1.00,1299.00,1299.00,0.05,64.95,1234.05,376.39,Jaipur,Rajasthan,North,Net Banking,Standard,2025,9,September,0.305
ORD100792,05-06-2025,CUST1001,Customer_0001,P2006,Power Bank,Electronics,Accessories,2.00,1499.00,2998.00,0.20,599.60,2398.40,239.84,Gurugram,Haryana,North,UPI,Standard,2025,6,June,0.1
ORD100886,12-07-2024,CUST1650,Customer_0650,P2002,Wireless Earbuds,Electronics,Mobiles,1.00,2999.00,2999.00,0.30,899.70,2099.30,146.95,Hyderabad,Telangana,South,Net Banking,Standard,2024,7,July,0.07
ORD101907,05-02-2025,CUST1451,Customer_0451,P2007,T-Shirt,Clothing,Men,1.00,799.00,799.00,0.10,79.90,719.10,208.54,Hyderabad,Telangana,South,UPI,Same Day,2025,2,February,0.29
ORD102691,29-10-2024,CUST1238,Customer_0238,P2025,Football,Sports,Outdoor,1.00,999.00,999.00,0.10,99.90,899.10,224.78,Ahmedabad,Gujarat,West,Credit Card,Express,2024,10,October,0.25
ORD102704,23-10-2025,CUST1482,Customer_0482,P2022,Yoga Mat,Sports,Fitness,1.00,899.00,899.00,0.25,224.75,674.25,138.22,Mumbai,Maharashtra,West,Cash on Delivery,Express,2025,10,October,0.205
ORD104365,25-02-2024,CUST1480,Customer_0480,P2014,Cookware Set,Home & Kitchen,Kitchen,1.00,2999.00,2999.00,0.15,449.85,2549.15,497.08,Ahmedabad,Gujarat,West,UPI,Standard,2024,2,February,0.195
ORD104715,02-09-2024,CUST1598,Customer_0598,P2007,T-Shirt,Clothing,Men,1.00,799.00,799.00,0.05,39.95,759.05,231.51,Mumbai,Maharashtra,West,Net Banking,Standard,2024,9,September,0.305
ORD100839,21-05-2025,CUST1313,Customer_0313,P2017,Office Chair,Home & Kitchen,Furniture,1.00,5999.00,5999.00,0.05,299.95,5699.05,1282.29,Jaipur,Rajasthan,North,UPI,Standard,2025,5,May,0.225
ORD101472,30-01-2025,CUST1004,Customer_0004,P2018,Face Wash,Beauty,Skincare,2.00,399.00,798.00,0.05,39.90,758.10,276.71,Hyderabad,Telangana,South,Credit Card,Standard,2025,1,January,0.365
ORD101591,25-04-2024,CUST1724,Customer_0724,P2025,Football,Sports,Outdoor,1.00,999.00,999.00,0.15,149.85,849.15,199.55,Bengaluru,Karnataka,South,UPI,Standard,2024,4,April,0.235
ORD101859,03-09-2024,CUST1198,Customer_0198,P2023,Dumbbells,Sports,Fitness,1.00,1599.00,1599.00,0.20,319.80,1279.20,281.42,Pune,Maharashtra,West,Debit Card,Express,2024,9,September,0.22
ORD101938,26-05-2025,CUST1243,Customer_0243,P2006,Power Bank,Electronics,Accessories,1.00,1499.00,1499.00,0.10,149.90,1349.10,175.38,Kolkata,West Bengal,East,UPI,Standard,2025,5,May,0.13
ORD102512,15-10-2025,CUST1077,Customer_0077,P2011,Sneakers,Clothing,Footwear,1.00,2499.00,2499.00,0.05,124.95,2374.05,724.09,Jaipur,Rajasthan,North,Debit Card,Standard,2025,10,October,0.305
ORD102989,31-08-2025,CUST1632,Customer_0632,P2006,Power Bank,Electronics,Accessories,1.00,1499.00,1499.00,0.05,74.95,1424.05,206.49,Bengaluru,Karnataka,South,Credit Card,Same Day,2025,8,August,0.145
ORD103100,13-03-2024,CUST1734,Customer_0734,P2016,Bedsheet Set,Home & Kitchen,Home Decor,4.00,999.00,3996.00,0.10,399.60,3596.40,755.24,Delhi,Delhi,North,UPI,Standard,2024,3,March,0.21
ORD103898,24-06-2025,CUST1410,Customer_0410,P2014,Cookware Set,Home & Kitchen,Kitchen,3.00,2999.00,8997.00,0.00,0.00,8997.00,2159.28,Chennai,Tamil Nadu,South,Net Banking,Standard,2025,6,June,0.24
ORD104038,13-01-2024,CUST1565,Customer_0565,P2020,Shampoo,Beauty,Haircare,1.00,599.00,599.00,0.10,59.90,539.10,188.68,Hyderabad,Telangana,South,Credit Card,Same Day,2024,1,January,0.35
ORD104210,04-01-2025,CUST1197,Customer_0197,P2022,Yoga Mat,Sports,Fitness,1.00,899.00,899.00,0.00,0.00,899.00,251.72,Delhi,Delhi,North,Credit Card,Express,2025,1,January,0.28
ORD104909,20-11-2024,CUST1236,Customer_0236,P2004,Wireless Mouse,Electronics,Accessories,1.00,899.00,899.00,0.20,179.80,719.20,71.92,Ahmedabad,Gujarat,West,UPI,Standard,2024,11,November,0.1
ORD100921,15-05-2024,CUST1424,Customer_0424,P2008,Jeans,Clothing,Men,1.00,1799.00,1799.00,0.00,0.00,1799.00,575.68,Mumbai,Maharashtra,West,UPI,Standard,2024,5,May,0.32
ORD103648,31-01-2025,CUST1232,Customer_0232,P2015,Table Lamp,Home & Kitchen,Home Decor,1.00,1299.00,1299.00,0.10,129.90,1169.10,245.51,Noida,Uttar Pradesh,North,Credit Card,Same Day,2025,1,January,0.21
ORD104718,05-08-2025,CUST1443,Customer_0443,P2003,Laptop,Electronics,Computers,2.00,59999.00,119998.00,0.15,17999.70,101998.30,11729.80,Pune,Maharashtra,West,UPI,Standard,2025,8,August,0.115
ORD100655,06-03-2025,CUST1430,Customer_0430,P2010,Dress,Clothing,Women,4.00,1999.00,7996.00,0.25,1999.00,5997.00,1469.26,Bengaluru,Karnataka,South,UPI,Standard,2025,3,March,0.245
ORD101821,09-01-2025,CUST1400,Customer_0400,P2017,Office Chair,Home & Kitchen,Furniture,2.00,5999.00,11998.00,0.05,599.90,11398.10,2564.57,Kolkata,West Bengal,East,Credit Card,Express,2025,1,January,0.225
ORD102752,13-07-2025,CUST1649,Customer_0649,P2008,Jeans,Clothing,Men,1.00,1799.00,1799.00,0.05,89.95,1709.05,521.26,Lucknow,Uttar Pradesh,North,Net Banking,Same Day,2025,7,July,0.305
ORD103305,30-11-2025,CUST1323,Customer_0323,P2008,Jeans,Clothing,Men,1.00,1799.00,1799.00,0.15,269.85,1529.15,420.52,Bengaluru,Karnataka,South,Credit Card,Standard,2025,11,November,0.275
ORD104666,25-06-2024,CUST1483,Customer_0483,P2004,Wireless Mouse,Electronics,Accessories,1.00,899.00,899.00,0.20,179.80,719.20,71.92,Jaipur,Rajasthan,North,UPI,Standard,2024,6,June,0.1
ORD104754,27-04-2025,CUST1528,Customer_0528,P2004,Wireless Mouse,Electronics,Accessories,1.00,899.00,899.00,0.15,134.85,764.15,87.88,Mumbai,Maharashtra,West,UPI,Standard,2025,4,April,0.115
ORD100496,15-03-2024,CUST1603,Customer_0603,P2011,Sneakers,Clothing,Footwear,1.00,2499.00,2499.00,0.05,124.95,2374.05,724.09,Pune,Maharashtra,West,Cash on Delivery,Standard,2024,3,March,0.305
ORD100988,18-01-2024,CUST1047,Customer_0047,P2007,T-Shirt,Clothing,Men,2.00,799.00,1598.00,0.05,79.90,1518.10,463.02,Kolkata,West Bengal,East,Credit Card,Same Day,2024,1,January,0.305
ORD102060,24-08-2025,CUST1429,Customer_0429,P2009,Kurti,Clothing,Women,1.00,1199.00,1199.00,0.20,239.80,959.20,249.39,Delhi,Delhi,North,Credit Card,Standard,2025,8,August,0.26
ORD102474,10-03-2024,CUST1185,Customer_0185,P2008,Jeans,Clothing,Men,1.00,1799.00,1799.00,0.00,0.00,1799.00,575.68,Bengaluru,Karnataka,South,Credit Card,Standard,2024,3,March,0.32
ORD102493,15-01-2024,CUST1599,Customer_0599,P2023,Dumbbells,Sports,Fitness,2.00,1599.00,3198.00,0.10,319.80,2878.20,719.55,Hyderabad,Telangana,South,UPI,Standard,2024,1,January,0.25
ORD102537,25-09-2024,CUST1673,Customer_0673,P2016,Bedsheet Set,Home & Kitchen,Home Decor,2.00,999.00,1998.00,0.20,399.60,1598.40,287.71,Delhi,Delhi,North,Cash on Delivery,Standard,2024,9,September,0.18
ORD102647,08-08-2024,CUST1415,Customer_0415,P2004,Wireless Mouse,Electronics,Accessories,2.00,899.00,1798.00,0.05,89.90,1708.10,247.67,Delhi,Delhi,North,UPI,Express,2024,8,August,0.145
ORD102837,10-02-2024,CUST1374,Customer_0374,P2002,Wireless Earbuds,Electronics,Mobiles,1.00,2999.00,2999.00,0.05,149.95,2849.05,413.11,Jaipur,Rajasthan,North,Net Banking,Standard,2024,2,February,0.145
ORD102923,02-03-2024,CUST1288,Customer_0288,P2016,Bedsheet Set,Home & Kitchen,Home Decor,1.00,999.00,999.00,0.15,149.85,849.15,165.58,Delhi,Delhi,North,UPI,Same Day,2024,3,March,0.195
ORD104350,11-02-2025,CUST1068,Customer_0068,P2009,Kurti,Clothing,Women,1.00,1199.00,1199.00,0.10,119.90,1079.10,312.94,Pune,Maharashtra,West,UPI,Standard,2025,2,February,0.29
ORD104453,02-06-2025,CUST1753,Customer_0753,P2006,Power Bank,Electronics,Accessories,3.00,1499.00,4497.00,0.20,899.40,3597.60,359.76,Delhi,Delhi,North,UPI,Standard,2025,6,June,0.1
ORD104729,20-10-2024,CUST1396,Customer_0396,P2013,Mixer Grinder,Home & Kitchen,Kitchen,2.00,3499.00,6998.00,0.00,0.00,6998.00,1679.52,Pune,Maharashtra,West,Credit Card,Same Day,2024,10,October,0.24
ORD100252,05-10-2025,CUST1502,Customer_0502,P2007,T-Shirt,Clothing,Men,2.00,799.00,1598.00,0.00,0.00,1598.00,511.36,Jaipur,Rajasthan,North,UPI,Express,2025,10,October,0.32
ORD100728,30-12-2025,CUST1177,Customer_0177,P2001,Smartphone,Electronics,Mobiles,1.00,24999.00,24999.00,0.10,2499.90,22499.10,2924.88,Noida,Uttar Pradesh,North,UPI,Standard,2025,12,December,0.13
ORD100883,28-05-2025,CUST1627,Customer_0627,P2015,Table Lamp,Home & Kitchen,Home Decor,4.00,1299.00,5196.00,0.10,519.60,4676.40,982.04,Lucknow,Uttar Pradesh,North,Credit Card,Standard,2025,5,May,0.21
ORD101598,01-03-2025,CUST1412,Customer_0412,P2010,Dress,Clothing,Women,4.00,1999.00,7996.00,0.25,1999.00,5997.00,1469.26,Lucknow,Uttar Pradesh,North,UPI,Standard,2025,3,March,0.245
ORD102210,09-03-2025,CUST1397,Customer_0397,P2003,Laptop,Electronics,Computers,1.00,59999.00,59999.00,0.20,11999.80,47999.20,4799.92,Delhi,Delhi,North,UPI,Standard,2025,3,March,0.1
ORD104439,19-12-2025,CUST1542,Customer_0542,P2012,Sandals,Clothing,Footwear,1.00,1299.00,1299.00,0.20,259.80,1039.20,270.19,Mumbai,Maharashtra,West,Credit Card,Standard,2025,12,December,0.26
ORD104874,15-02-2025,CUST1438,Customer_0438,P2010,Dress,Clothing,Women,1.00,1999.00,1999.00,0.30,599.70,1399.30,321.84,Mumbai,Maharashtra,West,Debit Card,Standard,2025,2,February,0.23
ORD104885,25-03-2024,CUST1326,Customer_0326,P2016,Bedsheet Set,Home & Kitchen,Home Decor,2.00,999.00,1998.00,0.15,299.70,1698.30,331.17,Mumbai,Maharashtra,West,UPI,Standard,2024,3,March,0.195
ORD102015,17-10-2025,CUST1136,Customer_0136,P2021,Perfume,Beauty,Fragrance,2.00,1499.00,2998.00,0.30,899.40,2098.60,608.59,Bengaluru,Karnataka,South,Credit Card,Standard,2025,10,October,0.29
ORD102098,03-07-2025,CUST1476,Customer_0476,P2008,Jeans,Clothing,Men,3.00,1799.00,5397.00,0.30,1619.10,3777.90,868.92,Noida,Uttar Pradesh,North,Credit Card,Same Day,2025,7,July,0.23
ORD103205,04-07-2025,CUST1148,Customer_0148,P2001,Smartphone,Electronics,Mobiles,2.00,24999.00,49998.00,0.10,4999.80,44998.20,5849.77,Jaipur,Rajasthan,North,UPI,Express,2025,7,July,0.13
ORD103720,22-09-2025,CUST1630,Customer_0630,P2002,Wireless Earbuds,Electronics,Mobiles,3.00,2999.00,8997.00,0.20,1799.40,7197.60,719.76,Noida,Uttar Pradesh,North,UPI,Express,2025,9,September,0.1
ORD103960,05-06-2024,CUST1018,Customer_0018,P2007,T-Shirt,Clothing,Men,1.00,799.00,799.00,0.10,79.90,719.10,208.54,Chennai,Tamil Nadu,South,UPI,Express,2024,6,June,0.29
ORD104257,11-10-2024,CUST1001,Customer_0001,P2021,Perfume,Beauty,Fragrance,3.00,1499.00,4497.00,0.10,449.70,4047.30,1416.56,Hyderabad,Telangana,South,Debit Card,Standard,2024,10,October,0.35
ORD100153,26-03-2024,CUST1129,Customer_0129,P2012,Sandals,Clothing,Footwear,3.00,1299.00,3897.00,0.20,779.40,3117.60,810.58,Gurugram,Haryana,North,Net Banking,Same Day,2024,3,March,0.26
ORD101103,13-11-2024,CUST1460,Customer_0460,P2004,Wireless Mouse,Electronics,Accessories,1.00,899.00,899.00,0.10,89.90,809.10,105.18,Jaipur,Rajasthan,North,UPI,Standard,2024,11,November,0.13
ORD102236,21-03-2024,CUST1720,Customer_0720,P2011,Sneakers,Clothing,Footwear,1.00,2499.00,2499.00,0.10,249.90,2249.10,652.24,Gurugram,Haryana,North,UPI,Standard,2024,3,March,0.29
ORD102370,07-06-2025,CUST1182,Customer_0182,P2015,Table Lamp,Home & Kitchen,Home Decor,1.00,1299.00,1299.00,0.05,64.95,1234.05,277.66,Mumbai,Maharashtra,West,UPI,Standard,2025,6,June,0.225
ORD102701,27-07-2024,CUST1633,Customer_0633,P2015,Table Lamp,Home & Kitchen,Home Decor,1.00,1299.00,1299.00,0.10,129.90,1169.10,245.51,Noida,Uttar Pradesh,North,UPI,Standard,2024,7,July,0.21
ORD103440,08-06-2024,CUST1377,Customer_0377,P2022,Yoga Mat,Sports,Fitness,1.00,899.00,899.00,0.25,224.75,674.25,138.22,Chennai,Tamil Nadu,South,UPI,Standard,2024,6,June,0.205
ORD104501,03-07-2025,CUST1437,Customer_0437,P2005,Keyboard,Electronics,Accessories,2.00,1299.00,2598.00,0.10,259.80,2338.20,303.97,Kolkata,West Bengal,East,UPI,Standard,2025,7,July,0.13
ORD100272,30-11-2024,CUST1551,Customer_0551,P2007,T-Shirt,Clothing,Men,1.00,799.00,799.00,0.10,79.90,719.10,208.54,Hyderabad,Telangana,South,Debit Card,Express,2024,11,November,0.29
ORD103738,04-02-2025,CUST1092,Customer_0092,P2011,Sneakers,Clothing,Footwear,2.00,2499.00,4998.00,0.00,0.00,4998.00,1599.36,Noida,Uttar Pradesh,North,Credit Card,Express,2025,2,February,0.32
ORD100376,23-08-2025,CUST1573,Customer_0573,P2003,Laptop,Electronics,Computers,2.00,59999.00,119998.00,0.15,17999.70,101998.30,11729.80,Ahmedabad,Gujarat,West,Debit Card,Express,2025,8,August,0.115
ORD100664,11-10-2025,CUST1201,Customer_0201,P2025,Football,Sports,Outdoor,1.00,999.00,999.00,0.20,199.80,799.20,175.82,Noida,Uttar Pradesh,North,Net Banking,Express,2025,10,October,0.22
ORD100798,27-10-2025,CUST1483,Customer_0483,P2009,Kurti,Clothing,Women,1.00,1199.00,1199.00,0.00,0.00,1199.00,383.68,Kolkata,West Bengal,East,UPI,Same Day,2025,10,October,0.32
ORD101093,28-11-2025,CUST1765,Customer_0765,P2022,Yoga Mat,Sports,Fitness,3.00,899.00,2697.00,0.05,134.85,2562.15,678.97,Chennai,Tamil Nadu,South,UPI,Standard,2025,11,November,0.265
ORD101761,20-10-2025,CUST1231,Customer_0231,P2015,Table Lamp,Home & Kitchen,Home Decor,5.00,1299.00,6495.00,0.10,649.50,5845.50,1227.56,Kolkata,West Bengal,East,Credit Card,Standard,2025,10,October,0.21
ORD102375,08-03-2024,CUST1404,Customer_0404,P2011,Sneakers,Clothing,Footwear,5.00,2499.00,12495.00,0.05,624.75,11870.25,3620.43,Jaipur,Rajasthan,North,Debit Card,Same Day,2024,3,March,0.305
ORD102666,13-11-2024,CUST1412,Customer_0412,P2017,Office Chair,Home & Kitchen,Furniture,3.00,5999.00,17997.00,0.00,0.00,17997.00,4319.28,Ahmedabad,Gujarat,West,Credit Card,Standard,2024,11,November,0.24
ORD102869,16-12-2025,CUST1509,Customer_0509,P2009,Kurti,Clothing,Women,1.00,1199.00,1199.00,0.20,239.80,959.20,249.39,Jaipur,Rajasthan,North,Debit Card,Standard,2025,12,December,0.26
ORD103656,23-03-2025,CUST1769,Customer_0769,P2004,Wireless Mouse,Electronics,Accessories,3.00,899.00,2697.00,0.05,134.85,2562.15,371.51,Lucknow,Uttar Pradesh,North,Credit Card,Standard,2025,3,March,0.145
ORD100544,01-09-2024,CUST1254,Customer_0254,P2003,Laptop,Electronics,Computers,3.00,59999.00,179997.00,0.10,17999.70,161997.30,21059.65,Delhi,Delhi,North,Credit Card,Standard,2024,9,September,0.13
ORD101299,29-02-2024,CUST1311,Customer_0311,P2015,Table Lamp,Home & Kitchen,Home Decor,2.00,1299.00,2598.00,0.10,259.80,2338.20,491.02,Kolkata,West Bengal,East,UPI,Standard,2024,2,February,0.21
ORD102723,07-09-2024,CUST1448,Customer_0448,P2005,Keyboard,Electronics,Accessories,1.00,1299.00,1299.00,0.10,129.90,1169.10,151.98,Jaipur,Rajasthan,North,Debit Card,Standard,2024,9,September,0.13
ORD102821,29-03-2024,CUST1212,Customer_0212,P2014,Cookware Set,Home & Kitchen,Kitchen,2.00,2999.00,5998.00,0.15,899.70,5098.30,994.17,Hyderabad,Telangana,South,UPI,Express,2024,3,March,0.195
ORD103606,20-03-2025,CUST1767,Customer_0767,P2009,Kurti,Clothing,Women,1.00,1199.00,1199.00,0.05,59.95,1139.05,347.41,Noida,Uttar Pradesh,North,Debit Card,Standard,2025,3,March,0.305
ORD103626,28-04-2024,CUST1143,Customer_0143,P2002,Wireless Earbuds,Electronics,Mobiles,3.00,2999.00,8997.00,0.15,1349.55,7647.45,879.46,Hyderabad,Telangana,South,Net Banking,Standard,2024,4,April,0.115
ORD103879,09-04-2025,CUST1618,Customer_0618,P2005,Keyboard,Electronics,Accessories,1.00,1299.00,1299.00,0.15,194.85,1104.15,126.98,Kolkata,West Bengal,East,UPI,Express,2025,4,April,0.115
ORD101135,18-09-2025,CUST1695,Customer_0695,P2015,Table Lamp,Home & Kitchen,Home Decor,1.00,1299.00,1299.00,0.25,324.75,974.25,160.75,Noida,Uttar Pradesh,North,Debit Card,Same Day,2025,9,September,0.165
ORD101366,15-09-2025,CUST1559,Customer_0559,P2015,Table Lamp,Home & Kitchen,Home Decor,3.00,1299.00,3897.00,0.15,584.55,3312.45,645.93,Lucknow,Uttar Pradesh,North,Cash on Delivery,Same Day,2025,9,September,0.195
ORD101578,26-02-2024,CUST1637,Customer_0637,P2012,Sandals,Clothing,Footwear,3.00,1299.00,3897.00,0.00,0.00,3897.00,1247.04,Lucknow,Uttar Pradesh,North,Credit Card,Standard,2024,2,February,0.32
ORD104402,12-11-2024,CUST1459,Customer_0459,P2013,Mixer Grinder,Home & Kitchen,Kitchen,4.00,3499.00,13996.00,0.15,2099.40,11896.60,2319.84,Hyderabad,Telangana,South,Cash on Delivery,Standard,2024,11,November,0.195
ORD104440,13-11-2025,CUST1416,Customer_0416,P2012,Sandals,Clothing,Footwear,1.00,1299.00,1299.00,0.10,129.90,1169.10,339.04,Gurugram,Haryana,North,Debit Card,Standard,2025,11,November,0.29
ORD100508,04-11-2025,CUST1642,Customer_0642,P2014,Cookware Set,Home & Kitchen,Kitchen,2.00,2999.00,5998.00,0.25,1499.50,4498.50,742.25,Delhi,Delhi,North,Net Banking,Express,2025,11,November,0.165
ORD101282,28-06-2024,CUST1051,Customer_0051,P2017,Office Chair,Home & Kitchen,Furniture,2.00,5999.00,11998.00,0.00,0.00,11998.00,2879.52,Pune,Maharashtra,West,UPI,Standard,2024,6,June,0.24
ORD102746,02-05-2024,CUST1393,Customer_0393,P2007,T-Shirt,Clothing,Men,2.00,799.00,1598.00,0.15,239.70,1358.30,373.53,Hyderabad,Telangana,South,UPI,Express,2024,5,May,0.275
ORD103357,13-01-2024,CUST1384,Customer_0384,P2019,Sunscreen,Beauty,Skincare,1.00,699.00,699.00,0.25,174.75,524.25,159.90,Noida,Uttar Pradesh,North,Credit Card,Standard,2024,1,January,0.305
ORD104168,25-12-2025,CUST1341,Customer_0341,P2009,Kurti,Clothing,Women,1.00,1199.00,1199.00,0.10,119.90,1079.10,312.94,Chennai,Tamil Nadu,South,Net Banking,Standard,2025,12,December,0.29
ORD100132,20-05-2024,CUST1436,Customer_0436,P2013,Mixer Grinder,Home & Kitchen,Kitchen,1.00,3499.00,3499.00,0.20,699.80,2799.20,503.86,Ahmedabad,Gujarat,West,Cash on Delivery,Standard,2024,5,May,0.18
ORD101321,19-12-2025,CUST1621,Customer_0621,P2016,Bedsheet Set,Home & Kitchen,Home Decor,1.00,999.00,999.00,0.20,199.80,799.20,143.86,Jaipur,Rajasthan,North,Credit Card,Standard,2025,12,December,0.18
ORD101754,12-01-2024,CUST1579,Customer_0579,P2015,Table Lamp,Home & Kitchen,Home Decor,1.00,1299.00,1299.00,0.10,129.90,1169.10,245.51,Delhi,Delhi,North,Credit Card,Standard,2024,1,January,0.21
ORD102318,16-06-2024,CUST1549,Customer_0549,P2006,Power Bank,Electronics,Accessories,2.00,1499.00,2998.00,0.20,599.60,2398.40,239.84,Mumbai,Maharashtra,West,UPI,Standard,2024,6,June,0.1
ORD100267,23-05-2025,CUST1553,Customer_0553,P2002,Wireless Earbuds,Electronics,Mobiles,1.00,2999.00,2999.00,0.15,449.85,2549.15,293.15,Pune,Maharashtra,West,Net Banking,Standard,2025,5,May,0.115
ORD101160,21-12-2024,CUST1538,Customer_0538,P2003,Laptop,Electronics,Computers,3.00,59999.00,179997.00,0.15,26999.55,152997.45,17594.71,Delhi,Delhi,North,Credit Card,Express,2024,12,December,0.115
ORD102155,19-06-2025,CUST1411,Customer_0411,P2017,Office Chair,Home & Kitchen,Furniture,5.00,5999.00,29995.00,0.10,2999.50,26995.50,5669.05,Lucknow,Uttar Pradesh,North,UPI,Standard,2025,6,June,0.21
ORD102515,13-06-2025,CUST1532,Customer_0532,P2006,Power Bank,Electronics,Accessories,1.00,1499.00,1499.00,0.15,224.85,1274.15,146.53,Chennai,Tamil Nadu,South,UPI,Standard,2025,6,June,0.115
ORD103023,22-09-2024,CUST1139,Customer_0139,P2001,Smartphone,Electronics,Mobiles,1.00,24999.00,24999.00,0.25,6249.75,18749.25,1593.69,Noida,Uttar Pradesh,North,Debit Card,Express,2024,9,September,0.085
ORD103289,19-06-2024,CUST1697,Customer_0697,P2016,Bedsheet Set,Home & Kitchen,Home Decor,1.00,999.00,999.00,0.10,99.90,899.10,188.81,Lucknow,Uttar Pradesh,North,UPI,Standard,2024,6,June,0.21
ORD104354,15-01-2025,CUST1462,Customer_0462,P2001,Smartphone,Electronics,Mobiles,2.00,24999.00,49998.00,0.15,7499.70,42498.30,4887.30,Mumbai,Maharashtra,West,Credit Card,Express,2025,1,January,0.115
ORD100249,09-05-2024,CUST1312,Customer_0312,P2012,Sandals,Clothing,Footwear,2.00,1299.00,2598.00,0.20,519.60,2078.40,540.38,Pune,Maharashtra,West,Net Banking,Express,2024,5,May,0.26
ORD100620,02-10-2024,CUST1313,Customer_0313,P2019,Sunscreen,Beauty,Skincare,1.00,699.00,699.00,0.20,139.80,559.20,178.94,Bengaluru,Karnataka,South,Debit Card,Same Day,2024,10,October,0.32
ORD100788,30-04-2024,CUST1462,Customer_0462,P2007,T-Shirt,Clothing,Men,2.00,799.00,1598.00,0.10,159.80,1438.20,417.08,Noida,Uttar Pradesh,North,Credit Card,Express,2024,4,April,0.29
ORD101055,31-01-2024,CUST1799,Customer_0799,P2018,Face Wash,Beauty,Skincare,3.00,399.00,1197.00,0.15,179.55,1017.45,340.85,Gurugram,Haryana,North,Credit Card,Standard,2024,1,January,0.335
ORD101432,09-12-2024,CUST1282,Customer_0282,P2024,Cricket Bat,Sports,Outdoor,3.00,2499.00,7497.00,0.30,2249.10,5247.90,997.10,Ahmedabad,Gujarat,West,UPI,Express,2024,12,December,0.19
ORD101825,15-03-2025,CUST1434,Customer_0434,P2013,Mixer Grinder,Home & Kitchen,Kitchen,1.00,3499.00,3499.00,0.10,349.90,3149.10,661.31,Gurugram,Haryana,North,Net Banking,Standard,2025,3,March,0.21
ORD103182,05-10-2024,CUST1422,Customer_0422,P2016,Bedsheet Set,Home & Kitchen,Home Decor,2.00,999.00,1998.00,0.15,299.70,1698.30,331.17,Noida,Uttar Pradesh,North,Net Banking,Standard,2024,10,October,0.195
ORD103742,20-06-2025,CUST1251,Customer_0251,P2013,Mixer Grinder,Home & Kitchen,Kitchen,2.00,3499.00,6998.00,0.15,1049.70,5948.30,1159.92,Noida,Uttar Pradesh,North,Credit Card,Express,2025,6,June,0.195
ORD104435,06-03-2024,CUST1205,Customer_0205,P2022,Yoga Mat,Sports,Fitness,2.00,899.00,1798.00,0.00,0.00,1798.00,503.44,Delhi,Delhi,North,Credit Card,Standard,2024,3,March,0.28
ORD104577,26-09-2024,CUST1360,Customer_0360,P2009,Kurti,Clothing,Women,1.00,1199.00,1199.00,0.10,119.90,1079.10,312.94,Bengaluru,Karnataka,South,UPI,Express,2024,9,September,0.29
ORD101152,30-12-2025,CUST1418,Customer_0418,P2021,Perfume,Beauty,Fragrance,1.00,1499.00,1499.00,0.10,149.90,1349.10,472.18,Noida,Uttar Pradesh,North,Net Banking,Standard,2025,12,December,0.35
ORD101536,13-08-2025,CUST1292,Customer_0292,P2025,Football,Sports,Outdoor,2.00,999.00,1998.00,0.15,299.70,1698.30,399.10,Gurugram,Haryana,North,Cash on Delivery,Express,2025,8,August,0.235
ORD104994,04-10-2025,CUST1023,Customer_0023,P2022,Yoga Mat,Sports,Fitness,1.00,899.00,899.00,0.10,89.90,809.10,202.28,Gurugram,Haryana,North,UPI,Standard,2025,10,October,0.25
ORD100470,19-03-2024,CUST1565,Customer_0565,P2015,Table Lamp,Home & Kitchen,Home Decor,2.00,1299.00,2598.00,0.30,779.40,1818.60,272.79,Jaipur,Rajasthan,North,UPI,Standard,2024,3,March,0.15
ORD100604,23-05-2025,CUST1627,Customer_0627,P2011,Sneakers,Clothing,Footwear,2.00,2499.00,4998.00,0.10,499.80,4498.20,1304.48,Delhi,Delhi,North,UPI,Standard,2025,5,May,0.29
ORD101488,11-04-2025,CUST1572,Customer_0572,P2016,Bedsheet Set,Home & Kitchen,Home Decor,2.00,999.00,1998.00,0.05,99.90,1898.10,427.07,Delhi,Delhi,North,Net Banking,Standard,2025,4,April,0.225
ORD104742,07-06-2025,CUST1490,Customer_0490,P2015,Table Lamp,Home & Kitchen,Home Decor,3.00,1299.00,3897.00,0.00,0.00,3897.00,935.28,Pune,Maharashtra,West,UPI,Same Day,2025,6,June,0.24
ORD104969,03-01-2025,CUST1183,Customer_0183,P2006,Power Bank,Electronics,Accessories,1.00,1499.00,1499.00,0.15,224.85,1274.15,146.53,Jaipur,Rajasthan,North,Credit Card,Express,2025,1,January,0.115
ORD101205,26-02-2024,CUST1508,Customer_0508,P2004,Wireless Mouse,Electronics,Accessories,1.00,899.00,899.00,0.10,89.90,809.10,105.18,Bengaluru,Karnataka,South,Debit Card,Same Day,2024,2,February,0.13
ORD102716,26-05-2025,CUST1181,Customer_0181,P2006,Power Bank,Electronics,Accessories,3.00,1499.00,4497.00,0.05,224.85,4272.15,619.46,Jaipur,Rajasthan,North,Debit Card,Standard,2025,5,May,0.145
ORD102836,03-08-2025,CUST1628,Customer_0628,P2015,Table Lamp,Home & Kitchen,Home Decor,1.00,1299.00,1299.00,0.10,129.90,1169.10,245.51,Mumbai,Maharashtra,West,Net Banking,Standard,2025,8,August,0.21
ORD103071,19-06-2024,CUST1307,Customer_0307,P2012,Sandals,Clothing,Footwear,2.00,1299.00,2598.00,0.15,389.70,2208.30,607.28,Kolkata,West Bengal,East,Credit Card,Express,2024,6,June,0.275
ORD103957,11-01-2025,CUST1129,Customer_0129,P2025,Football,Sports,Outdoor,1.00,999.00,999.00,0.15,149.85,849.15,199.55,Pune,Maharashtra,West,Credit Card,Express,2025,1,January,0.235
ORD104388,10-06-2024,CUST1658,Customer_0658,P2012,Sandals,Clothing,Footwear,1.00,1299.00,1299.00,0.05,64.95,1234.05,376.39,Pune,Maharashtra,West,Credit Card,Express,2024,6,June,0.305
ORD104932,18-09-2024,CUST1127,Customer_0127,P2003,Laptop,Electronics,Computers,1.00,59999.00,59999.00,0.10,5999.90,53999.10,7019.88,Pune,Maharashtra,West,Debit Card,Standard,2024,9,September,0.13
ORD102753,15-04-2024,CUST1777,Customer_0777,P2019,Sunscreen,Beauty,Skincare,1.00,699.00,699.00,0.10,69.90,629.10,220.18,Gurugram,Haryana,North,Credit Card,Same Day,2024,4,April,0.35
ORD103058,10-08-2025,CUST1082,Customer_0082,P2002,Wireless Earbuds,Electronics,Mobiles,1.00,2999.00,2999.00,0.10,299.90,2699.10,350.88,Jaipur,Rajasthan,North,Cash on Delivery,Same Day,2025,8,August,0.13
ORD103088,21-11-2025,CUST1341,Customer_0341,P2022,Yoga Mat,Sports,Fitness,1.00,899.00,899.00,0.20,179.80,719.20,158.22,Noida,Uttar Pradesh,North,UPI,Express,2025,11,November,0.22
ORD103191,28-04-2024,CUST1730,Customer_0730,P2011,Sneakers,Clothing,Footwear,2.00,2499.00,4998.00,0.15,749.70,4248.30,1168.28,Jaipur,Rajasthan,North,UPI,Express,2024,4,April,0.275
ORD103484,21-08-2024,CUST1136,Customer_0136,P2011,Sneakers,Clothing,Footwear,3.00,2499.00,7497.00,0.15,1124.55,6372.45,1752.42,Delhi,Delhi,North,UPI,Standard,2024,8,August,0.275
ORD103580,05-06-2025,CUST1563,Customer_0563,P2001,Smartphone,Electronics,Mobiles,2.00,24999.00,49998.00,0.15,7499.70,42498.30,4887.30,Mumbai,Maharashtra,West,Credit Card,Standard,2025,6,June,0.115
ORD104527,03-01-2024,CUST1768,Customer_0768,P2005,Keyboard,Electronics,Accessories,2.00,1299.00,2598.00,0.10,259.80,2338.20,303.97,Jaipur,Rajasthan,North,UPI,Express,2024,1,January,0.13
ORD101400,15-02-2024,CUST1291,Customer_0291,P2001,Smartphone,Electronics,Mobiles,1.00,24999.00,24999.00,0.25,6249.75,18749.25,1593.69,Hyderabad,Telangana,South,Credit Card,Standard,2024,2,February,0.085
ORD103431,13-01-2024,CUST1203,Customer_0203,P2012,Sandals,Clothing,Footwear,1.00,1299.00,1299.00,0.15,194.85,1104.15,303.64,Bengaluru,Karnataka,South,Credit Card,Standard,2024,1,January,0.275
ORD104749,07-09-2024,CUST1679,Customer_0679,P2002,Wireless Earbuds,Electronics,Mobiles,1.00,2999.00,2999.00,0.30,899.70,2099.30,146.95,Bengaluru,Karnataka,South,Credit Card,Standard,2024,9,September,0.07
ORD100137,17-02-2024,CUST1517,Customer_0517,P2011,Sneakers,Clothing,Footwear,2.00,2499.00,4998.00,0.00,0.00,4998.00,1599.36,Bengaluru,Karnataka,South,UPI,Standard,2024,2,February,0.32
ORD101587,28-04-2025,CUST1116,Customer_0116,P2008,Jeans,Clothing,Men,1.00,1799.00,1799.00,0.00,0.00,1799.00,575.68,Lucknow,Uttar Pradesh,North,Net Banking,Express,2025,4,April,0.32
ORD102485,07-01-2025,CUST1161,Customer_0161,P2020,Shampoo,Beauty,Haircare,2.00,599.00,1198.00,0.20,239.60,958.40,306.69,Mumbai,Maharashtra,West,Debit Card,Standard,2025,1,January,0.32
ORD103081,27-01-2025,CUST1757,Customer_0757,P2015,Table Lamp,Home & Kitchen,Home Decor,1.00,1299.00,1299.00,0.15,194.85,1104.15,215.31,Mumbai,Maharashtra,West,UPI,Same Day,2025,1,January,0.195
ORD103287,02-06-2024,CUST1063,Customer_0063,P2020,Shampoo,Beauty,Haircare,2.00,599.00,1198.00,0.10,119.80,1078.20,377.37,Noida,Uttar Pradesh,North,Cash on Delivery,Express,2024,6,June,0.35
ORD104333,02-07-2024,CUST1749,Customer_0749,P2003,Laptop,Electronics,Computers,1.00,59999.00,59999.00,0.10,5999.90,53999.10,7019.88,Lucknow,Uttar Pradesh,North,Credit Card,Express,2024,7,July,0.13
ORD104342,06-02-2024,CUST1782,Customer_0782,P2010,Dress,Clothing,Women,1.00,1999.00,1999.00,0.15,299.85,1699.15,467.27,Noida,Uttar Pradesh,North,Credit Card,Express,2024,2,February,0.275
ORD104621,20-07-2025,CUST1641,Customer_0641,P2006,Power Bank,Electronics,Accessories,1.00,1499.00,1499.00,0.10,149.90,1349.10,175.38,Bengaluru,Karnataka,South,UPI,Express,2025,7,July,0.13
ORD104765,02-11-2025,CUST1655,Customer_0655,P2005,Keyboard,Electronics,Accessories,2.00,1299.00,2598.00,0.10,259.80,2338.20,303.97,Kolkata,West Bengal,East,Debit Card,Standard,2025,11,November,0.13
ORD100287,05-03-2025,CUST1559,Customer_0559,P2005,Keyboard,Electronics,Accessories,1.00,1299.00,1299.00,0.10,129.90,1169.10,151.98,Hyderabad,Telangana,South,Credit Card,Standard,2025,3,March,0.13
ORD104095,17-08-2024,CUST1587,Customer_0587,P2014,Cookware Set,Home & Kitchen,Kitchen,1.00,2999.00,2999.00,0.05,149.95,2849.05,641.04,Kolkata,West Bengal,East,UPI,Express,2024,8,August,0.225
ORD104138,25-11-2024,CUST1523,Customer_0523,P2016,Bedsheet Set,Home & Kitchen,Home Decor,3.00,999.00,2997.00,0.05,149.85,2847.15,640.61,Hyderabad,Telangana,South,UPI,Standard,2024,11,November,0.225
ORD102381,11-09-2024,CUST1285,Customer_0285,P2011,Sneakers,Clothing,Footwear,2.00,2499.00,4998.00,0.15,749.70,4248.30,1168.28,Mumbai,Maharashtra,West,Credit Card,Standard,2024,9,September,0.275
ORD103070,02-03-2025,CUST1066,Customer_0066,P2003,Laptop,Electronics,Computers,2.00,59999.00,119998.00,0.10,11999.80,107998.20,14039.77,Bengaluru,Karnataka,South,UPI,Express,2025,3,March,0.13
ORD104823,23-11-2024,CUST1134,Customer_0134,P2004,Wireless Mouse,Electronics,Accessories,1.00,899.00,899.00,0.10,89.90,809.10,105.18,Bengaluru,Karnataka,South,Cash on Delivery,Standard,2024,11,November,0.13
ORD101438,04-10-2024,CUST1094,Customer_0094,P2007,T-Shirt,Clothing,Men,2.00,799.00,1598.00,0.20,319.60,1278.40,332.38,Noida,Uttar Pradesh,North,Credit Card,Standard,2024,10,October,0.26
ORD102256,20-03-2024,CUST1417,Customer_0417,P2006,Power Bank,Electronics,Accessories,1.00,1499.00,1499.00,0.20,299.80,1199.20,119.92,Bengaluru,Karnataka,South,Net Banking,Standard,2024,3,March,0.1
ORD102468,08-08-2025,CUST1529,Customer_0529,P2003,Laptop,Electronics,Computers,1.00,59999.00,59999.00,0.15,8999.85,50999.15,5864.90,Kolkata,West Bengal,East,UPI,Standard,2025,8,August,0.115
ORD103429,16-01-2025,CUST1048,Customer_0048,P2001,Smartphone,Electronics,Mobiles,1.00,24999.00,24999.00,0.15,3749.85,21249.15,2443.65,Chennai,Tamil Nadu,South,Net Banking,Same Day,2025,1,January,0.115
ORD104177,02-05-2024,CUST1345,Customer_0345,P2010,Dress,Clothing,Women,1.00,1999.00,1999.00,0.05,99.95,1899.05,579.21,Lucknow,Uttar Pradesh,North,UPI,Standard,2024,5,May,0.305
ORD104639,29-05-2025,CUST1016,Customer_0016,P2005,Keyboard,Electronics,Accessories,4.00,1299.00,5196.00,0.15,779.40,4416.60,507.91,Pune,Maharashtra,West,UPI,Standard,2025,5,May,0.115
ORD100121,20-11-2025,CUST1547,Customer_0547,P2022,Yoga Mat,Sports,Fitness,4.00,899.00,3596.00,0.05,179.80,3416.20,905.29,Jaipur,Rajasthan,North,Net Banking,Standard,2025,11,November,0.265
ORD100709,23-02-2024,CUST1139,Customer_0139,P2015,Table Lamp,Home & Kitchen,Home Decor,1.00,1299.00,1299.00,0.10,129.90,1169.10,245.51,Delhi,Delhi,North,Debit Card,Same Day,2024,2,February,0.21
ORD100771,02-07-2024,CUST1446,Customer_0446,P2013,Mixer Grinder,Home & Kitchen,Kitchen,2.00,3499.00,6998.00,0.05,349.90,6648.10,1495.82,Lucknow,Uttar Pradesh,North,Credit Card,Same Day,2024,7,July,0.225
ORD101227,16-08-2024,CUST1391,Customer_0391,P2015,Table Lamp,Home & Kitchen,Home Decor,1.00,1299.00,1299.00,0.15,194.85,1104.15,215.31,Pune,Maharashtra,West,UPI,Standard,2024,8,August,0.195
ORD103502,12-06-2025,CUST1586,Customer_0586,P2012,Sandals,Clothing,Footwear,2.00,1299.00,2598.00,0.10,259.80,2338.20,678.08,Chennai,Tamil Nadu,South,UPI,Standard,2025,6,June,0.29
ORD104239,17-02-2024,CUST1332,Customer_0332,P2014,Cookware Set,Home & Kitchen,Kitchen,1.00,2999.00,2999.00,0.15,449.85,2549.15,497.08,Pune,Maharashtra,West,Net Banking,Standard,2024,2,February,0.195
ORD104355,14-02-2025,CUST1406,Customer_0406,P2018,Face Wash,Beauty,Skincare,2.00,399.00,798.00,0.00,0.00,798.00,303.24,Lucknow,Uttar Pradesh,North,Debit Card,Express,2025,2,February,0.38
ORD104870,11-03-2024,CUST1195,Customer_0195,P2017,Office Chair,Home & Kitchen,Furniture,2.00,5999.00,11998.00,0.10,1199.80,10798.20,2267.62,Ahmedabad,Gujarat,West,UPI,Standard,2024,3,March,0.21
ORD100283,21-04-2025,CUST1198,Customer_0198,P2014,Cookware Set,Home & Kitchen,Kitchen,1.00,2999.00,2999.00,0.05,149.95,2849.05,641.04,Noida,Uttar Pradesh,North,UPI,Express,2025,4,April,0.225
ORD101240,16-10-2024,CUST1131,Customer_0131,P2021,Perfume,Beauty,Fragrance,3.00,1499.00,4497.00,0.10,449.70,4047.30,1416.56,Jaipur,Rajasthan,North,Debit Card,Standard,2024,10,October,0.35
ORD101421,14-11-2024,CUST1293,Customer_0293,P2006,Power Bank,Electronics,Accessories,1.00,1499.00,1499.00,0.20,299.80,1199.20,119.92,Mumbai,Maharashtra,West,UPI,Standard,2024,11,November,0.1
ORD102299,01-12-2024,CUST1405,Customer_0405,P2009,Kurti,Clothing,Women,2.00,1199.00,2398.00,0.05,119.90,2278.10,694.82,Ahmedabad,Gujarat,West,UPI,Standard,2024,12,December,0.305
ORD102326,29-03-2024,CUST1661,Customer_0661,P2011,Sneakers,Clothing,Footwear,1.00,2499.00,2499.00,0.10,249.90,2249.10,652.24,Kolkata,West Bengal,East,UPI,Express,2024,3,March,0.29
ORD103500,20-07-2025,CUST1560,Customer_0560,P2011,Sneakers,Clothing,Footwear,1.00,2499.00,2499.00,0.10,249.90,2249.10,652.24,Ahmedabad,Gujarat,West,UPI,Express,2025,7,July,0.29
ORD104158,12-04-2025,CUST1424,Customer_0424,P2020,Shampoo,Beauty,Haircare,1.00,599.00,599.00,0.05,29.95,569.05,207.70,Ahmedabad,Gujarat,West,Cash on Delivery,Standard,2025,4,April,0.365
ORD104981,09-01-2024,CUST1556,Customer_0556,P2010,Dress,Clothing,Women,1.00,1999.00,1999.00,0.15,299.85,1699.15,467.27,Mumbai,Maharashtra,West,UPI,Standard,2024,1,January,0.275
ORD101220,12-01-2025,CUST1050,Customer_0050,P2016,Bedsheet Set,Home & Kitchen,Home Decor,1.00,999.00,999.00,0.15,149.85,849.15,165.58,Delhi,Delhi,North,UPI,Standard,2025,1,January,0.195
ORD101229,24-07-2024,CUST1046,Customer_0046,P2007,T-Shirt,Clothing,Men,1.00,799.00,799.00,0.10,79.90,719.10,208.54,Lucknow,Uttar Pradesh,North,Credit Card,Standard,2024,7,July,0.29
ORD101250,25-10-2024,CUST1636,Customer_0636,P2018,Face Wash,Beauty,Skincare,3.00,399.00,1197.00,0.15,179.55,1017.45,340.85,Mumbai,Maharashtra,West,Net Banking,Standard,2024,10,October,0.335
ORD102254,31-07-2025,CUST1413,Customer_0413,P2010,Dress,Clothing,Women,1.00,1999.00,1999.00,0.10,199.90,1799.10,521.74,Lucknow,Uttar Pradesh,North,UPI,Same Day,2025,7,July,0.29
ORD102323,07-11-2024,CUST1570,Customer_0570,P2019,Sunscreen,Beauty,Skincare,1.00,699.00,699.00,0.15,104.85,594.15,199.04,Jaipur,Rajasthan,North,UPI,Standard,2024,11,November,0.335
ORD103124,29-09-2025,CUST1060,Customer_0060,P2024,Cricket Bat,Sports,Outdoor,1.00,2499.00,2499.00,0.20,499.80,1999.20,439.82,Gurugram,Haryana,North,Credit Card,Express,2025,9,September,0.22
ORD102358,05-09-2024,CUST1181,Customer_0181,P2003,Laptop,Electronics,Computers,2.00,59999.00,119998.00,0.00,0.00,119998.00,19199.68,Lucknow,Uttar Pradesh,North,Debit Card,Standard,2024,9,September,0.16
ORD104392,20-04-2025,CUST1549,Customer_0549,P2005,Keyboard,Electronics,Accessories,1.00,1299.00,1299.00,0.05,64.95,1234.05,178.94,Chennai,Tamil Nadu,South,Net Banking,Express,2025,4,April,0.145
ORD100076,12-01-2025,CUST1472,Customer_0472,P2013,Mixer Grinder,Home & Kitchen,Kitchen,1.00,3499.00,3499.00,0.10,349.90,3149.10,661.31,Lucknow,Uttar Pradesh,North,Credit Card,Standard,2025,1,January,0.21
ORD101882,28-08-2025,CUST1056,Customer_0056,P2012,Sandals,Clothing,Footwear,2.00,1299.00,2598.00,0.00,0.00,2598.00,831.36,Ahmedabad,Gujarat,West,Credit Card,Standard,2025,8,August,0.32
ORD102755,20-05-2025,CUST1201,Customer_0201,P2019,Sunscreen,Beauty,Skincare,2.00,699.00,1398.00,0.00,0.00,1398.00,531.24,Hyderabad,Telangana,South,Credit Card,Express,2025,5,May,0.38
ORD104478,19-07-2024,CUST1415,Customer_0415,P2012,Sandals,Clothing,Footwear,1.00,1299.00,1299.00,0.10,129.90,1169.10,339.04,Hyderabad,Telangana,South,Debit Card,Standard,2024,7,July,0.29
ORD100166,13-07-2025,CUST1614,Customer_0614,P2009,Kurti,Clothing,Women,3.00,1199.00,3597.00,0.20,719.40,2877.60,748.18,Noida,Uttar Pradesh,North,UPI,Same Day,2025,7,July,0.26
ORD100462,08-09-2024,CUST1348,Customer_0348,P2015,Table Lamp,Home & Kitchen,Home Decor,3.00,1299.00,3897.00,0.05,194.85,3702.15,832.98,Lucknow,Uttar Pradesh,North,UPI,Standard,2024,9,September,0.225
ORD100807,03-06-2024,CUST1226,Customer_0226,P2016,Bedsheet Set,Home & Kitchen,Home Decor,1.00,999.00,999.00,0.20,199.80,799.20,143.86,Jaipur,Rajasthan,North,Net Banking,Standard,2024,6,June,0.18
ORD103244,07-01-2024,CUST1796,Customer_0796,P2012,Sandals,Clothing,Footwear,1.00,1299.00,1299.00,0.15,194.85,1104.15,303.64,Delhi,Delhi,North,Credit Card,Standard,2024,1,January,0.275
ORD103657,23-02-2025,CUST1274,Customer_0274,P2022,Yoga Mat,Sports,Fitness,1.00,899.00,899.00,0.10,89.90,809.10,202.28,Gurugram,Haryana,North,Net Banking,Standard,2025,2,February,0.25
ORD104029,25-01-2024,CUST1066,Customer_0066,P2001,Smartphone,Electronics,Mobiles,1.00,24999.00,24999.00,0.15,3749.85,21249.15,2443.65,Kolkata,West Bengal,East,Net Banking,Standard,2024,1,January,0.115
ORD104309,26-08-2024,CUST1520,Customer_0520,P2013,Mixer Grinder,Home & Kitchen,Kitchen,1.00,3499.00,3499.00,0.15,524.85,2974.15,579.96,Gurugram,Haryana,North,Debit Card,Standard,2024,8,August,0.195
ORD101095,08-07-2025,CUST1703,Customer_0703,P2006,Power Bank,Electronics,Accessories,2.00,1499.00,2998.00,0.15,449.70,2548.30,293.05,Noida,Uttar Pradesh,North,Cash on Delivery,Standard,2025,7,July,0.115
ORD101170,20-12-2024,CUST1144,Customer_0144,P2003,Laptop,Electronics,Computers,2.00,59999.00,119998.00,0.10,11999.80,107998.20,14039.77,Lucknow,Uttar Pradesh,North,Debit Card,Express,2024,12,December,0.13
ORD101927,13-10-2025,CUST1053,Customer_0053,P2009,Kurti,Clothing,Women,1.00,1199.00,1199.00,0.15,179.85,1019.15,280.27,Ahmedabad,Gujarat,West,UPI,Standard,2025,10,October,0.275
ORD102194,11-12-2025,CUST1764,Customer_0764,P2006,Power Bank,Electronics,Accessories,1.00,1499.00,1499.00,0.20,299.80,1199.20,119.92,Delhi,Delhi,North,Credit Card,Standard,2025,12,December,0.1
ORD103001,10-01-2024,CUST1560,Customer_0560,P2024,Cricket Bat,Sports,Outdoor,1.00,2499.00,2499.00,0.30,749.70,1749.30,332.37,Ahmedabad,Gujarat,West,Credit Card,Express,2024,1,January,0.19
ORD103172,09-12-2024,CUST1706,Customer_0706,P2020,Shampoo,Beauty,Haircare,1.00,599.00,599.00,0.05,29.95,569.05,207.70,Mumbai,Maharashtra,West,Debit Card,Standard,2024,12,December,0.365
ORD104068,02-01-2024,CUST1032,Customer_0032,P2005,Keyboard,Electronics,Accessories,1.00,1299.00,1299.00,0.00,0.00,1299.00,207.84,Bengaluru,Karnataka,South,Debit Card,Standard,2024,1,January,0.16
ORD104986,04-11-2025,CUST1471,Customer_0471,P2012,Sandals,Clothing,Footwear,1.00,1299.00,1299.00,0.05,64.95,1234.05,376.39,Mumbai,Maharashtra,West,Net Banking,Express,2025,11,November,0.305
ORD100683,20-01-2025,CUST1269,Customer_0269,P2014,Cookware Set,Home & Kitchen,Kitchen,1.00,2999.00,2999.00,0.20,599.80,2399.20,431.86,Kolkata,West Bengal,East,UPI,Express,2025,1,January,0.18
ORD102102,10-11-2024,CUST1624,Customer_0624,P2006,Power Bank,Electronics,Accessories,3.00,1499.00,4497.00,0.05,224.85,4272.15,619.46,Chennai,Tamil Nadu,South,Net Banking,Same Day,2024,11,November,0.145
ORD102421,16-04-2024,CUST1464,Customer_0464,P2005,Keyboard,Electronics,Accessories,3.00,1299.00,3897.00,0.15,584.55,3312.45,380.93,Noida,Uttar Pradesh,North,UPI,Express,2024,4,April,0.115
ORD102626,29-07-2024,CUST1783,Customer_0783,P2005,Keyboard,Electronics,Accessories,1.00,1299.00,1299.00,0.10,129.90,1169.10,151.98,Ahmedabad,Gujarat,West,Debit Card,Express,2024,7,July,0.13
ORD103272,26-06-2025,CUST1373,Customer_0373,P2005,Keyboard,Electronics,Accessories,2.00,1299.00,2598.00,0.00,0.00,2598.00,415.68,Bengaluru,Karnataka,South,Credit Card,Express,2025,6,June,0.16
ORD103393,31-08-2024,CUST1589,Customer_0589,P2016,Bedsheet Set,Home & Kitchen,Home Decor,1.00,999.00,999.00,0.30,299.70,699.30,104.90,Mumbai,Maharashtra,West,Credit Card,Express,2024,8,August,0.15
ORD103950,05-03-2025,CUST1001,Customer_0001,P2025,Football,Sports,Outdoor,4.00,999.00,3996.00,0.00,0.00,3996.00,1118.88,Kolkata,West Bengal,East,UPI,Standard,2025,3,March,0.28
ORD104662,18-05-2025,CUST1624,Customer_0624,P2024,Cricket Bat,Sports,Outdoor,1.00,2499.00,2499.00,0.00,0.00,2499.00,699.72,Bengaluru,Karnataka,South,Credit Card,Express,2025,5,May,0.28
ORD100745,02-03-2024,CUST1334,Customer_0334,P2014,Cookware Set,Home & Kitchen,Kitchen,1.00,2999.00,2999.00,0.00,0.00,2999.00,719.76,Noida,Uttar Pradesh,North,Debit Card,Express,2024,3,March,0.24
ORD103250,25-05-2024,CUST1397,Customer_0397,P2017,Office Chair,Home & Kitchen,Furniture,1.00,5999.00,5999.00,0.30,1799.70,4199.30,629.90,Ahmedabad,Gujarat,West,Credit Card,Express,2024,5,May,0.15
ORD103460,29-12-2025,CUST1596,Customer_0596,P2013,Mixer Grinder,Home & Kitchen,Kitchen,1.00,3499.00,3499.00,0.15,524.85,2974.15,579.96,Lucknow,Uttar Pradesh,North,Credit Card,Standard,2025,12,December,0.195
ORD104514,13-10-2024,CUST1045,Customer_0045,P2020,Shampoo,Beauty,Haircare,1.00,599.00,599.00,0.05,29.95,569.05,207.70,Mumbai,Maharashtra,West,Credit Card,Standard,2024,10,October,0.365
ORD100930,05-04-2024,CUST1177,Customer_0177,P2003,Laptop,Electronics,Computers,1.00,59999.00,59999.00,0.15,8999.85,50999.15,5864.90,Jaipur,Rajasthan,North,UPI,Standard,2024,4,April,0.115
ORD101847,14-02-2024,CUST1772,Customer_0772,P2007,T-Shirt,Clothing,Men,2.00,799.00,1598.00,0.10,159.80,1438.20,417.08,Ahmedabad,Gujarat,West,Credit Card,Express,2024,2,February,0.29
ORD101893,25-08-2024,CUST1499,Customer_0499,P2021,Perfume,Beauty,Fragrance,2.00,1499.00,2998.00,0.25,749.50,2248.50,685.79,Chennai,Tamil Nadu,South,Credit Card,Standard,2024,8,August,0.305
ORD102741,16-06-2025,CUST1378,Customer_0378,P2017,Office Chair,Home & Kitchen,Furniture,5.00,5999.00,29995.00,0.05,1499.75,28495.25,6411.43,Hyderabad,Telangana,South,Net Banking,Express,2025,6,June,0.225
ORD102810,26-02-2025,CUST1059,Customer_0059,P2009,Kurti,Clothing,Women,1.00,1199.00,1199.00,0.10,119.90,1079.10,312.94,Chennai,Tamil Nadu,South,Credit Card,Standard,2025,2,February,0.29
ORD102904,18-12-2025,CUST1678,Customer_0678,P2024,Cricket Bat,Sports,Outdoor,2.00,2499.00,4998.00,0.30,1499.40,3498.60,664.73,Lucknow,Uttar Pradesh,North,Debit Card,Standard,2025,12,December,0.19
ORD103851,16-01-2025,CUST1547,Customer_0547,P2009,Kurti,Clothing,Women,5.00,1199.00,5995.00,0.15,899.25,5095.75,1401.33,Chennai,Tamil Nadu,South,UPI,Standard,2025,1,January,0.275
ORD104274,14-04-2025,CUST1053,Customer_0053,P2002,Wireless Earbuds,Electronics,Mobiles,3.00,2999.00,8997.00,0.15,1349.55,7647.45,879.46,Lucknow,Uttar Pradesh,North,Credit Card,Express,2025,4,April,0.115
ORD100678,27-03-2024,CUST1135,Customer_0135,P2017,Office Chair,Home & Kitchen,Furniture,4.00,5999.00,23996.00,0.25,5999.00,17997.00,2969.50,Hyderabad,Telangana,South,Credit Card,Same Day,2024,3,March,0.165
ORD102218,17-08-2025,CUST1579,Customer_0579,P2001,Smartphone,Electronics,Mobiles,1.00,24999.00,24999.00,0.00,0.00,24999.00,3999.84,Noida,Uttar Pradesh,North,Net Banking,Express,2025,8,August,0.16
ORD104226,07-04-2024,CUST1655,Customer_0655,P2009,Kurti,Clothing,Women,2.00,1199.00,2398.00,0.15,359.70,2038.30,560.53,Mumbai,Maharashtra,West,UPI,Same Day,2024,4,April,0.275
ORD100278,01-06-2025,CUST1062,Customer_0062,P2007,T-Shirt,Clothing,Men,1.00,799.00,799.00,0.10,79.90,719.10,208.54,Delhi,Delhi,North,Net Banking,Standard,2025,6,June,0.29
ORD101079,16-05-2024,CUST1759,Customer_0759,P2014,Cookware Set,Home & Kitchen,Kitchen,2.00,2999.00,5998.00,0.00,0.00,5998.00,1439.52,Bengaluru,Karnataka,South,UPI,Standard,2024,5,May,0.24
ORD102354,14-10-2025,CUST1569,Customer_0569,P2013,Mixer Grinder,Home & Kitchen,Kitchen,2.00,3499.00,6998.00,0.00,0.00,6998.00,1679.52,Chennai,Tamil Nadu,South,Cash on Delivery,Standard,2025,10,October,0.24
ORD102887,07-02-2025,CUST1437,Customer_0437,P2004,Wireless Mouse,Electronics,Accessories,1.00,899.00,899.00,0.10,89.90,809.10,105.18,Jaipur,Rajasthan,North,Debit Card,Standard,2025,2,February,0.13
ORD103326,17-03-2024,CUST1800,Customer_0800,P2013,Mixer Grinder,Home & Kitchen,Kitchen,1.00,3499.00,3499.00,0.15,524.85,2974.15,579.96,Bengaluru,Karnataka,South,Cash on Delivery,Standard,2024,3,March,0.195
ORD104432,29-08-2025,CUST1188,Customer_0188,P2014,Cookware Set,Home & Kitchen,Kitchen,1.00,2999.00,2999.00,0.15,449.85,2549.15,497.08,Kolkata,West Bengal,East,Debit Card,Express,2025,8,August,0.195
ORD104653,04-08-2025,CUST1761,Customer_0761,P2022,Yoga Mat,Sports,Fitness,2.00,899.00,1798.00,0.25,449.50,1348.50,276.44,Mumbai,Maharashtra,West,UPI,Express,2025,8,August,0.205
ORD104895,04-03-2024,CUST1668,Customer_0668,P2010,Dress,Clothing,Women,1.00,1999.00,1999.00,0.10,199.90,1799.10,521.74,Gurugram,Haryana,North,Debit Card,Standard,2024,3,March,0.29
ORD100429,21-03-2025,CUST1436,Customer_0436,P2009,Kurti,Clothing,Women,1.00,1199.00,1199.00,0.00,0.00,1199.00,383.68,Lucknow,Uttar Pradesh,North,UPI,Standard,2025,3,March,0.32
ORD102220,09-11-2025,CUST1464,Customer_0464,P2010,Dress,Clothing,Women,1.00,1999.00,1999.00,0.00,0.00,1999.00,639.68,Gurugram,Haryana,North,Cash on Delivery,Express,2025,11,November,0.32
ORD102448,13-05-2024,CUST1204,Customer_0204,P2023,Dumbbells,Sports,Fitness,2.00,1599.00,3198.00,0.25,799.50,2398.50,491.69,Pune,Maharashtra,West,Credit Card,Standard,2024,5,May,0.205
ORD102682,30-08-2024,CUST1371,Customer_0371,P2016,Bedsheet Set,Home & Kitchen,Home Decor,3.00,999.00,2997.00,0.05,149.85,2847.15,640.61,Hyderabad,Telangana,South,Credit Card,Express,2024,8,August,0.225
ORD102990,25-10-2024,CUST1007,Customer_0007,P2003,Laptop,Electronics,Computers,2.00,59999.00,119998.00,0.10,11999.80,107998.20,14039.77,Chennai,Tamil Nadu,South,UPI,Express,2024,10,October,0.13
ORD103021,24-09-2024,CUST1471,Customer_0471,P2017,Office Chair,Home & Kitchen,Furniture,1.00,5999.00,5999.00,0.15,899.85,5099.15,994.33,Lucknow,Uttar Pradesh,North,Credit Card,Express,2024,9,September,0.195
ORD103405,18-11-2024,CUST1146,Customer_0146,P2005,Keyboard,Electronics,Accessories,1.00,1299.00,1299.00,0.15,194.85,1104.15,126.98,Jaipur,Rajasthan,North,Net Banking,Standard,2024,11,November,0.115
ORD103813,06-02-2025,CUST1551,Customer_0551,P2024,Cricket Bat,Sports,Outdoor,1.00,2499.00,2499.00,0.05,124.95,2374.05,629.12,Jaipur,Rajasthan,North,Net Banking,Standard,2025,2,February,0.265
ORD101693,18-12-2025,CUST1540,Customer_0540,P2002,Wireless Earbuds,Electronics,Mobiles,4.00,2999.00,11996.00,0.10,1199.60,10796.40,1403.53,Pune,Maharashtra,West,UPI,Standard,2025,12,December,0.13
ORD101720,30-11-2024,CUST1317,Customer_0317,P2011,Sneakers,Clothing,Footwear,1.00,2499.00,2499.00,0.30,749.70,1749.30,402.34,Mumbai,Maharashtra,West,Credit Card,Same Day,2024,11,November,0.23
ORD101902,21-11-2024,CUST1149,Customer_0149,P2011,Sneakers,Clothing,Footwear,1.00,2499.00,2499.00,0.10,249.90,2249.10,652.24,Ahmedabad,Gujarat,West,Credit Card,Standard,2024,11,November,0.29
ORD103203,08-04-2025,CUST1316,Customer_0316,P2019,Sunscreen,Beauty,Skincare,1.00,699.00,699.00,0.10,69.90,629.10,220.18,Gurugram,Haryana,North,UPI,Express,2025,4,April,0.35
ORD103608,05-10-2024,CUST1028,Customer_0028,P2008,Jeans,Clothing,Men,1.00,1799.00,1799.00,0.10,179.90,1619.10,469.54,Jaipur,Rajasthan,North,Credit Card,Express,2024,10,October,0.29
ORD103829,27-08-2024,CUST1459,Customer_0459,P2010,Dress,Clothing,Women,1.00,1999.00,1999.00,0.15,299.85,1699.15,467.27,Pune,Maharashtra,West,UPI,Standard,2024,8,August,0.275
ORD104049,17-03-2024,CUST1609,Customer_0609,P2020,Shampoo,Beauty,Haircare,5.00,599.00,2995.00,0.15,449.25,2545.75,852.83,Gurugram,Haryana,North,Net Banking,Standard,2024,3,March,0.335
ORD104150,26-07-2024,CUST1045,Customer_0045,P2011,Sneakers,Clothing,Footwear,1.00,2499.00,2499.00,0.00,0.00,2499.00,799.68,Chennai,Tamil Nadu,South,Credit Card,Standard,2024,7,July,0.32
ORD100227,19-05-2024,CUST1012,Customer_0012,P2012,Sandals,Clothing,Footwear,5.00,1299.00,6495.00,0.30,1948.50,4546.50,1045.70,Bengaluru,Karnataka,South,Net Banking,Standard,2024,5,May,0.23
ORD100342,21-08-2025,CUST1612,Customer_0612,P2003,Laptop,Electronics,Computers,2.00,59999.00,119998.00,0.15,17999.70,101998.30,11729.80,Lucknow,Uttar Pradesh,North,UPI,Standard,2025,8,August,0.115
ORD100766,21-04-2024,CUST1694,Customer_0694,P2006,Power Bank,Electronics,Accessories,3.00,1499.00,4497.00,0.15,674.55,3822.45,439.58,Gurugram,Haryana,North,Net Banking,Standard,2024,4,April,0.115
ORD101484,08-06-2024,CUST1469,Customer_0469,P2001,Smartphone,Electronics,Mobiles,2.00,24999.00,49998.00,0.15,7499.70,42498.30,4887.30,Delhi,Delhi,North,UPI,Standard,2024,6,June,0.115
ORD101580,18-04-2024,CUST1552,Customer_0552,P2022,Yoga Mat,Sports,Fitness,1.00,899.00,899.00,0.10,89.90,809.10,202.28,Noida,Uttar Pradesh,North,UPI,Standard,2024,4,April,0.25
ORD102603,17-06-2024,CUST1490,Customer_0490,P2008,Jeans,Clothing,Men,1.00,1799.00,1799.00,0.05,89.95,1709.05,521.26,Lucknow,Uttar Pradesh,North,UPI,Standard,2024,6,June,0.305
ORD102797,05-04-2025,CUST1141,Customer_0141,P2023,Dumbbells,Sports,Fitness,2.00,1599.00,3198.00,0.30,959.40,2238.60,425.33,Jaipur,Rajasthan,North,UPI,Standard,2025,4,April,0.19
ORD102907,22-04-2025,CUST1474,Customer_0474,P2011,Sneakers,Clothing,Footwear,1.00,2499.00,2499.00,0.10,249.90,2249.10,652.24,Chennai,Tamil Nadu,South,Credit Card,Standard,2025,4,April,0.29
ORD103891,17-11-2024,CUST1673,Customer_0673,P2023,Dumbbells,Sports,Fitness,1.00,1599.00,1599.00,0.05,79.95,1519.05,402.55,Kolkata,West Bengal,East,Net Banking,Standard,2024,11,November,0.265
ORD104344,20-02-2025,CUST1453,Customer_0453,P2018,Face Wash,Beauty,Skincare,2.00,399.00,798.00,0.05,39.90,758.10,276.71,Delhi,Delhi,North,Credit Card,Express,2025,2,February,0.365
ORD100789,03-05-2024,CUST1452,Customer_0452,P2013,Mixer Grinder,Home & Kitchen,Kitchen,1.00,3499.00,3499.00,0.05,174.95,3324.05,747.91,Bengaluru,Karnataka,South,UPI,Standard,2024,5,May,0.225
ORD101959,02-07-2025,CUST1254,Customer_0254,P2001,Smartphone,Electronics,Mobiles,3.00,24999.00,74997.00,0.05,3749.85,71247.15,10330.84,Mumbai,Maharashtra,West,UPI,Standard,2025,7,July,0.145
ORD102893,01-01-2025,CUST1546,Customer_0546,P2008,Jeans,Clothing,Men,1.00,1799.00,1799.00,0.20,359.80,1439.20,374.19,Jaipur,Rajasthan,North,Credit Card,Standard,2025,1,January,0.26
ORD103162,31-07-2024,CUST1367,Customer_0367,P2023,Dumbbells,Sports,Fitness,5.00,1599.00,7995.00,0.25,1998.75,5996.25,1229.23,Jaipur,Rajasthan,North,Net Banking,Standard,2024,7,July,0.205
ORD104922,07-04-2025,CUST1330,Customer_0330,P2024,Cricket Bat,Sports,Outdoor,2.00,2499.00,4998.00,0.20,999.60,3998.40,879.65,Pune,Maharashtra,West,Net Banking,Standard,2025,4,April,0.22
ORD100222,11-11-2024,CUST1169,Customer_0169,P2019,Sunscreen,Beauty,Skincare,1.00,699.00,699.00,0.15,104.85,594.15,199.04,Jaipur,Rajasthan,North,UPI,Standard,2024,11,November,0.335
ORD100563,19-04-2025,CUST1095,Customer_0095,P2020,Shampoo,Beauty,Haircare,2.00,599.00,1198.00,0.10,119.80,1078.20,377.37,Hyderabad,Telangana,South,UPI,Standard,2025,4,April,0.35
ORD102571,28-09-2024,CUST1298,Customer_0298,P2003,Laptop,Electronics,Computers,1.00,59999.00,59999.00,0.20,11999.80,47999.20,4799.92,Bengaluru,Karnataka,South,Credit Card,Express,2024,9,September,0.1
ORD102615,02-05-2024,CUST1019,Customer_0019,P2016,Bedsheet Set,Home & Kitchen,Home Decor,1.00,999.00,999.00,0.10,99.90,899.10,188.81,Kolkata,West Bengal,East,Debit Card,Standard,2024,5,May,0.21
ORD102774,02-04-2024,CUST1450,Customer_0450,P2007,T-Shirt,Clothing,Men,2.00,799.00,1598.00,0.15,239.70,1358.30,373.53,Hyderabad,Telangana,South,Debit Card,Standard,2024,4,April,0.275
ORD103978,10-06-2024,CUST1167,Customer_0167,P2019,Sunscreen,Beauty,Skincare,2.00,699.00,1398.00,0.05,69.90,1328.10,484.76,Pune,Maharashtra,West,UPI,Standard,2024,6,June,0.365
ORD104396,03-12-2025,CUST1298,Customer_0298,P2003,Laptop,Electronics,Computers,1.00,59999.00,59999.00,0.05,2999.95,56999.05,8264.86,Bengaluru,Karnataka,South,Net Banking,Same Day,2025,12,December,0.145
ORD104421,07-11-2024,CUST1467,Customer_0467,P2010,Dress,Clothing,Women,1.00,1999.00,1999.00,0.10,199.90,1799.10,521.74,Kolkata,West Bengal,East,UPI,Express,2024,11,November,0.29
ORD104537,22-12-2025,CUST1548,Customer_0548,P2025,Football,Sports,Outdoor,1.00,999.00,999.00,0.15,149.85,849.15,199.55,Ahmedabad,Gujarat,West,UPI,Standard,2025,12,December,0.235
ORD104848,14-12-2025,CUST1537,Customer_0537,P2020,Shampoo,Beauty,Haircare,3.00,599.00,1797.00,0.20,359.40,1437.60,460.03,Jaipur,Rajasthan,North,Credit Card,Express,2025,12,December,0.32
ORD101271,09-09-2025,CUST1407,Customer_0407,P2010,Dress,Clothing,Women,1.00,1999.00,1999.00,0.10,199.90,1799.10,521.74,Pune,Maharashtra,West,Debit Card,Express,2025,9,September,0.29
ORD101367,11-02-2024,CUST1715,Customer_0715,P2009,Kurti,Clothing,Women,1.00,1199.00,1199.00,0.20,239.80,959.20,249.39,Ahmedabad,Gujarat,West,Net Banking,Standard,2024,2,February,0.26
ORD101734,08-08-2024,CUST1409,Customer_0409,P2006,Power Bank,Electronics,Accessories,1.00,1499.00,1499.00,0.15,224.85,1274.15,146.53,Kolkata,West Bengal,East,Debit Card,Standard,2024,8,August,0.115
ORD102663,01-12-2024,CUST1477,Customer_0477,P2021,Perfume,Beauty,Fragrance,2.00,1499.00,2998.00,0.10,299.80,2698.20,944.37,Ahmedabad,Gujarat,West,UPI,Standard,2024,12,December,0.35
ORD102687,31-05-2024,CUST1086,Customer_0086,P2020,Shampoo,Beauty,Haircare,2.00,599.00,1198.00,0.10,119.80,1078.20,377.37,Jaipur,Rajasthan,North,UPI,Express,2024,5,May,0.35
ORD103986,03-04-2024,CUST1658,Customer_0658,P2014,Cookware Set,Home & Kitchen,Kitchen,1.00,2999.00,2999.00,0.10,299.90,2699.10,566.81,Gurugram,Haryana,North,Net Banking,Express,2024,4,April,0.21
ORD104052,29-12-2025,CUST1023,Customer_0023,P2012,Sandals,Clothing,Footwear,2.00,1299.00,2598.00,0.05,129.90,2468.10,752.77,Jaipur,Rajasthan,North,Cash on Delivery,Standard,2025,12,December,0.305
ORD104600,11-09-2024,CUST1583,Customer_0583,P2022,Yoga Mat,Sports,Fitness,2.00,899.00,1798.00,0.00,0.00,1798.00,503.44,Bengaluru,Karnataka,South,Debit Card,Same Day,2024,9,September,0.28
ORD100564,30-12-2024,CUST1326,Customer_0326,P2016,Bedsheet Set,Home & Kitchen,Home Decor,1.00,999.00,999.00,0.05,49.95,949.05,213.54,Lucknow,Uttar Pradesh,North,Credit Card,Same Day,2024,12,December,0.225
ORD100767,09-02-2025,CUST1013,Customer_0013,P2001,Smartphone,Electronics,Mobiles,1.00,24999.00,24999.00,0.25,6249.75,18749.25,1593.69,Bengaluru,Karnataka,South,Credit Card,Express,2025,2,February,0.085
ORD103589,09-06-2025,CUST1553,Customer_0553,P2007,T-Shirt,Clothing,Men,2.00,799.00,1598.00,0.05,79.90,1518.10,463.02,Lucknow,Uttar Pradesh,North,UPI,Standard,2025,6,June,0.305
ORD103886,20-02-2024,CUST1106,Customer_0106,P2013,Mixer Grinder,Home & Kitchen,Kitchen,2.00,3499.00,6998.00,0.15,1049.70,5948.30,1159.92,Noida,Uttar Pradesh,North,UPI,Same Day,2024,2,February,0.195
ORD103990,24-11-2025,CUST1168,Customer_0168,P2008,Jeans,Clothing,Men,2.00,1799.00,3598.00,0.20,719.60,2878.40,748.38,Kolkata,West Bengal,East,Net Banking,Same Day,2025,11,November,0.26
ORD104687,02-11-2024,CUST1538,Customer_0538,P2006,Power Bank,Electronics,Accessories,1.00,1499.00,1499.00,0.10,149.90,1349.10,175.38,Pune,Maharashtra,West,Debit Card,Standard,2024,11,November,0.13
ORD100160,23-09-2024,CUST1124,Customer_0124,P2020,Shampoo,Beauty,Haircare,2.00,599.00,1198.00,0.00,0.00,1198.00,455.24,Bengaluru,Karnataka,South,UPI,Standard,2024,9,September,0.38
ORD100364,27-06-2024,CUST1523,Customer_0523,P2017,Office Chair,Home & Kitchen,Furniture,3.00,5999.00,17997.00,0.05,899.85,17097.15,3846.86,Jaipur,Rajasthan,North,Net Banking,Standard,2024,6,June,0.225
ORD101787,01-02-2024,CUST1111,Customer_0111,P2001,Smartphone,Electronics,Mobiles,1.00,24999.00,24999.00,0.30,7499.70,17499.30,1224.95,Noida,Uttar Pradesh,North,Credit Card,Standard,2024,2,February,0.07
ORD102456,18-02-2025,CUST1505,Customer_0505,P2010,Dress,Clothing,Women,3.00,1999.00,5997.00,0.15,899.55,5097.45,1401.80,Noida,Uttar Pradesh,North,UPI,Standard,2025,2,February,0.275
ORD102916,08-04-2025,CUST1127,Customer_0127,P2016,Bedsheet Set,Home & Kitchen,Home Decor,2.00,999.00,1998.00,0.05,99.90,1898.10,427.07,Bengaluru,Karnataka,South,Debit Card,Standard,2025,4,April,0.225
ORD102930,23-07-2025,CUST1319,Customer_0319,P2021,Perfume,Beauty,Fragrance,1.00,1499.00,1499.00,0.15,224.85,1274.15,426.84,Pune,Maharashtra,West,Credit Card,Standard,2025,7,July,0.335
ORD103213,17-07-2025,CUST1376,Customer_0376,P2005,Keyboard,Electronics,Accessories,2.00,1299.00,2598.00,0.10,259.80,2338.20,303.97,Ahmedabad,Gujarat,West,Debit Card,Standard,2025,7,July,0.13
ORD103887,12-09-2024,CUST1161,Customer_0161,P2002,Wireless Earbuds,Electronics,Mobiles,1.00,2999.00,2999.00,0.00,0.00,2999.00,479.84,Bengaluru,Karnataka,South,Net Banking,Express,2024,9,September,0.16
ORD104880,06-04-2024,CUST1594,Customer_0594,P2004,Wireless Mouse,Electronics,Accessories,2.00,899.00,1798.00,0.25,449.50,1348.50,114.62,Bengaluru,Karnataka,South,Cash on Delivery,Standard,2024,4,April,0.085
ORD101319,18-04-2025,CUST1721,Customer_0721,P2002,Wireless Earbuds,Electronics,Mobiles,1.00,2999.00,2999.00,0.20,599.80,2399.20,239.92,Hyderabad,Telangana,South,UPI,Standard,2025,4,April,0.1
ORD101452,14-04-2024,CUST1076,Customer_0076,P2021,Perfume,Beauty,Fragrance,1.00,1499.00,1499.00,0.05,74.95,1424.05,519.78,Bengaluru,Karnataka,South,Credit Card,Express,2024,4,April,0.365
ORD102697,23-05-2024,CUST1768,Customer_0768,P2019,Sunscreen,Beauty,Skincare,2.00,699.00,1398.00,0.10,139.80,1258.20,440.37,Lucknow,Uttar Pradesh,North,Debit Card,Express,2024,5,May,0.35
ORD102950,04-05-2024,CUST1784,Customer_0784,P2011,Sneakers,Clothing,Footwear,1.00,2499.00,2499.00,0.20,499.80,1999.20,519.79,Gurugram,Haryana,North,UPI,Standard,2024,5,May,0.26
ORD103833,13-01-2024,CUST1731,Customer_0731,P2025,Football,Sports,Outdoor,2.00,999.00,1998.00,0.30,599.40,1398.60,265.73,Mumbai,Maharashtra,West,UPI,Standard,2024,1,January,0.19
ORD100525,04-03-2024,CUST1288,Customer_0288,P2006,Power Bank,Electronics,Accessories,1.00,1499.00,1499.00,0.25,374.75,1124.25,95.56,Pune,Maharashtra,West,Credit Card,Standard,2024,3,March,0.085
ORD101845,15-08-2024,CUST1220,Customer_0220,P2024,Cricket Bat,Sports,Outdoor,2.00,2499.00,4998.00,0.00,0.00,4998.00,1399.44,Hyderabad,Telangana,South,Debit Card,Same Day,2024,8,August,0.28
ORD104391,13-05-2024,CUST1189,Customer_0189,P2005,Keyboard,Electronics,Accessories,2.00,1299.00,2598.00,0.05,129.90,2468.10,357.87,Pune,Maharashtra,West,Credit Card,Standard,2024,5,May,0.145
ORD101397,21-07-2024,CUST1111,Customer_0111,P2013,Mixer Grinder,Home & Kitchen,Kitchen,1.00,3499.00,3499.00,0.10,349.90,3149.10,661.31,Ahmedabad,Gujarat,West,UPI,Standard,2024,7,July,0.21
ORD103105,14-02-2025,CUST1724,Customer_0724,P2003,Laptop,Electronics,Computers,1.00,59999.00,59999.00,0.15,8999.85,50999.15,5864.90,Delhi,Delhi,North,Debit Card,Standard,2025,2,February,0.115
ORD103461,16-01-2025,CUST1273,Customer_0273,P2006,Power Bank,Electronics,Accessories,2.00,1499.00,2998.00,0.10,299.80,2698.20,350.77,Pune,Maharashtra,West,Credit Card,Standard,2025,1,January,0.13
ORD104369,03-12-2025,CUST1102,Customer_0102,P2001,Smartphone,Electronics,Mobiles,1.00,24999.00,24999.00,0.20,4999.80,19999.20,1999.92,Gurugram,Haryana,North,UPI,Express,2025,12,December,0.1
ORD101875,07-10-2025,CUST1694,Customer_0694,P2013,Mixer Grinder,Home & Kitchen,Kitchen,1.00,3499.00,3499.00,0.20,699.80,2799.20,503.86,Gurugram,Haryana,North,Credit Card,Express,2025,10,October,0.18
ORD102340,22-10-2025,CUST1557,Customer_0557,P2012,Sandals,Clothing,Footwear,1.00,1299.00,1299.00,0.15,194.85,1104.15,303.64,Bengaluru,Karnataka,South,UPI,Standard,2025,10,October,0.275
ORD102659,27-03-2024,CUST1448,Customer_0448,P2001,Smartphone,Electronics,Mobiles,2.00,24999.00,49998.00,0.10,4999.80,44998.20,5849.77,Chennai,Tamil Nadu,South,Cash on Delivery,Express,2024,3,March,0.13
ORD103386,19-08-2025,CUST1551,Customer_0551,P2008,Jeans,Clothing,Men,1.00,1799.00,1799.00,0.00,0.00,1799.00,575.68,Gurugram,Haryana,North,UPI,Standard,2025,8,August,0.32
ORD104238,23-08-2025,CUST1059,Customer_0059,P2002,Wireless Earbuds,Electronics,Mobiles,1.00,2999.00,2999.00,0.20,599.80,2399.20,239.92,Jaipur,Rajasthan,North,Credit Card,Standard,2025,8,August,0.1
ORD104485,22-09-2024,CUST1264,Customer_0264,P2011,Sneakers,Clothing,Footwear,1.00,2499.00,2499.00,0.10,249.90,2249.10,652.24,Bengaluru,Karnataka,South,UPI,Express,2024,9,September,0.29
ORD104716,17-03-2024,CUST1498,Customer_0498,P2011,Sneakers,Clothing,Footwear,1.00,2499.00,2499.00,0.00,0.00,2499.00,799.68,Hyderabad,Telangana,South,Cash on Delivery,Same Day,2024,3,March,0.32
ORD100334,23-01-2024,CUST1528,Customer_0528,P2002,Wireless Earbuds,Electronics,Mobiles,5.00,2999.00,14995.00,0.10,1499.50,13495.50,1754.42,Kolkata,West Bengal,East,UPI,Express,2024,1,January,0.13
ORD100478,07-03-2024,CUST1789,Customer_0789,P2011,Sneakers,Clothing,Footwear,1.00,2499.00,2499.00,0.10,249.90,2249.10,652.24,Mumbai,Maharashtra,West,Debit Card,Express,2024,3,March,0.29
ORD100758,21-07-2024,CUST1560,Customer_0560,P2016,Bedsheet Set,Home & Kitchen,Home Decor,2.00,999.00,1998.00,0.00,0.00,1998.00,479.52,Hyderabad,Telangana,South,Debit Card,Same Day,2024,7,July,0.24
ORD101934,23-10-2025,CUST1062,Customer_0062,P2012,Sandals,Clothing,Footwear,1.00,1299.00,1299.00,0.20,259.80,1039.20,270.19,Noida,Uttar Pradesh,North,Net Banking,Same Day,2025,10,October,0.26
ORD102117,30-03-2025,CUST1392,Customer_0392,P2006,Power Bank,Electronics,Accessories,1.00,1499.00,1499.00,0.05,74.95,1424.05,206.49,Ahmedabad,Gujarat,West,UPI,Same Day,2025,3,March,0.145
ORD102215,11-05-2024,CUST1129,Customer_0129,P2015,Table Lamp,Home & Kitchen,Home Decor,2.00,1299.00,2598.00,0.15,389.70,2208.30,430.62,Lucknow,Uttar Pradesh,North,Debit Card,Express,2024,5,May,0.195
ORD102591,04-04-2024,CUST1143,Customer_0143,P2001,Smartphone,Electronics,Mobiles,3.00,24999.00,74997.00,0.15,11249.55,63747.45,7330.96,Ahmedabad,Gujarat,West,UPI,Standard,2024,4,April,0.115
ORD102831,05-12-2024,CUST1180,Customer_0180,P2016,Bedsheet Set,Home & Kitchen,Home Decor,1.00,999.00,999.00,0.15,149.85,849.15,165.58,Pune,Maharashtra,West,UPI,Same Day,2024,12,December,0.195
ORD103180,05-05-2024,CUST1093,Customer_0093,P2020,Shampoo,Beauty,Haircare,3.00,599.00,1797.00,0.10,179.70,1617.30,566.05,Bengaluru,Karnataka,South,Credit Card,Standard,2024,5,May,0.35
ORD103446,13-02-2024,CUST1458,Customer_0458,P2006,Power Bank,Electronics,Accessories,3.00,1499.00,4497.00,0.05,224.85,4272.15,619.46,Pune,Maharashtra,West,UPI,Standard,2024,2,February,0.145
ORD103663,17-04-2025,CUST1066,Customer_0066,P2002,Wireless Earbuds,Electronics,Mobiles,1.00,2999.00,2999.00,0.00,0.00,2999.00,479.84,Gurugram,Haryana,North,Credit Card,Standard,2025,4,April,0.16
ORD100268,21-02-2024,CUST1384,Customer_0384,P2003,Laptop,Electronics,Computers,2.00,59999.00,119998.00,0.00,0.00,119998.00,19199.68,Mumbai,Maharashtra,West,UPI,Standard,2024,2,February,0.16
ORD100369,21-06-2024,CUST1450,Customer_0450,P2018,Face Wash,Beauty,Skincare,4.00,399.00,1596.00,0.15,239.40,1356.60,454.46,Noida,Uttar Pradesh,North,Credit Card,Standard,2024,6,June,0.335
ORD100861,10-08-2025,CUST1299,Customer_0299,P2013,Mixer Grinder,Home & Kitchen,Kitchen,1.00,3499.00,3499.00,0.20,699.80,2799.20,503.86,Lucknow,Uttar Pradesh,North,Credit Card,Standard,2025,8,August,0.18
ORD101519,19-03-2025,CUST1406,Customer_0406,P2009,Kurti,Clothing,Women,1.00,1199.00,1199.00,0.20,239.80,959.20,249.39,Mumbai,Maharashtra,West,UPI,Standard,2025,3,March,0.26
ORD101520,08-02-2025,CUST1634,Customer_0634,P2008,Jeans,Clothing,Men,1.00,1799.00,1799.00,0.10,179.90,1619.10,469.54,Bengaluru,Karnataka,South,Debit Card,Express,2025,2,February,0.29
ORD101590,23-05-2025,CUST1153,Customer_0153,P2010,Dress,Clothing,Women,1.00,1999.00,1999.00,0.20,399.80,1599.20,415.79,Ahmedabad,Gujarat,West,Credit Card,Express,2025,5,May,0.26
ORD101660,31-01-2024,CUST1278,Customer_0278,P2020,Shampoo,Beauty,Haircare,2.00,599.00,1198.00,0.05,59.90,1138.10,415.41,Bengaluru,Karnataka,South,Cash on Delivery,Standard,2024,1,January,0.365
ORD102597,26-01-2025,CUST1139,Customer_0139,P2012,Sandals,Clothing,Footwear,1.00,1299.00,1299.00,0.10,129.90,1169.10,339.04,Ahmedabad,Gujarat,West,UPI,Standard,2025,1,January,0.29
ORD102880,30-11-2025,CUST1192,Customer_0192,P2012,Sandals,Clothing,Footwear,5.00,1299.00,6495.00,0.10,649.50,5845.50,1695.20,Pune,Maharashtra,West,Credit Card,Express,2025,11,November,0.29
ORD103138,12-03-2025,CUST1346,Customer_0346,P2006,Power Bank,Electronics,Accessories,1.00,1499.00,1499.00,0.10,149.90,1349.10,175.38,Lucknow,Uttar Pradesh,North,Net Banking,Express,2025,3,March,0.13
ORD100079,25-06-2024,CUST1610,Customer_0610,P2020,Shampoo,Beauty,Haircare,1.00,599.00,599.00,0.05,29.95,569.05,207.70,Kolkata,West Bengal,East,Net Banking,Same Day,2024,6,June,0.365
ORD100190,28-12-2024,CUST1169,Customer_0169,P2005,Keyboard,Electronics,Accessories,1.00,1299.00,1299.00,0.00,0.00,1299.00,207.84,Kolkata,West Bengal,East,Cash on Delivery,Express,2024,12,December,0.16
ORD100491,07-08-2024,CUST1297,Customer_0297,P2020,Shampoo,Beauty,Haircare,2.00,599.00,1198.00,0.20,239.60,958.40,306.69,Gurugram,Haryana,North,Net Banking,Same Day,2024,8,August,0.32
ORD101161,10-07-2024,CUST1215,Customer_0215,P2014,Cookware Set,Home & Kitchen,Kitchen,1.00,2999.00,2999.00,0.10,299.90,2699.10,566.81,Mumbai,Maharashtra,West,Credit Card,Standard,2024,7,July,0.21
ORD101261,08-10-2024,CUST1238,Customer_0238,P2019,Sunscreen,Beauty,Skincare,3.00,699.00,2097.00,0.05,104.85,1992.15,727.13,Bengaluru,Karnataka,South,Debit Card,Express,2024,10,October,0.365
ORD101866,13-10-2024,CUST1157,Customer_0157,P2009,Kurti,Clothing,Women,2.00,1199.00,2398.00,0.05,119.90,2278.10,694.82,Gurugram,Haryana,North,UPI,Standard,2024,10,October,0.305
ORD103625,01-04-2025,CUST1250,Customer_0250,P2005,Keyboard,Electronics,Accessories,3.00,1299.00,3897.00,0.15,584.55,3312.45,380.93,Ahmedabad,Gujarat,West,Debit Card,Standard,2025,4,April,0.115
ORD104011,01-06-2024,CUST1018,Customer_0018,P2020,Shampoo,Beauty,Haircare,1.00,599.00,599.00,0.00,0.00,599.00,227.62,Noida,Uttar Pradesh,North,Credit Card,Standard,2024,6,June,0.38
ORD104908,05-02-2024,CUST1253,Customer_0253,P2012,Sandals,Clothing,Footwear,4.00,1299.00,5196.00,0.10,519.60,4676.40,1356.16,Bengaluru,Karnataka,South,Credit Card,Standard,2024,2,February,0.29
ORD100295,20-09-2025,CUST1734,Customer_0734,P2023,Dumbbells,Sports,Fitness,2.00,1599.00,3198.00,0.20,639.60,2558.40,562.85,Kolkata,West Bengal,East,Net Banking,Express,2025,9,September,0.22
ORD100680,26-09-2025,CUST1624,Customer_0624,P2006,Power Bank,Electronics,Accessories,4.00,1499.00,5996.00,0.15,899.40,5096.60,586.11,Jaipur,Rajasthan,North,UPI,Same Day,2025,9,September,0.115
ORD101092,23-09-2025,CUST1071,Customer_0071,P2013,Mixer Grinder,Home & Kitchen,Kitchen,2.00,3499.00,6998.00,0.25,1749.50,5248.50,866.00,Delhi,Delhi,North,Debit Card,Express,2025,9,September,0.165
ORD101146,08-09-2024,CUST1387,Customer_0387,P2006,Power Bank,Electronics,Accessories,1.00,1499.00,1499.00,0.15,224.85,1274.15,146.53,Ahmedabad,Gujarat,West,UPI,Standard,2024,9,September,0.115
ORD104578,24-10-2025,CUST1696,Customer_0696,P2015,Table Lamp,Home & Kitchen,Home Decor,3.00,1299.00,3897.00,0.15,584.55,3312.45,645.93,Bengaluru,Karnataka,South,UPI,Express,2025,10,October,0.195
ORD104634,29-10-2024,CUST1594,Customer_0594,P2001,Smartphone,Electronics,Mobiles,1.00,24999.00,24999.00,0.05,1249.95,23749.05,3443.61,Ahmedabad,Gujarat,West,Debit Card,Standard,2024,10,October,0.145
ORD100414,25-05-2025,CUST1181,Customer_0181,P2008,Jeans,Clothing,Men,1.00,1799.00,1799.00,0.15,269.85,1529.15,420.52,Bengaluru,Karnataka,South,Debit Card,Express,2025,5,May,0.275
ORD101091,25-02-2025,CUST1197,Customer_0197,P2019,Sunscreen,Beauty,Skincare,1.00,699.00,699.00,0.25,174.75,524.25,159.90,Noida,Uttar Pradesh,North,Net Banking,Express,2025,2,February,0.305
ORD101193,17-07-2025,CUST1592,Customer_0592,P2013,Mixer Grinder,Home & Kitchen,Kitchen,2.00,3499.00,6998.00,0.10,699.80,6298.20,1322.62,Delhi,Delhi,North,Credit Card,Standard,2025,7,July,0.21
ORD101481,05-05-2025,CUST1081,Customer_0081,P2017,Office Chair,Home & Kitchen,Furniture,1.00,5999.00,5999.00,0.10,599.90,5399.10,1133.81,Pune,Maharashtra,West,UPI,Standard,2025,5,May,0.21
ORD102179,03-03-2024,CUST1748,Customer_0748,P2011,Sneakers,Clothing,Footwear,1.00,2499.00,2499.00,0.25,624.75,1874.25,459.19,Gurugram,Haryana,North,UPI,Express,2024,3,March,0.245
ORD103679,30-03-2024,CUST1795,Customer_0795,P2023,Dumbbells,Sports,Fitness,3.00,1599.00,4797.00,0.00,0.00,4797.00,1343.16,Kolkata,West Bengal,East,UPI,Express,2024,3,March,0.28
ORD100105,13-10-2024,CUST1189,Customer_0189,P2010,Dress,Clothing,Women,2.00,1999.00,3998.00,0.20,799.60,3198.40,831.58,Lucknow,Uttar Pradesh,North,Cash on Delivery,Same Day,2024,10,October,0.26
ORD102501,27-01-2025,CUST1371,Customer_0371,P2004,Wireless Mouse,Electronics,Accessories,1.00,899.00,899.00,0.25,224.75,674.25,57.31,Gurugram,Haryana,North,Debit Card,Standard,2025,1,January,0.085
ORD102694,20-05-2024,CUST1314,Customer_0314,P2020,Shampoo,Beauty,Haircare,3.00,599.00,1797.00,0.10,179.70,1617.30,566.05,Pune,Maharashtra,West,Net Banking,Standard,2024,5,May,0.35
ORD102730,05-03-2025,CUST1525,Customer_0525,P2004,Wireless Mouse,Electronics,Accessories,5.00,899.00,4495.00,0.15,674.25,3820.75,439.39,Gurugram,Haryana,North,Debit Card,Standard,2025,3,March,0.115
ORD102981,23-07-2024,CUST1336,Customer_0336,P2019,Sunscreen,Beauty,Skincare,1.00,699.00,699.00,0.10,69.90,629.10,220.18,Ahmedabad,Gujarat,West,Debit Card,Express,2024,7,July,0.35
ORD104319,20-10-2025,CUST1264,Customer_0264,P2018,Face Wash,Beauty,Skincare,1.00,399.00,399.00,0.05,19.95,379.05,138.35,Pune,Maharashtra,West,UPI,Standard,2025,10,October,0.365
ORD104706,22-06-2025,CUST1206,Customer_0206,P2004,Wireless Mouse,Electronics,Accessories,2.00,899.00,1798.00,0.10,179.80,1618.20,210.37,Lucknow,Uttar Pradesh,North,Debit Card,Standard,2025,6,June,0.13
ORD100140,12-09-2024,CUST1348,Customer_0348,P2002,Wireless Earbuds,Electronics,Mobiles,2.00,2999.00,5998.00,0.10,599.80,5398.20,701.77,Jaipur,Rajasthan,North,Debit Card,Standard,2024,9,September,0.13
ORD101278,07-10-2025,CUST1382,Customer_0382,P2023,Dumbbells,Sports,Fitness,2.00,1599.00,3198.00,0.15,479.70,2718.30,638.80,Ahmedabad,Gujarat,West,UPI,Standard,2025,10,October,0.235
ORD101485,10-07-2025,CUST1215,Customer_0215,P2007,T-Shirt,Clothing,Men,1.00,799.00,799.00,0.05,39.95,759.05,231.51,Jaipur,Rajasthan,North,Debit Card,Standard,2025,7,July,0.305
ORD101494,20-01-2024,CUST1058,Customer_0058,P2011,Sneakers,Clothing,Footwear,5.00,2499.00,12495.00,0.10,1249.50,11245.50,3261.20,Hyderabad,Telangana,South,Net Banking,Standard,2024,1,January,0.29
ORD102553,26-01-2025,CUST1241,Customer_0241,P2021,Perfume,Beauty,Fragrance,2.00,1499.00,2998.00,0.00,0.00,2998.00,1139.24,Noida,Uttar Pradesh,North,Credit Card,Express,2025,1,January,0.38
ORD102845,31-12-2025,CUST1694,Customer_0694,P2017,Office Chair,Home & Kitchen,Furniture,1.00,5999.00,5999.00,0.00,0.00,5999.00,1439.76,Delhi,Delhi,North,Net Banking,Express,2025,12,December,0.24
ORD102889,02-01-2025,CUST1328,Customer_0328,P2017,Office Chair,Home & Kitchen,Furniture,2.00,5999.00,11998.00,0.10,1199.80,10798.20,2267.62,Ahmedabad,Gujarat,West,Net Banking,Standard,2025,1,January,0.21
ORD102962,06-05-2025,CUST1773,Customer_0773,P2007,T-Shirt,Clothing,Men,1.00,799.00,799.00,0.15,119.85,679.15,186.77,Pune,Maharashtra,West,UPI,Standard,2025,5,May,0.275
ORD103313,11-07-2025,CUST1185,Customer_0185,P2013,Mixer Grinder,Home & Kitchen,Kitchen,2.00,3499.00,6998.00,0.10,699.80,6298.20,1322.62,Kolkata,West Bengal,East,Net Banking,Express,2025,7,July,0.21
ORD103826,11-05-2025,CUST1199,Customer_0199,P2001,Smartphone,Electronics,Mobiles,1.00,24999.00,24999.00,0.05,1249.95,23749.05,3443.61,Ahmedabad,Gujarat,West,UPI,Standard,2025,5,May,0.145
ORD104743,18-12-2024,CUST1651,Customer_0651,P2009,Kurti,Clothing,Women,1.00,1199.00,1199.00,0.15,179.85,1019.15,280.27,Mumbai,Maharashtra,West,Net Banking,Express,2024,12,December,0.275
ORD101627,02-08-2025,CUST1571,Customer_0571,P2001,Smartphone,Electronics,Mobiles,1.00,24999.00,24999.00,0.25,6249.75,18749.25,1593.69,Chennai,Tamil Nadu,South,Credit Card,Same Day,2025,8,August,0.085
ORD102574,29-05-2025,CUST1165,Customer_0165,P2016,Bedsheet Set,Home & Kitchen,Home Decor,1.00,999.00,999.00,0.10,99.90,899.10,188.81,Delhi,Delhi,North,UPI,Standard,2025,5,May,0.21
ORD102649,25-11-2024,CUST1796,Customer_0796,P2013,Mixer Grinder,Home & Kitchen,Kitchen,1.00,3499.00,3499.00,0.00,0.00,3499.00,839.76,Chennai,Tamil Nadu,South,Credit Card,Standard,2024,11,November,0.24
ORD102809,01-02-2025,CUST1159,Customer_0159,P2001,Smartphone,Electronics,Mobiles,1.00,24999.00,24999.00,0.10,2499.90,22499.10,2924.88,Pune,Maharashtra,West,Debit Card,Standard,2025,2,February,0.13
ORD101384,03-10-2024,CUST1050,Customer_0050,P2019,Sunscreen,Beauty,Skincare,2.00,699.00,1398.00,0.00,0.00,1398.00,531.24,Hyderabad,Telangana,South,UPI,Express,2024,10,October,0.38
ORD103007,03-07-2024,CUST1495,Customer_0495,P2019,Sunscreen,Beauty,Skincare,1.00,699.00,699.00,0.20,139.80,559.20,178.94,Chennai,Tamil Nadu,South,Debit Card,Standard,2024,7,July,0.32
ORD103413,27-01-2024,CUST1744,Customer_0744,P2015,Table Lamp,Home & Kitchen,Home Decor,1.00,1299.00,1299.00,0.10,129.90,1169.10,245.51,Jaipur,Rajasthan,North,UPI,Standard,2024,1,January,0.21
ORD103893,22-11-2024,CUST1316,Customer_0316,P2012,Sandals,Clothing,Footwear,2.00,1299.00,2598.00,0.00,0.00,2598.00,831.36,Delhi,Delhi,North,Debit Card,Standard,2024,11,November,0.32
ORD100015,03-09-2025,CUST1293,Customer_0293,P2002,Wireless Earbuds,Electronics,Mobiles,3.00,2999.00,8997.00,0.05,449.85,8547.15,1239.34,Kolkata,West Bengal,East,Credit Card,Same Day,2025,9,September,0.145
ORD100426,12-08-2024,CUST1215,Customer_0215,P2023,Dumbbells,Sports,Fitness,5.00,1599.00,7995.00,0.20,1599.00,6396.00,1407.12,Bengaluru,Karnataka,South,Net Banking,Express,2024,8,August,0.22
ORD100494,31-01-2024,CUST1656,Customer_0656,P2009,Kurti,Clothing,Women,3.00,1199.00,3597.00,0.15,539.55,3057.45,840.80,Mumbai,Maharashtra,West,Debit Card,Standard,2024,1,January,0.275
ORD100536,14-10-2024,CUST1664,Customer_0664,P2007,T-Shirt,Clothing,Men,2.00,799.00,1598.00,0.15,239.70,1358.30,373.53,Gurugram,Haryana,North,Debit Card,Express,2024,10,October,0.275
ORD101320,29-02-2024,CUST1208,Customer_0208,P2020,Shampoo,Beauty,Haircare,1.00,599.00,599.00,0.15,89.85,509.15,170.57,Delhi,Delhi,North,UPI,Express,2024,2,February,0.335
ORD102581,28-04-2025,CUST1769,Customer_0769,P2020,Shampoo,Beauty,Haircare,2.00,599.00,1198.00,0.15,179.70,1018.30,341.13,Mumbai,Maharashtra,West,Debit Card,Express,2025,4,April,0.335
ORD103226,26-06-2025,CUST1560,Customer_0560,P2023,Dumbbells,Sports,Fitness,1.00,1599.00,1599.00,0.20,319.80,1279.20,281.42,Bengaluru,Karnataka,South,Debit Card,Standard,2025,6,June,0.22
ORD103761,01-01-2025,CUST1688,Customer_0688,P2014,Cookware Set,Home & Kitchen,Kitchen,3.00,2999.00,8997.00,0.10,899.70,8097.30,1700.43,Mumbai,Maharashtra,West,Credit Card,Same Day,2025,1,January,0.21
ORD101447,21-08-2025,CUST1104,Customer_0104,P2020,Shampoo,Beauty,Haircare,1.00,599.00,599.00,0.20,119.80,479.20,153.34,Jaipur,Rajasthan,North,Credit Card,Standard,2025,8,August,0.32
ORD102433,26-08-2024,CUST1274,Customer_0274,P2008,Jeans,Clothing,Men,2.00,1799.00,3598.00,0.10,359.80,3238.20,939.08,Noida,Uttar Pradesh,North,Cash on Delivery,Standard,2024,8,August,0.29
ORD104843,12-06-2024,CUST1431,Customer_0431,P2009,Kurti,Clothing,Women,1.00,1199.00,1199.00,0.05,59.95,1139.05,347.41,Jaipur,Rajasthan,North,Credit Card,Standard,2024,6,June,0.305
ORD104854,12-04-2024,CUST1346,Customer_0346,P2011,Sneakers,Clothing,Footwear,1.00,2499.00,2499.00,0.25,624.75,1874.25,459.19,Noida,Uttar Pradesh,North,Net Banking,Express,2024,4,April,0.245
ORD101889,10-09-2024,CUST1205,Customer_0205,P2023,Dumbbells,Sports,Fitness,1.00,1599.00,1599.00,0.20,319.80,1279.20,281.42,Ahmedabad,Gujarat,West,Debit Card,Standard,2024,9,September,0.22
ORD102097,03-11-2025,CUST1586,Customer_0586,P2016,Bedsheet Set,Home & Kitchen,Home Decor,1.00,999.00,999.00,0.10,99.90,899.10,188.81,Delhi,Delhi,North,UPI,Express,2025,11,November,0.21
ORD103065,03-09-2024,CUST1742,Customer_0742,P2010,Dress,Clothing,Women,2.00,1999.00,3998.00,0.15,599.70,3398.30,934.53,Chennai,Tamil Nadu,South,UPI,Express,2024,9,September,0.275
ORD103178,29-09-2024,CUST1775,Customer_0775,P2018,Face Wash,Beauty,Skincare,1.00,399.00,399.00,0.05,19.95,379.05,138.35,Pune,Maharashtra,West,UPI,Standard,2024,9,September,0.365
ORD101844,30-06-2025,CUST1179,Customer_0179,P2009,Kurti,Clothing,Women,1.00,1199.00,1199.00,0.15,179.85,1019.15,280.27,Lucknow,Uttar Pradesh,North,Debit Card,Standard,2025,6,June,0.275
ORD101973,27-02-2024,CUST1123,Customer_0123,P2001,Smartphone,Electronics,Mobiles,2.00,24999.00,49998.00,0.15,7499.70,42498.30,4887.30,Chennai,Tamil Nadu,South,UPI,Standard,2024,2,February,0.115
ORD102005,12-08-2024,CUST1732,Customer_0732,P2005,Keyboard,Electronics,Accessories,2.00,1299.00,2598.00,0.15,389.70,2208.30,253.95,Ahmedabad,Gujarat,West,UPI,Standard,2024,8,August,0.115
ORD102094,12-08-2025,CUST1645,Customer_0645,P2011,Sneakers,Clothing,Footwear,1.00,2499.00,2499.00,0.00,0.00,2499.00,799.68,Hyderabad,Telangana,South,Net Banking,Express,2025,8,August,0.32
ORD102182,01-02-2025,CUST1735,Customer_0735,P2022,Yoga Mat,Sports,Fitness,1.00,899.00,899.00,0.15,134.85,764.15,179.58,Jaipur,Rajasthan,North,UPI,Standard,2025,2,February,0.235
ORD104308,29-12-2024,CUST1742,Customer_0742,P2020,Shampoo,Beauty,Haircare,2.00,599.00,1198.00,0.25,299.50,898.50,274.04,Noida,Uttar Pradesh,North,UPI,Standard,2024,12,December,0.305
ORD104459,26-06-2024,CUST1163,Customer_0163,P2021,Perfume,Beauty,Fragrance,1.00,1499.00,1499.00,0.00,0.00,1499.00,569.62,Hyderabad,Telangana,South,Debit Card,Standard,2024,6,June,0.38
ORD104584,29-06-2024,CUST1272,Customer_0272,P2021,Perfume,Beauty,Fragrance,1.00,1499.00,1499.00,0.25,374.75,1124.25,342.90,Kolkata,West Bengal,East,Debit Card,Standard,2024,6,June,0.305
ORD100639,30-08-2024,CUST1636,Customer_0636,P2017,Office Chair,Home & Kitchen,Furniture,3.00,5999.00,17997.00,0.00,0.00,17997.00,4319.28,Noida,Uttar Pradesh,North,Credit Card,Express,2024,8,August,0.24
ORD102636,29-08-2025,CUST1456,Customer_0456,P2015,Table Lamp,Home & Kitchen,Home Decor,2.00,1299.00,2598.00,0.15,389.70,2208.30,430.62,Gurugram,Haryana,North,Net Banking,Same Day,2025,8,August,0.195
ORD103418,21-11-2024,CUST1765,Customer_0765,P2012,Sandals,Clothing,Footwear,1.00,1299.00,1299.00,0.30,389.70,909.30,209.14,Pune,Maharashtra,West,UPI,Same Day,2024,11,November,0.23
ORD103572,15-12-2025,CUST1630,Customer_0630,P2025,Football,Sports,Outdoor,2.00,999.00,1998.00,0.20,399.60,1598.40,351.65,Chennai,Tamil Nadu,South,Debit Card,Standard,2025,12,December,0.22
ORD103605,02-01-2025,CUST1077,Customer_0077,P2010,Dress,Clothing,Women,1.00,1999.00,1999.00,0.10,199.90,1799.10,521.74,Hyderabad,Telangana,South,Net Banking,Express,2025,1,January,0.29
ORD104425,28-08-2025,CUST1090,Customer_0090,P2008,Jeans,Clothing,Men,2.00,1799.00,3598.00,0.10,359.80,3238.20,939.08,Chennai,Tamil Nadu,South,Credit Card,Same Day,2025,8,August,0.29
ORD104441,29-01-2024,CUST1752,Customer_0752,P2008,Jeans,Clothing,Men,1.00,1799.00,1799.00,0.30,539.70,1259.30,289.64,Jaipur,Rajasthan,North,Debit Card,Standard,2024,1,January,0.23
ORD104556,21-12-2025,CUST1791,Customer_0791,P2015,Table Lamp,Home & Kitchen,Home Decor,1.00,1299.00,1299.00,0.05,64.95,1234.05,277.66,Ahmedabad,Gujarat,West,Credit Card,Standard,2025,12,December,0.225
ORD104651,18-12-2025,CUST1749,Customer_0749,P2017,Office Chair,Home & Kitchen,Furniture,2.00,5999.00,11998.00,0.10,1199.80,10798.20,2267.62,Mumbai,Maharashtra,West,Net Banking,Standard,2025,12,December,0.21
ORD104675,26-12-2024,CUST1736,Customer_0736,P2015,Table Lamp,Home & Kitchen,Home Decor,2.00,1299.00,2598.00,0.00,0.00,2598.00,623.52,Jaipur,Rajasthan,North,Credit Card,Same Day,2024,12,December,0.24
ORD100052,04-08-2025,CUST1042,Customer_0042,P2024,Cricket Bat,Sports,Outdoor,1.00,2499.00,2499.00,0.15,374.85,2124.15,499.18,Chennai,Tamil Nadu,South,Net Banking,Same Day,2025,8,August,0.235
ORD101609,31-07-2025,CUST1395,Customer_0395,P2001,Smartphone,Electronics,Mobiles,3.00,24999.00,74997.00,0.15,11249.55,63747.45,7330.96,Chennai,Tamil Nadu,South,Credit Card,Same Day,2025,7,July,0.115
ORD101636,25-05-2024,CUST1324,Customer_0324,P2020,Shampoo,Beauty,Haircare,1.00,599.00,599.00,0.05,29.95,569.05,207.70,Gurugram,Haryana,North,UPI,Express,2024,5,May,0.365
ORD102058,30-07-2025,CUST1148,Customer_0148,P2016,Bedsheet Set,Home & Kitchen,Home Decor,3.00,999.00,2997.00,0.05,149.85,2847.15,640.61,Gurugram,Haryana,North,Credit Card,Standard,2025,7,July,0.225
ORD102688,11-07-2024,CUST1631,Customer_0631,P2010,Dress,Clothing,Women,2.00,1999.00,3998.00,0.10,399.80,3598.20,1043.48,Bengaluru,Karnataka,South,Credit Card,Standard,2024,7,July,0.29
ORD103441,19-05-2025,CUST1589,Customer_0589,P2022,Yoga Mat,Sports,Fitness,1.00,899.00,899.00,0.15,134.85,764.15,179.58,Gurugram,Haryana,North,Debit Card,Standard,2025,5,May,0.235
ORD103480,09-07-2025,CUST1001,Customer_0001,P2011,Sneakers,Clothing,Footwear,1.00,2499.00,2499.00,0.15,374.85,2124.15,584.14,Mumbai,Maharashtra,West,Credit Card,Standard,2025,7,July,0.275
ORD104061,12-11-2024,CUST1070,Customer_0070,P2012,Sandals,Clothing,Footwear,2.00,1299.00,2598.00,0.20,519.60,2078.40,540.38,Kolkata,West Bengal,East,UPI,Standard,2024,11,November,0.26
ORD104828,28-06-2024,CUST1495,Customer_0495,P2006,Power Bank,Electronics,Accessories,3.00,1499.00,4497.00,0.05,224.85,4272.15,619.46,Lucknow,Uttar Pradesh,North,Credit Card,Standard,2024,6,June,0.145
ORD100436,17-05-2025,CUST1285,Customer_0285,P2007,T-Shirt,Clothing,Men,1.00,799.00,799.00,0.20,159.80,639.20,166.19,Chennai,Tamil Nadu,South,UPI,Express,2025,5,May,0.26
ORD100756,08-02-2024,CUST1204,Customer_0204,P2001,Smartphone,Electronics,Mobiles,3.00,24999.00,74997.00,0.20,14999.40,59997.60,5999.76,Ahmedabad,Gujarat,West,Debit Card,Express,2024,2,February,0.1
ORD102584,02-04-2024,CUST1362,Customer_0362,P2014,Cookware Set,Home & Kitchen,Kitchen,5.00,2999.00,14995.00,0.10,1499.50,13495.50,2834.06,Chennai,Tamil Nadu,South,Debit Card,Standard,2024,4,April,0.21
ORD104531,27-02-2024,CUST1716,Customer_0716,P2006,Power Bank,Electronics,Accessories,1.00,1499.00,1499.00,0.05,74.95,1424.05,206.49,Lucknow,Uttar Pradesh,North,Debit Card,Standard,2024,2,February,0.145
ORD101061,26-08-2024,CUST1118,Customer_0118,P2015,Table Lamp,Home & Kitchen,Home Decor,2.00,1299.00,2598.00,0.20,519.60,2078.40,374.11,Bengaluru,Karnataka,South,Cash on Delivery,Same Day,2024,8,August,0.18
ORD103570,08-09-2025,CUST1460,Customer_0460,P2022,Yoga Mat,Sports,Fitness,4.00,899.00,3596.00,0.00,0.00,3596.00,1006.88,Noida,Uttar Pradesh,North,Credit Card,Express,2025,9,September,0.28
ORD103685,12-08-2024,CUST1241,Customer_0241,P2005,Keyboard,Electronics,Accessories,1.00,1299.00,1299.00,0.20,259.80,1039.20,103.92,Chennai,Tamil Nadu,South,Debit Card,Express,2024,8,August,0.1
ORD103801,21-01-2024,CUST1306,Customer_0306,P2021,Perfume,Beauty,Fragrance,3.00,1499.00,4497.00,0.15,674.55,3822.45,1280.52,Kolkata,West Bengal,East,Net Banking,Standard,2024,1,January,0.335
ORD104273,23-06-2025,CUST1626,Customer_0626,P2019,Sunscreen,Beauty,Skincare,1.00,699.00,699.00,0.25,174.75,524.25,159.90,Pune,Maharashtra,West,Credit Card,Standard,2025,6,June,0.305
ORD104451,04-05-2025,CUST1599,Customer_0599,P2016,Bedsheet Set,Home & Kitchen,Home Decor,1.00,999.00,999.00,0.10,99.90,899.10,188.81,Noida,Uttar Pradesh,North,Credit Card,Express,2025,5,May,0.21
ORD102430,01-01-2024,CUST1246,Customer_0246,P2020,Shampoo,Beauty,Haircare,1.00,599.00,599.00,0.15,89.85,509.15,170.57,Noida,Uttar Pradesh,North,Net Banking,Express,2024,1,January,0.335
ORD103581,05-12-2024,CUST1420,Customer_0420,P2003,Laptop,Electronics,Computers,1.00,59999.00,59999.00,0.15,8999.85,50999.15,5864.90,Pune,Maharashtra,West,Credit Card,Express,2024,12,December,0.115
ORD104353,20-09-2025,CUST1298,Customer_0298,P2004,Wireless Mouse,Electronics,Accessories,1.00,899.00,899.00,0.20,179.80,719.20,71.92,Hyderabad,Telangana,South,Net Banking,Standard,2025,9,September,0.1
ORD100286,25-07-2024,CUST1249,Customer_0249,P2010,Dress,Clothing,Women,2.00,1999.00,3998.00,0.10,399.80,3598.20,1043.48,Mumbai,Maharashtra,West,Credit Card,Express,2024,7,July,0.29
ORD100346,13-05-2024,CUST1012,Customer_0012,P2019,Sunscreen,Beauty,Skincare,1.00,699.00,699.00,0.25,174.75,524.25,159.90,Gurugram,Haryana,North,UPI,Same Day,2024,5,May,0.305
ORD100380,14-12-2024,CUST1775,Customer_0775,P2018,Face Wash,Beauty,Skincare,2.00,399.00,798.00,0.05,39.90,758.10,276.71,Mumbai,Maharashtra,West,Credit Card,Express,2024,12,December,0.365
ORD100782,30-06-2024,CUST1031,Customer_0031,P2015,Table Lamp,Home & Kitchen,Home Decor,1.00,1299.00,1299.00,0.10,129.90,1169.10,245.51,Hyderabad,Telangana,South,UPI,Standard,2024,6,June,0.21
ORD100991,27-11-2024,CUST1490,Customer_0490,P2012,Sandals,Clothing,Footwear,2.00,1299.00,2598.00,0.10,259.80,2338.20,678.08,Gurugram,Haryana,North,Cash on Delivery,Standard,2024,11,November,0.29
ORD104261,01-03-2024,CUST1366,Customer_0366,P2017,Office Chair,Home & Kitchen,Furniture,1.00,5999.00,5999.00,0.10,599.90,5399.10,1133.81,Chennai,Tamil Nadu,South,Debit Card,Same Day,2024,3,March,0.21
ORD100297,23-01-2024,CUST1771,Customer_0771,P2009,Kurti,Clothing,Women,2.00,1199.00,2398.00,0.20,479.60,1918.40,498.78,Ahmedabad,Gujarat,West,Credit Card,Express,2024,1,January,0.26
ORD100865,31-05-2024,CUST1301,Customer_0301,P2019,Sunscreen,Beauty,Skincare,1.00,699.00,699.00,0.15,104.85,594.15,199.04,Mumbai,Maharashtra,West,UPI,Express,2024,5,May,0.335
ORD101138,23-08-2025,CUST1669,Customer_0669,P2022,Yoga Mat,Sports,Fitness,1.00,899.00,899.00,0.00,0.00,899.00,251.72,Gurugram,Haryana,North,Cash on Delivery,Standard,2025,8,August,0.28
ORD102693,22-12-2025,CUST1091,Customer_0091,P2003,Laptop,Electronics,Computers,2.00,59999.00,119998.00,0.30,35999.40,83998.60,5879.90,Delhi,Delhi,North,UPI,Express,2025,12,December,0.07
ORD103356,25-05-2024,CUST1756,Customer_0756,P2005,Keyboard,Electronics,Accessories,1.00,1299.00,1299.00,0.15,194.85,1104.15,126.98,Pune,Maharashtra,West,UPI,Standard,2024,5,May,0.115
ORD103412,23-04-2024,CUST1363,Customer_0363,P2023,Dumbbells,Sports,Fitness,1.00,1599.00,1599.00,0.10,159.90,1439.10,359.78,Kolkata,West Bengal,East,Debit Card,Express,2024,4,April,0.25
ORD103781,22-06-2025,CUST1426,Customer_0426,P2017,Office Chair,Home & Kitchen,Furniture,1.00,5999.00,5999.00,0.15,899.85,5099.15,994.33,Kolkata,West Bengal,East,Credit Card,Express,2025,6,June,0.195
ORD104582,08-01-2025,CUST1607,Customer_0607,P2018,Face Wash,Beauty,Skincare,1.00,399.00,399.00,0.10,39.90,359.10,125.68,Delhi,Delhi,North,UPI,Same Day,2025,1,January,0.35
ORD101632,15-03-2024,CUST1091,Customer_0091,P2011,Sneakers,Clothing,Footwear,1.00,2499.00,2499.00,0.10,249.90,2249.10,652.24,Lucknow,Uttar Pradesh,North,UPI,Standard,2024,3,March,0.29
ORD101854,17-01-2025,CUST1458,Customer_0458,P2004,Wireless Mouse,Electronics,Accessories,4.00,899.00,3596.00,0.10,359.60,3236.40,420.73,Delhi,Delhi,North,UPI,Standard,2025,1,January,0.13
ORD101999,22-12-2025,CUST1367,Customer_0367,P2003,Laptop,Electronics,Computers,1.00,59999.00,59999.00,0.00,0.00,59999.00,9599.84,Jaipur,Rajasthan,North,Net Banking,Express,2025,12,December,0.16
ORD102702,09-11-2025,CUST1767,Customer_0767,P2013,Mixer Grinder,Home & Kitchen,Kitchen,1.00,3499.00,3499.00,0.15,524.85,2974.15,579.96,Gurugram,Haryana,North,UPI,Standard,2025,11,November,0.195
ORD103771,09-02-2025,CUST1050,Customer_0050,P2012,Sandals,Clothing,Footwear,2.00,1299.00,2598.00,0.00,0.00,2598.00,831.36,Kolkata,West Bengal,East,Cash on Delivery,Standard,2025,2,February,0.32
ORD103924,23-08-2025,CUST1071,Customer_0071,P2025,Football,Sports,Outdoor,2.00,999.00,1998.00,0.15,299.70,1698.30,399.10,Kolkata,West Bengal,East,Cash on Delivery,Standard,2025,8,August,0.235
ORD100113,13-04-2024,CUST1709,Customer_0709,P2009,Kurti,Clothing,Women,2.00,1199.00,2398.00,0.00,0.00,2398.00,767.36,Jaipur,Rajasthan,North,UPI,Express,2024,4,April,0.32
ORD100178,10-12-2024,CUST1194,Customer_0194,P2025,Football,Sports,Outdoor,2.00,999.00,1998.00,0.05,99.90,1898.10,503.00,Noida,Uttar Pradesh,North,UPI,Same Day,2024,12,December,0.265
ORD101016,05-11-2024,CUST1667,Customer_0667,P2006,Power Bank,Electronics,Accessories,1.00,1499.00,1499.00,0.05,74.95,1424.05,206.49,Kolkata,West Bengal,East,Cash on Delivery,Standard,2024,11,November,0.145
ORD102001,26-11-2024,CUST1678,Customer_0678,P2001,Smartphone,Electronics,Mobiles,3.00,24999.00,74997.00,0.25,18749.25,56247.75,4781.06,Bengaluru,Karnataka,South,Credit Card,Standard,2024,11,November,0.085
ORD102037,19-05-2024,CUST1326,Customer_0326,P2004,Wireless Mouse,Electronics,Accessories,1.00,899.00,899.00,0.30,269.70,629.30,44.05,Mumbai,Maharashtra,West,UPI,Standard,2024,5,May,0.07
ORD102203,10-06-2024,CUST1195,Customer_0195,P2013,Mixer Grinder,Home & Kitchen,Kitchen,2.00,3499.00,6998.00,0.15,1049.70,5948.30,1159.92,Hyderabad,Telangana,South,Net Banking,Express,2024,6,June,0.195
ORD102309,23-03-2025,CUST1069,Customer_0069,P2004,Wireless Mouse,Electronics,Accessories,2.00,899.00,1798.00,0.10,179.80,1618.20,210.37,Jaipur,Rajasthan,North,UPI,Same Day,2025,3,March,0.13
ORD102750,16-10-2025,CUST1271,Customer_0271,P2010,Dress,Clothing,Women,2.00,1999.00,3998.00,0.00,0.00,3998.00,1279.36,Chennai,Tamil Nadu,South,Credit Card,Standard,2025,10,October,0.32
ORD102991,13-05-2025,CUST1142,Customer_0142,P2006,Power Bank,Electronics,Accessories,1.00,1499.00,1499.00,0.25,374.75,1124.25,95.56,Gurugram,Haryana,North,Credit Card,Standard,2025,5,May,0.085
ORD103997,26-10-2025,CUST1076,Customer_0076,P2022,Yoga Mat,Sports,Fitness,2.00,899.00,1798.00,0.20,359.60,1438.40,316.45,Delhi,Delhi,North,Debit Card,Standard,2025,10,October,0.22
ORD104314,20-11-2024,CUST1695,Customer_0695,P2008,Jeans,Clothing,Men,2.00,1799.00,3598.00,0.10,359.80,3238.20,939.08,Delhi,Delhi,North,UPI,Express,2024,11,November,0.29
ORD104936,27-06-2024,CUST1638,Customer_0638,P2013,Mixer Grinder,Home & Kitchen,Kitchen,2.00,3499.00,6998.00,0.05,349.90,6648.10,1495.82,Bengaluru,Karnataka,South,Net Banking,Express,2024,6,June,0.225
ORD100433,25-12-2025,CUST1692,Customer_0692,P2012,Sandals,Clothing,Footwear,1.00,1299.00,1299.00,0.10,129.90,1169.10,339.04,Jaipur,Rajasthan,North,Net Banking,Express,2025,12,December,0.29
ORD100769,29-07-2025,CUST1143,Customer_0143,P2016,Bedsheet Set,Home & Kitchen,Home Decor,1.00,999.00,999.00,0.00,0.00,999.00,239.76,Mumbai,Maharashtra,West,Debit Card,Same Day,2025,7,July,0.24
ORD101314,11-12-2025,CUST1616,Customer_0616,P2005,Keyboard,Electronics,Accessories,1.00,1299.00,1299.00,0.15,194.85,1104.15,126.98,Lucknow,Uttar Pradesh,North,Net Banking,Standard,2025,12,December,0.115
ORD102184,20-09-2025,CUST1762,Customer_0762,P2015,Table Lamp,Home & Kitchen,Home Decor,1.00,1299.00,1299.00,0.25,324.75,974.25,160.75,Jaipur,Rajasthan,North,UPI,Express,2025,9,September,0.165
ORD102379,31-12-2024,CUST1217,Customer_0217,P2005,Keyboard,Electronics,Accessories,1.00,1299.00,1299.00,0.20,259.80,1039.20,103.92,Pune,Maharashtra,West,Debit Card,Standard,2024,12,December,0.1
ORD102764,16-08-2024,CUST1079,Customer_0079,P2017,Office Chair,Home & Kitchen,Furniture,4.00,5999.00,23996.00,0.00,0.00,23996.00,5759.04,Hyderabad,Telangana,South,Cash on Delivery,Express,2024,8,August,0.24
ORD103179,12-11-2025,CUST1507,Customer_0507,P2020,Shampoo,Beauty,Haircare,2.00,599.00,1198.00,0.10,119.80,1078.20,377.37,Gurugram,Haryana,North,UPI,Standard,2025,11,November,0.35
ORD104270,26-08-2025,CUST1468,Customer_0468,P2008,Jeans,Clothing,Men,2.00,1799.00,3598.00,0.25,899.50,2698.50,661.13,Delhi,Delhi,North,UPI,Express,2025,8,August,0.245
ORD104275,28-06-2024,CUST1439,Customer_0439,P2009,Kurti,Clothing,Women,1.00,1199.00,1199.00,0.10,119.90,1079.10,312.94,Delhi,Delhi,North,Debit Card,Standard,2024,6,June,0.29
ORD100262,22-01-2025,CUST1560,Customer_0560,P2005,Keyboard,Electronics,Accessories,1.00,1299.00,1299.00,0.00,0.00,1299.00,207.84,Lucknow,Uttar Pradesh,North,Credit Card,Express,2025,1,January,0.16
ORD100589,10-11-2024,CUST1218,Customer_0218,P2001,Smartphone,Electronics,Mobiles,5.00,24999.00,124995.00,0.20,24999.00,99996.00,9999.60,Kolkata,West Bengal,East,Net Banking,Same Day,2024,11,November,0.1
ORD101524,06-12-2025,CUST1535,Customer_0535,P2015,Table Lamp,Home & Kitchen,Home Decor,4.00,1299.00,5196.00,0.15,779.40,4416.60,861.24,Gurugram,Haryana,North,Credit Card,Express,2025,12,December,0.195
ORD101621,28-10-2024,CUST1353,Customer_0353,P2021,Perfume,Beauty,Fragrance,2.00,1499.00,2998.00,0.05,149.90,2848.10,1039.56,Hyderabad,Telangana,South,Net Banking,Standard,2024,10,October,0.365
ORD102027,10-05-2024,CUST1224,Customer_0224,P2025,Football,Sports,Outdoor,4.00,999.00,3996.00,0.20,799.20,3196.80,703.30,Chennai,Tamil Nadu,South,Debit Card,Same Day,2024,5,May,0.22
ORD102616,30-06-2024,CUST1418,Customer_0418,P2004,Wireless Mouse,Electronics,Accessories,3.00,899.00,2697.00,0.30,809.10,1887.90,132.15,Delhi,Delhi,North,Cash on Delivery,Standard,2024,6,June,0.07
ORD103025,02-01-2024,CUST1619,Customer_0619,P2001,Smartphone,Electronics,Mobiles,1.00,24999.00,24999.00,0.15,3749.85,21249.15,2443.65,Chennai,Tamil Nadu,South,Credit Card,Standard,2024,1,January,0.115
ORD103885,19-12-2025,CUST1172,Customer_0172,P2004,Wireless Mouse,Electronics,Accessories,2.00,899.00,1798.00,0.05,89.90,1708.10,247.67,Chennai,Tamil Nadu,South,Debit Card,Express,2025,12,December,0.145
ORD104025,09-08-2025,CUST1743,Customer_0743,P2019,Sunscreen,Beauty,Skincare,1.00,699.00,699.00,0.00,0.00,699.00,265.62,Delhi,Delhi,North,Cash on Delivery,Standard,2025,8,August,0.38
ORD104055,04-02-2025,CUST1285,Customer_0285,P2009,Kurti,Clothing,Women,2.00,1199.00,2398.00,0.25,599.50,1798.50,440.63,Delhi,Delhi,North,UPI,Standard,2025,2,February,0.245
ORD104304,04-08-2025,CUST1466,Customer_0466,P2006,Power Bank,Electronics,Accessories,2.00,1499.00,2998.00,0.00,0.00,2998.00,479.68,Hyderabad,Telangana,South,UPI,Express,2025,8,August,0.16
ORD104680,03-02-2024,CUST1123,Customer_0123,P2002,Wireless Earbuds,Electronics,Mobiles,1.00,2999.00,2999.00,0.20,599.80,2399.20,239.92,Jaipur,Rajasthan,North,Credit Card,Standard,2024,2,February,0.1
ORD104827,05-07-2024,CUST1234,Customer_0234,P2024,Cricket Bat,Sports,Outdoor,2.00,2499.00,4998.00,0.05,249.90,4748.10,1258.25,Bengaluru,Karnataka,South,UPI,Standard,2024,7,July,0.265
ORD100017,08-09-2025,CUST1024,Customer_0024,P2002,Wireless Earbuds,Electronics,Mobiles,4.00,2999.00,11996.00,0.15,1799.40,10196.60,1172.61,Bengaluru,Karnataka,South,Net Banking,Standard,2025,9,September,0.115
ORD100600,21-11-2024,CUST1260,Customer_0260,P2014,Cookware Set,Home & Kitchen,Kitchen,1.00,2999.00,2999.00,0.10,299.90,2699.10,566.81,Chennai,Tamil Nadu,South,UPI,Standard,2024,11,November,0.21
ORD102540,18-09-2025,CUST1199,Customer_0199,P2002,Wireless Earbuds,Electronics,Mobiles,5.00,2999.00,14995.00,0.15,2249.25,12745.75,1465.76,Mumbai,Maharashtra,West,Debit Card,Standard,2025,9,September,0.115
ORD103513,14-08-2024,CUST1512,Customer_0512,P2001,Smartphone,Electronics,Mobiles,1.00,24999.00,24999.00,0.30,7499.70,17499.30,1224.95,Mumbai,Maharashtra,West,Debit Card,Standard,2024,8,August,0.07
ORD103972,16-10-2025,CUST1455,Customer_0455,P2005,Keyboard,Electronics,Accessories,1.00,1299.00,1299.00,0.15,194.85,1104.15,126.98,Mumbai,Maharashtra,West,Credit Card,Same Day,2025,10,October,0.115
ORD104837,02-08-2025,CUST1139,Customer_0139,P2003,Laptop,Electronics,Computers,1.00,59999.00,59999.00,0.00,0.00,59999.00,9599.84,Chennai,Tamil Nadu,South,Credit Card,Standard,2025,8,August,0.16
ORD100022,16-04-2024,CUST1494,Customer_0494,P2006,Power Bank,Electronics,Accessories,1.00,1499.00,1499.00,0.10,149.90,1349.10,175.38,Kolkata,West Bengal,East,Net Banking,Standard,2024,4,April,0.13
ORD100537,23-05-2025,CUST1199,Customer_0199,P2018,Face Wash,Beauty,Skincare,3.00,399.00,1197.00,0.15,179.55,1017.45,340.85,Pune,Maharashtra,West,Debit Card,Standard,2025,5,May,0.335
ORD101256,24-05-2024,CUST1276,Customer_0276,P2006,Power Bank,Electronics,Accessories,2.00,1499.00,2998.00,0.25,749.50,2248.50,191.12,Lucknow,Uttar Pradesh,North,Credit Card,Standard,2024,5,May,0.085
ORD101328,05-12-2024,CUST1787,Customer_0787,P2002,Wireless Earbuds,Electronics,Mobiles,2.00,2999.00,5998.00,0.15,899.70,5098.30,586.30,Mumbai,Maharashtra,West,Credit Card,Standard,2024,12,December,0.115
ORD103688,20-03-2024,CUST1041,Customer_0041,P2004,Wireless Mouse,Electronics,Accessories,2.00,899.00,1798.00,0.25,449.50,1348.50,114.62,Bengaluru,Karnataka,South,Credit Card,Standard,2024,3,March,0.085
ORD104410,31-08-2024,CUST1213,Customer_0213,P2007,T-Shirt,Clothing,Men,1.00,799.00,799.00,0.10,79.90,719.10,208.54,Noida,Uttar Pradesh,North,Credit Card,Express,2024,8,August,0.29
ORD104912,21-12-2024,CUST1150,Customer_0150,P2007,T-Shirt,Clothing,Men,2.00,799.00,1598.00,0.15,239.70,1358.30,373.53,Mumbai,Maharashtra,West,Cash on Delivery,Standard,2024,12,December,0.275
ORD100808,23-11-2024,CUST1241,Customer_0241,P2008,Jeans,Clothing,Men,1.00,1799.00,1799.00,0.10,179.90,1619.10,469.54,Lucknow,Uttar Pradesh,North,Credit Card,Standard,2024,11,November,0.29
ORD100980,20-06-2024,CUST1776,Customer_0776,P2002,Wireless Earbuds,Electronics,Mobiles,2.00,2999.00,5998.00,0.30,1799.40,4198.60,293.90,Hyderabad,Telangana,South,UPI,Express,2024,6,June,0.07
ORD101179,13-10-2025,CUST1502,Customer_0502,P2022,Yoga Mat,Sports,Fitness,3.00,899.00,2697.00,0.15,404.55,2292.45,538.73,Jaipur,Rajasthan,North,Cash on Delivery,Standard,2025,10,October,0.235
ORD102189,31-03-2024,CUST1698,Customer_0698,P2009,Kurti,Clothing,Women,1.00,1199.00,1199.00,0.10,119.90,1079.10,312.94,Bengaluru,Karnataka,South,UPI,Standard,2024,3,March,0.29
ORD102274,26-12-2025,CUST1393,Customer_0393,P2024,Cricket Bat,Sports,Outdoor,1.00,2499.00,2499.00,0.10,249.90,2249.10,562.28,Chennai,Tamil Nadu,South,Credit Card,Standard,2025,12,December,0.25
ORD102678,17-11-2025,CUST1251,Customer_0251,P2003,Laptop,Electronics,Computers,1.00,59999.00,59999.00,0.10,5999.90,53999.10,7019.88,Noida,Uttar Pradesh,North,Cash on Delivery,Standard,2025,11,November,0.13
ORD102910,16-10-2025,CUST1727,Customer_0727,P2016,Bedsheet Set,Home & Kitchen,Home Decor,1.00,999.00,999.00,0.10,99.90,899.10,188.81,Chennai,Tamil Nadu,South,Credit Card,Standard,2025,10,October,0.21
ORD103559,09-12-2024,CUST1523,Customer_0523,P2002,Wireless Earbuds,Electronics,Mobiles,2.00,2999.00,5998.00,0.05,299.90,5698.10,826.22,Hyderabad,Telangana,South,Credit Card,Standard,2024,12,December,0.145
ORD103576,02-04-2025,CUST1603,Customer_0603,P2013,Mixer Grinder,Home & Kitchen,Kitchen,1.00,3499.00,3499.00,0.20,699.80,2799.20,503.86,Mumbai,Maharashtra,West,UPI,Express,2025,4,April,0.18
ORD103858,12-01-2024,CUST1570,Customer_0570,P2016,Bedsheet Set,Home & Kitchen,Home Decor,3.00,999.00,2997.00,0.10,299.70,2697.30,566.43,Noida,Uttar Pradesh,North,UPI,Standard,2024,1,January,0.21
ORD104279,28-09-2024,CUST1523,Customer_0523,P2012,Sandals,Clothing,Footwear,3.00,1299.00,3897.00,0.30,1169.10,2727.90,627.42,Kolkata,West Bengal,East,UPI,Standard,2024,9,September,0.23
ORD100734,02-08-2024,CUST1432,Customer_0432,P2004,Wireless Mouse,Electronics,Accessories,2.00,899.00,1798.00,0.00,0.00,1798.00,287.68,Hyderabad,Telangana,South,Credit Card,Same Day,2024,8,August,0.16
ORD101247,12-09-2024,CUST1126,Customer_0126,P2001,Smartphone,Electronics,Mobiles,2.00,24999.00,49998.00,0.10,4999.80,44998.20,5849.77,Lucknow,Uttar Pradesh,North,UPI,Express,2024,9,September,0.13
ORD102422,10-12-2025,CUST1086,Customer_0086,P2010,Dress,Clothing,Women,1.00,1999.00,1999.00,0.05,99.95,1899.05,579.21,Jaipur,Rajasthan,North,Net Banking,Standard,2025,12,December,0.305
ORD103285,10-03-2024,CUST1518,Customer_0518,P2009,Kurti,Clothing,Women,1.00,1199.00,1199.00,0.15,179.85,1019.15,280.27,Chennai,Tamil Nadu,South,Net Banking,Standard,2024,3,March,0.275
ORD103921,24-12-2024,CUST1350,Customer_0350,P2001,Smartphone,Electronics,Mobiles,1.00,24999.00,24999.00,0.20,4999.80,19999.20,1999.92,Chennai,Tamil Nadu,South,UPI,Same Day,2024,12,December,0.1
ORD100519,19-09-2024,CUST1025,Customer_0025,P2008,Jeans,Clothing,Men,1.00,1799.00,1799.00,0.25,449.75,1349.25,330.57,Jaipur,Rajasthan,North,UPI,Standard,2024,9,September,0.245
ORD100717,20-04-2024,CUST1209,Customer_0209,P2009,Kurti,Clothing,Women,2.00,1199.00,2398.00,0.05,119.90,2278.10,694.82,Lucknow,Uttar Pradesh,North,UPI,Standard,2024,4,April,0.305
ORD100820,02-01-2024,CUST1606,Customer_0606,P2017,Office Chair,Home & Kitchen,Furniture,2.00,5999.00,11998.00,0.15,1799.70,10198.30,1988.67,Chennai,Tamil Nadu,South,UPI,Standard,2024,1,January,0.195
ORD101785,19-02-2024,CUST1217,Customer_0217,P2009,Kurti,Clothing,Women,2.00,1199.00,2398.00,0.05,119.90,2278.10,694.82,Chennai,Tamil Nadu,South,UPI,Express,2024,2,February,0.305
ORD104141,30-01-2025,CUST1204,Customer_0204,P2020,Shampoo,Beauty,Haircare,1.00,599.00,599.00,0.20,119.80,479.20,153.34,Jaipur,Rajasthan,North,UPI,Express,2025,1,January,0.32
ORD100006,24-03-2025,CUST1119,Customer_0119,P2010,Dress,Clothing,Women,1.00,1999.00,1999.00,0.00,0.00,1999.00,639.68,Bengaluru,Karnataka,South,Debit Card,Standard,2025,3,March,0.32
ORD100467,05-03-2025,CUST1155,Customer_0155,P2010,Dress,Clothing,Women,2.00,1999.00,3998.00,0.05,199.90,3798.10,1158.42,Pune,Maharashtra,West,Net Banking,Standard,2025,3,March,0.305
ORD100473,19-06-2024,CUST1393,Customer_0393,P2008,Jeans,Clothing,Men,3.00,1799.00,5397.00,0.05,269.85,5127.15,1563.78,Jaipur,Rajasthan,North,Net Banking,Express,2024,6,June,0.305
ORD101824,27-02-2025,CUST1429,Customer_0429,P2012,Sandals,Clothing,Footwear,1.00,1299.00,1299.00,0.00,0.00,1299.00,415.68,Bengaluru,Karnataka,South,Debit Card,Standard,2025,2,February,0.32
ORD102137,19-05-2025,CUST1396,Customer_0396,P2020,Shampoo,Beauty,Haircare,2.00,599.00,1198.00,0.00,0.00,1198.00,455.24,Jaipur,Rajasthan,North,Debit Card,Standard,2025,5,May,0.38
ORD104544,22-01-2025,CUST1516,Customer_0516,P2025,Football,Sports,Outdoor,1.00,999.00,999.00,0.20,199.80,799.20,175.82,Gurugram,Haryana,North,Cash on Delivery,Standard,2025,1,January,0.22
ORD104606,25-12-2024,CUST1306,Customer_0306,P2016,Bedsheet Set,Home & Kitchen,Home Decor,1.00,999.00,999.00,0.15,149.85,849.15,165.58,Mumbai,Maharashtra,West,Credit Card,Express,2024,12,December,0.195
ORD101928,13-07-2025,CUST1404,Customer_0404,P2016,Bedsheet Set,Home & Kitchen,Home Decor,1.00,999.00,999.00,0.05,49.95,949.05,213.54,Kolkata,West Bengal,East,UPI,Standard,2025,7,July,0.225
ORD102080,19-01-2025,CUST1082,Customer_0082,P2012,Sandals,Clothing,Footwear,1.00,1299.00,1299.00,0.25,324.75,974.25,238.69,Chennai,Tamil Nadu,South,Credit Card,Express,2025,1,January,0.245
ORD102116,13-04-2024,CUST1703,Customer_0703,P2023,Dumbbells,Sports,Fitness,3.00,1599.00,4797.00,0.20,959.40,3837.60,844.27,Noida,Uttar Pradesh,North,UPI,Standard,2024,4,April,0.22
ORD103377,05-05-2025,CUST1554,Customer_0554,P2008,Jeans,Clothing,Men,3.00,1799.00,5397.00,0.10,539.70,4857.30,1408.62,Chennai,Tamil Nadu,South,UPI,Standard,2025,5,May,0.29
ORD103629,14-08-2025,CUST1412,Customer_0412,P2002,Wireless Earbuds,Electronics,Mobiles,1.00,2999.00,2999.00,0.25,749.75,2249.25,191.19,Kolkata,West Bengal,East,Net Banking,Standard,2025,8,August,0.085
ORD104492,28-10-2025,CUST1363,Customer_0363,P2002,Wireless Earbuds,Electronics,Mobiles,1.00,2999.00,2999.00,0.10,299.90,2699.10,350.88,Hyderabad,Telangana,South,Debit Card,Standard,2025,10,October,0.13
ORD100162,04-12-2025,CUST1218,Customer_0218,P2013,Mixer Grinder,Home & Kitchen,Kitchen,3.00,3499.00,10497.00,0.05,524.85,9972.15,2243.73,Noida,Uttar Pradesh,North,Debit Card,Standard,2025,12,December,0.225
ORD103032,18-08-2024,CUST1481,Customer_0481,P2009,Kurti,Clothing,Women,2.00,1199.00,2398.00,0.10,239.80,2158.20,625.88,Kolkata,West Bengal,East,Credit Card,Standard,2024,8,August,0.29
ORD104803,15-06-2024,CUST1053,Customer_0053,P2004,Wireless Mouse,Electronics,Accessories,1.00,899.00,899.00,0.05,44.95,854.05,123.84,Jaipur,Rajasthan,North,UPI,Standard,2024,6,June,0.145
ORD100441,07-04-2025,CUST1595,Customer_0595,P2014,Cookware Set,Home & Kitchen,Kitchen,3.00,2999.00,8997.00,0.10,899.70,8097.30,1700.43,Lucknow,Uttar Pradesh,North,Cash on Delivery,Standard,2025,4,April,0.21
ORD100580,16-03-2024,CUST1622,Customer_0622,P2004,Wireless Mouse,Electronics,Accessories,1.00,899.00,899.00,0.25,224.75,674.25,57.31,Mumbai,Maharashtra,West,Debit Card,Standard,2024,3,March,0.085
ORD101243,04-02-2024,CUST1354,Customer_0354,P2009,Kurti,Clothing,Women,2.00,1199.00,2398.00,0.00,0.00,2398.00,767.36,Bengaluru,Karnataka,South,UPI,Standard,2024,2,February,0.32
ORD102495,28-10-2024,CUST1062,Customer_0062,P2013,Mixer Grinder,Home & Kitchen,Kitchen,1.00,3499.00,3499.00,0.30,1049.70,2449.30,367.40,Delhi,Delhi,North,Debit Card,Standard,2024,10,October,0.15
ORD100172,21-01-2024,CUST1130,Customer_0130,P2001,Smartphone,Electronics,Mobiles,2.00,24999.00,49998.00,0.15,7499.70,42498.30,4887.30,Hyderabad,Telangana,South,Credit Card,Standard,2024,1,January,0.115
ORD101480,22-11-2024,CUST1695,Customer_0695,P2003,Laptop,Electronics,Computers,2.00,59999.00,119998.00,0.20,23999.60,95998.40,9599.84,Kolkata,West Bengal,East,Debit Card,Standard,2024,11,November,0.1
ORD102341,24-09-2024,CUST1234,Customer_0234,P2001,Smartphone,Electronics,Mobiles,1.00,24999.00,24999.00,0.20,4999.80,19999.20,1999.92,Lucknow,Uttar Pradesh,North,UPI,Standard,2024,9,September,0.1
ORD104217,17-04-2024,CUST1638,Customer_0638,P2002,Wireless Earbuds,Electronics,Mobiles,4.00,2999.00,11996.00,0.20,2399.20,9596.80,959.68,Delhi,Delhi,North,UPI,Express,2024,4,April,0.1
ORD104725,16-03-2024,CUST1506,Customer_0506,P2022,Yoga Mat,Sports,Fitness,1.00,899.00,899.00,0.25,224.75,674.25,138.22,Hyderabad,Telangana,South,Net Banking,Standard,2024,3,March,0.205
ORD104775,16-12-2024,CUST1417,Customer_0417,P2013,Mixer Grinder,Home & Kitchen,Kitchen,1.00,3499.00,3499.00,0.20,699.80,2799.20,503.86,Pune,Maharashtra,West,UPI,Standard,2024,12,December,0.18
ORD101370,23-06-2024,CUST1316,Customer_0316,P2016,Bedsheet Set,Home & Kitchen,Home Decor,2.00,999.00,1998.00,0.15,299.70,1698.30,331.17,Kolkata,West Bengal,East,UPI,Standard,2024,6,June,0.195
ORD101601,19-01-2025,CUST1743,Customer_0743,P2010,Dress,Clothing,Women,4.00,1999.00,7996.00,0.05,399.80,7596.20,2316.84,Lucknow,Uttar Pradesh,North,Credit Card,Standard,2025,1,January,0.305
ORD103028,13-06-2024,CUST1171,Customer_0171,P2002,Wireless Earbuds,Electronics,Mobiles,1.00,2999.00,2999.00,0.10,299.90,2699.10,350.88,Pune,Maharashtra,West,Cash on Delivery,Standard,2024,6,June,0.13
ORD103146,17-03-2024,CUST1336,Customer_0336,P2010,Dress,Clothing,Women,4.00,1999.00,7996.00,0.10,799.60,7196.40,2086.96,Noida,Uttar Pradesh,North,Credit Card,Standard,2024,3,March,0.29
ORD103271,14-07-2025,CUST1757,Customer_0757,P2002,Wireless Earbuds,Electronics,Mobiles,1.00,2999.00,2999.00,0.10,299.90,2699.10,350.88,Mumbai,Maharashtra,West,Credit Card,Standard,2025,7,July,0.13
ORD103910,05-04-2024,CUST1778,Customer_0778,P2015,Table Lamp,Home & Kitchen,Home Decor,3.00,1299.00,3897.00,0.10,389.70,3507.30,736.53,Ahmedabad,Gujarat,West,Net Banking,Express,2024,4,April,0.21
ORD100300,12-12-2024,CUST1248,Customer_0248,P2009,Kurti,Clothing,Women,3.00,1199.00,3597.00,0.05,179.85,3417.15,1042.23,Bengaluru,Karnataka,South,Debit Card,Standard,2024,12,December,0.305
ORD100512,31-08-2025,CUST1630,Customer_0630,P2019,Sunscreen,Beauty,Skincare,1.00,699.00,699.00,0.00,0.00,699.00,265.62,Kolkata,West Bengal,East,UPI,Standard,2025,8,August,0.38
ORD101000,20-09-2025,CUST1690,Customer_0690,P2013,Mixer Grinder,Home & Kitchen,Kitchen,1.00,3499.00,3499.00,0.15,524.85,2974.15,579.96,Mumbai,Maharashtra,West,Cash on Delivery,Standard,2025,9,September,0.195
ORD102725,09-05-2025,CUST1703,Customer_0703,P2010,Dress,Clothing,Women,1.00,1999.00,1999.00,0.25,499.75,1499.25,367.32,Noida,Uttar Pradesh,North,Credit Card,Standard,2025,5,May,0.245
ORD103267,22-12-2025,CUST1665,Customer_0665,P2002,Wireless Earbuds,Electronics,Mobiles,1.00,2999.00,2999.00,0.20,599.80,2399.20,239.92,Pune,Maharashtra,West,Net Banking,Standard,2025,12,December,0.1
ORD104067,01-02-2024,CUST1457,Customer_0457,P2005,Keyboard,Electronics,Accessories,1.00,1299.00,1299.00,0.20,259.80,1039.20,103.92,Hyderabad,Telangana,South,Net Banking,Express,2024,2,February,0.1
ORD104325,17-03-2025,CUST1696,Customer_0696,P2018,Face Wash,Beauty,Skincare,1.00,399.00,399.00,0.10,39.90,359.10,125.68,Ahmedabad,Gujarat,West,Credit Card,Express,2025,3,March,0.35
ORD104520,31-10-2025,CUST1368,Customer_0368,P2006,Power Bank,Electronics,Accessories,2.00,1499.00,2998.00,0.05,149.90,2848.10,412.97,Lucknow,Uttar Pradesh,North,UPI,Standard,2025,10,October,0.145
ORD100139,17-06-2024,CUST1014,Customer_0014,P2019,Sunscreen,Beauty,Skincare,2.00,699.00,1398.00,0.20,279.60,1118.40,357.89,Lucknow,Uttar Pradesh,North,Credit Card,Standard,2024,6,June,0.32
ORD100303,13-09-2025,CUST1222,Customer_0222,P2023,Dumbbells,Sports,Fitness,2.00,1599.00,3198.00,0.05,159.90,3038.10,805.10,Lucknow,Uttar Pradesh,North,UPI,Express,2025,9,September,0.265
ORD101109,20-03-2025,CUST1067,Customer_0067,P2018,Face Wash,Beauty,Skincare,2.00,399.00,798.00,0.10,79.80,718.20,251.37,Lucknow,Uttar Pradesh,North,UPI,Express,2025,3,March,0.35
ORD101466,09-06-2024,CUST1400,Customer_0400,P2014,Cookware Set,Home & Kitchen,Kitchen,2.00,2999.00,5998.00,0.10,599.80,5398.20,1133.62,Ahmedabad,Gujarat,West,Credit Card,Standard,2024,6,June,0.21
ORD101512,24-02-2024,CUST1713,Customer_0713,P2022,Yoga Mat,Sports,Fitness,1.00,899.00,899.00,0.20,179.80,719.20,158.22,Noida,Uttar Pradesh,North,UPI,Standard,2024,2,February,0.22
ORD104635,13-04-2024,CUST1774,Customer_0774,P2024,Cricket Bat,Sports,Outdoor,2.00,2499.00,4998.00,0.25,1249.50,3748.50,768.44,Pune,Maharashtra,West,Cash on Delivery,Standard,2024,4,April,0.205
ORD100111,05-12-2024,CUST1021,Customer_0021,P2017,Office Chair,Home & Kitchen,Furniture,1.00,5999.00,5999.00,0.15,899.85,5099.15,994.33,Bengaluru,Karnataka,South,UPI,Standard,2024,12,December,0.195
ORD100626,29-07-2024,CUST1151,Customer_0151,P2011,Sneakers,Clothing,Footwear,1.00,2499.00,2499.00,0.10,249.90,2249.10,652.24,Hyderabad,Telangana,South,Credit Card,Standard,2024,7,July,0.29
ORD101333,13-07-2024,CUST1693,Customer_0693,P2025,Football,Sports,Outdoor,1.00,999.00,999.00,0.00,0.00,999.00,279.72,Chennai,Tamil Nadu,South,UPI,Standard,2024,7,July,0.28
ORD103302,23-02-2025,CUST1411,Customer_0411,P2022,Yoga Mat,Sports,Fitness,2.00,899.00,1798.00,0.05,89.90,1708.10,452.65,Delhi,Delhi,North,Credit Card,Standard,2025,2,February,0.265
ORD104254,14-12-2025,CUST1719,Customer_0719,P2020,Shampoo,Beauty,Haircare,1.00,599.00,599.00,0.00,0.00,599.00,227.62,Noida,Uttar Pradesh,North,UPI,Standard,2025,12,December,0.38
ORD104758,21-07-2025,CUST1114,Customer_0114,P2019,Sunscreen,Beauty,Skincare,1.00,699.00,699.00,0.10,69.90,629.10,220.18,Mumbai,Maharashtra,West,Cash on Delivery,Standard,2025,7,July,0.35
ORD104814,07-07-2025,CUST1224,Customer_0224,P2012,Sandals,Clothing,Footwear,1.00,1299.00,1299.00,0.10,129.90,1169.10,339.04,Jaipur,Rajasthan,North,Debit Card,Standard,2025,7,July,0.29
ORD100277,28-09-2024,CUST1584,Customer_0584,P2021,Perfume,Beauty,Fragrance,1.00,1499.00,1499.00,0.25,374.75,1124.25,342.90,Delhi,Delhi,North,Credit Card,Same Day,2024,9,September,0.305
ORD100367,07-11-2025,CUST1462,Customer_0462,P2009,Kurti,Clothing,Women,2.00,1199.00,2398.00,0.05,119.90,2278.10,694.82,Chennai,Tamil Nadu,South,Debit Card,Express,2025,11,November,0.305
ORD100545,15-10-2024,CUST1566,Customer_0566,P2003,Laptop,Electronics,Computers,2.00,59999.00,119998.00,0.10,11999.80,107998.20,14039.77,Ahmedabad,Gujarat,West,UPI,Standard,2024,10,October,0.13
ORD102890,31-10-2024,CUST1341,Customer_0341,P2005,Keyboard,Electronics,Accessories,1.00,1299.00,1299.00,0.15,194.85,1104.15,126.98,Hyderabad,Telangana,South,Cash on Delivery,Same Day,2024,10,October,0.115
ORD103114,31-08-2024,CUST1578,Customer_0578,P2003,Laptop,Electronics,Computers,2.00,59999.00,119998.00,0.20,23999.60,95998.40,9599.84,Kolkata,West Bengal,East,Debit Card,Standard,2024,8,August,0.1
ORD103148,08-04-2024,CUST1084,Customer_0084,P2001,Smartphone,Electronics,Mobiles,1.00,24999.00,24999.00,0.10,2499.90,22499.10,2924.88,Delhi,Delhi,North,UPI,Standard,2024,4,April,0.13
ORD103701,20-02-2024,CUST1262,Customer_0262,P2018,Face Wash,Beauty,Skincare,2.00,399.00,798.00,0.00,0.00,798.00,303.24,Ahmedabad,Gujarat,West,Credit Card,Standard,2024,2,February,0.38
ORD103783,06-02-2025,CUST1023,Customer_0023,P2013,Mixer Grinder,Home & Kitchen,Kitchen,2.00,3499.00,6998.00,0.15,1049.70,5948.30,1159.92,Mumbai,Maharashtra,West,UPI,Standard,2025,2,February,0.195
ORD104037,08-08-2025,CUST1413,Customer_0413,P2004,Wireless Mouse,Electronics,Accessories,1.00,899.00,899.00,0.00,0.00,899.00,143.84,Delhi,Delhi,North,UPI,Standard,2025,8,August,0.16
ORD104456,16-07-2025,CUST1774,Customer_0774,P2010,Dress,Clothing,Women,1.00,1999.00,1999.00,0.05,99.95,1899.05,579.21,Chennai,Tamil Nadu,South,Debit Card,Standard,2025,7,July,0.305
ORD104787,17-05-2025,CUST1705,Customer_0705,P2024,Cricket Bat,Sports,Outdoor,1.00,2499.00,2499.00,0.10,249.90,2249.10,562.28,Pune,Maharashtra,West,Credit Card,Standard,2025,5,May,0.25
ORD104956,06-06-2024,CUST1489,Customer_0489,P2019,Sunscreen,Beauty,Skincare,1.00,699.00,699.00,0.10,69.90,629.10,220.18,Hyderabad,Telangana,South,Credit Card,Express,2024,6,June,0.35
ORD101307,25-02-2024,CUST1101,Customer_0101,P2009,Kurti,Clothing,Women,1.00,1199.00,1199.00,0.05,59.95,1139.05,347.41,Bengaluru,Karnataka,South,UPI,Express,2024,2,February,0.305
ORD101856,04-01-2025,CUST1515,Customer_0515,P2012,Sandals,Clothing,Footwear,1.00,1299.00,1299.00,0.05,64.95,1234.05,376.39,Pune,Maharashtra,West,Credit Card,Express,2025,1,January,0.305
ORD102115,04-01-2024,CUST1559,Customer_0559,P2007,T-Shirt,Clothing,Men,1.00,799.00,799.00,0.25,199.75,599.25,146.82,Lucknow,Uttar Pradesh,North,Credit Card,Express,2024,1,January,0.245
ORD102607,13-03-2025,CUST1644,Customer_0644,P2018,Face Wash,Beauty,Skincare,1.00,399.00,399.00,0.15,59.85,339.15,113.62,Delhi,Delhi,North,Debit Card,Standard,2025,3,March,0.335
ORD103137,30-03-2024,CUST1608,Customer_0608,P2002,Wireless Earbuds,Electronics,Mobiles,1.00,2999.00,2999.00,0.10,299.90,2699.10,350.88,Hyderabad,Telangana,South,Credit Card,Standard,2024,3,March,0.13
ORD104835,28-10-2024,CUST1498,Customer_0498,P2012,Sandals,Clothing,Footwear,1.00,1299.00,1299.00,0.25,324.75,974.25,238.69,Ahmedabad,Gujarat,West,Credit Card,Standard,2024,10,October,0.245
ORD100359,08-11-2025,CUST1524,Customer_0524,P2008,Jeans,Clothing,Men,1.00,1799.00,1799.00,0.15,269.85,1529.15,420.52,Bengaluru,Karnataka,South,UPI,Standard,2025,11,November,0.275
ORD100422,02-10-2025,CUST1020,Customer_0020,P2009,Kurti,Clothing,Women,3.00,1199.00,3597.00,0.20,719.40,2877.60,748.18,Chennai,Tamil Nadu,South,UPI,Express,2025,10,October,0.26
ORD100975,06-09-2025,CUST1173,Customer_0173,P2008,Jeans,Clothing,Men,1.00,1799.00,1799.00,0.25,449.75,1349.25,330.57,Chennai,Tamil Nadu,South,Debit Card,Express,2025,9,September,0.245
ORD100995,06-05-2025,CUST1106,Customer_0106,P2004,Wireless Mouse,Electronics,Accessories,1.00,899.00,899.00,0.20,179.80,719.20,71.92,Delhi,Delhi,North,Credit Card,Standard,2025,5,May,0.1
ORD101513,23-07-2024,CUST1447,Customer_0447,P2010,Dress,Clothing,Women,2.00,1999.00,3998.00,0.00,0.00,3998.00,1279.36,Hyderabad,Telangana,South,Credit Card,Same Day,2024,7,July,0.32
ORD101593,09-04-2024,CUST1747,Customer_0747,P2004,Wireless Mouse,Electronics,Accessories,1.00,899.00,899.00,0.15,134.85,764.15,87.88,Hyderabad,Telangana,South,Debit Card,Standard,2024,4,April,0.115
ORD101849,27-01-2024,CUST1065,Customer_0065,P2011,Sneakers,Clothing,Footwear,3.00,2499.00,7497.00,0.00,0.00,7497.00,2399.04,Kolkata,West Bengal,East,UPI,Standard,2024,1,January,0.32
ORD101900,30-07-2024,CUST1047,Customer_0047,P2013,Mixer Grinder,Home & Kitchen,Kitchen,1.00,3499.00,3499.00,0.15,524.85,2974.15,579.96,Noida,Uttar Pradesh,North,Credit Card,Express,2024,7,July,0.195
ORD102426,23-06-2024,CUST1495,Customer_0495,P2004,Wireless Mouse,Electronics,Accessories,4.00,899.00,3596.00,0.10,359.60,3236.40,420.73,Ahmedabad,Gujarat,West,UPI,Standard,2024,6,June,0.13
ORD102469,15-10-2025,CUST1194,Customer_0194,P2002,Wireless Earbuds,Electronics,Mobiles,3.00,2999.00,8997.00,0.30,2699.10,6297.90,440.85,Pune,Maharashtra,West,Credit Card,Standard,2025,10,October,0.07
ORD103127,25-10-2024,CUST1569,Customer_0569,P2009,Kurti,Clothing,Women,1.00,1199.00,1199.00,0.05,59.95,1139.05,347.41,Noida,Uttar Pradesh,North,Credit Card,Standard,2024,10,October,0.305
ORD103707,24-03-2024,CUST1797,Customer_0797,P2009,Kurti,Clothing,Women,4.00,1199.00,4796.00,0.15,719.40,4076.60,1121.06,Hyderabad,Telangana,South,Net Banking,Standard,2024,3,March,0.275
ORD104521,29-04-2025,CUST1107,Customer_0107,P2023,Dumbbells,Sports,Fitness,2.00,1599.00,3198.00,0.00,0.00,3198.00,895.44,Lucknow,Uttar Pradesh,North,Debit Card,Standard,2025,4,April,0.28
ORD104592,28-04-2024,CUST1439,Customer_0439,P2007,T-Shirt,Clothing,Men,1.00,799.00,799.00,0.10,79.90,719.10,208.54,Lucknow,Uttar Pradesh,North,Net Banking,Standard,2024,4,April,0.29
ORD100309,11-11-2024,CUST1764,Customer_0764,P2021,Perfume,Beauty,Fragrance,2.00,1499.00,2998.00,0.10,299.80,2698.20,944.37,Jaipur,Rajasthan,North,Credit Card,Standard,2024,11,November,0.35
ORD100320,11-02-2025,CUST1553,Customer_0553,P2005,Keyboard,Electronics,Accessories,3.00,1299.00,3897.00,0.00,0.00,3897.00,623.52,Kolkata,West Bengal,East,UPI,Express,2025,2,February,0.16
ORD100517,27-04-2025,CUST1672,Customer_0672,P2016,Bedsheet Set,Home & Kitchen,Home Decor,3.00,999.00,2997.00,0.00,0.00,2997.00,719.28,Pune,Maharashtra,West,UPI,Express,2025,4,April,0.24
ORD100823,15-05-2025,CUST1042,Customer_0042,P2023,Dumbbells,Sports,Fitness,1.00,1599.00,1599.00,0.20,319.80,1279.20,281.42,Jaipur,Rajasthan,North,Net Banking,Standard,2025,5,May,0.22
ORD101911,07-11-2025,CUST1507,Customer_0507,P2013,Mixer Grinder,Home & Kitchen,Kitchen,2.00,3499.00,6998.00,0.20,1399.60,5598.40,1007.71,Lucknow,Uttar Pradesh,North,UPI,Express,2025,11,November,0.18
ORD102733,28-09-2024,CUST1380,Customer_0380,P2005,Keyboard,Electronics,Accessories,2.00,1299.00,2598.00,0.20,519.60,2078.40,207.84,Delhi,Delhi,North,Debit Card,Standard,2024,9,September,0.1
ORD103385,03-04-2024,CUST1033,Customer_0033,P2011,Sneakers,Clothing,Footwear,1.00,2499.00,2499.00,0.15,374.85,2124.15,584.14,Hyderabad,Telangana,South,Credit Card,Standard,2024,4,April,0.275
ORD103797,19-10-2025,CUST1110,Customer_0110,P2011,Sneakers,Clothing,Footwear,2.00,2499.00,4998.00,0.10,499.80,4498.20,1304.48,Hyderabad,Telangana,South,Debit Card,Express,2025,10,October,0.29
ORD100591,11-07-2025,CUST1114,Customer_0114,P2016,Bedsheet Set,Home & Kitchen,Home Decor,1.00,999.00,999.00,0.20,199.80,799.20,143.86,Bengaluru,Karnataka,South,Credit Card,Standard,2025,7,July,0.18
ORD101945,31-01-2025,CUST1214,Customer_0214,P2015,Table Lamp,Home & Kitchen,Home Decor,1.00,1299.00,1299.00,0.10,129.90,1169.10,245.51,Bengaluru,Karnataka,South,UPI,Standard,2025,1,January,0.21
ORD102190,08-07-2024,CUST1206,Customer_0206,P2002,Wireless Earbuds,Electronics,Mobiles,3.00,2999.00,8997.00,0.25,2249.25,6747.75,573.56,Noida,Uttar Pradesh,North,UPI,Express,2024,7,July,0.085
ORD102310,14-01-2025,CUST1617,Customer_0617,P2009,Kurti,Clothing,Women,2.00,1199.00,2398.00,0.00,0.00,2398.00,767.36,Chennai,Tamil Nadu,South,Credit Card,Same Day,2025,1,January,0.32
ORD103421,25-01-2025,CUST1757,Customer_0757,P2010,Dress,Clothing,Women,1.00,1999.00,1999.00,0.20,399.80,1599.20,415.79,Kolkata,West Bengal,East,Cash on Delivery,Standard,2025,1,January,0.26
ORD103938,13-01-2025,CUST1487,Customer_0487,P2022,Yoga Mat,Sports,Fitness,3.00,899.00,2697.00,0.30,809.10,1887.90,358.70,Hyderabad,Telangana,South,UPI,Standard,2025,1,January,0.19
ORD104181,10-07-2024,CUST1133,Customer_0133,P2012,Sandals,Clothing,Footwear,2.00,1299.00,2598.00,0.05,129.90,2468.10,752.77,Lucknow,Uttar Pradesh,North,Debit Card,Standard,2024,7,July,0.305
ORD100010,01-04-2025,CUST1294,Customer_0294,P2020,Shampoo,Beauty,Haircare,1.00,599.00,599.00,0.15,89.85,509.15,170.57,Delhi,Delhi,North,UPI,Standard,2025,4,April,0.335
ORD103618,15-02-2024,CUST1504,Customer_0504,P2013,Mixer Grinder,Home & Kitchen,Kitchen,4.00,3499.00,13996.00,0.25,3499.00,10497.00,1732.00,Mumbai,Maharashtra,West,Net Banking,Express,2024,2,February,0.165
ORD104027,26-09-2024,CUST1608,Customer_0608,P2017,Office Chair,Home & Kitchen,Furniture,5.00,5999.00,29995.00,0.10,2999.50,26995.50,5669.05,Kolkata,West Bengal,East,UPI,Standard,2024,9,September,0.21
ORD104412,26-03-2025,CUST1487,Customer_0487,P2011,Sneakers,Clothing,Footwear,2.00,2499.00,4998.00,0.05,249.90,4748.10,1448.17,Pune,Maharashtra,West,Cash on Delivery,Standard,2025,3,March,0.305
ORD101204,21-04-2025,CUST1196,Customer_0196,P2014,Cookware Set,Home & Kitchen,Kitchen,5.00,2999.00,14995.00,0.10,1499.50,13495.50,2834.06,Delhi,Delhi,North,Credit Card,Standard,2025,4,April,0.21
ORD101296,26-09-2024,CUST1558,Customer_0558,P2012,Sandals,Clothing,Footwear,1.00,1299.00,1299.00,0.00,0.00,1299.00,415.68,Kolkata,West Bengal,East,UPI,Standard,2024,9,September,0.32
ORD101618,19-08-2024,CUST1610,Customer_0610,P2015,Table Lamp,Home & Kitchen,Home Decor,1.00,1299.00,1299.00,0.20,259.80,1039.20,187.06,Chennai,Tamil Nadu,South,Net Banking,Express,2024,8,August,0.18
ORD101706,02-10-2024,CUST1100,Customer_0100,P2002,Wireless Earbuds,Electronics,Mobiles,2.00,2999.00,5998.00,0.10,599.80,5398.20,701.77,Pune,Maharashtra,West,Debit Card,Standard,2024,10,October,0.13
ORD104054,31-07-2025,CUST1339,Customer_0339,P2013,Mixer Grinder,Home & Kitchen,Kitchen,3.00,3499.00,10497.00,0.10,1049.70,9447.30,1983.93,Pune,Maharashtra,West,Credit Card,Standard,2025,7,July,0.21
ORD104102,04-03-2024,CUST1582,Customer_0582,P2003,Laptop,Electronics,Computers,2.00,59999.00,119998.00,0.30,35999.40,83998.60,5879.90,Jaipur,Rajasthan,North,UPI,Standard,2024,3,March,0.07
ORD100103,03-06-2024,CUST1132,Customer_0132,P2002,Wireless Earbuds,Electronics,Mobiles,2.00,2999.00,5998.00,0.10,599.80,5398.20,701.77,Lucknow,Uttar Pradesh,North,UPI,Express,2024,6,June,0.13
ORD100349,14-12-2025,CUST1476,Customer_0476,P2022,Yoga Mat,Sports,Fitness,1.00,899.00,899.00,0.25,224.75,674.25,138.22,Gurugram,Haryana,North,UPI,Express,2025,12,December,0.205
ORD101157,14-11-2025,CUST1560,Customer_0560,P2010,Dress,Clothing,Women,1.00,1999.00,1999.00,0.00,0.00,1999.00,639.68,Gurugram,Haryana,North,Credit Card,Standard,2025,11,November,0.32
ORD101624,09-04-2024,CUST1228,Customer_0228,P2004,Wireless Mouse,Electronics,Accessories,2.00,899.00,1798.00,0.30,539.40,1258.60,88.10,Hyderabad,Telangana,South,Net Banking,Standard,2024,4,April,0.07
ORD102191,28-03-2024,CUST1315,Customer_0315,P2006,Power Bank,Electronics,Accessories,1.00,1499.00,1499.00,0.30,449.70,1049.30,73.45,Mumbai,Maharashtra,West,Debit Card,Standard,2024,3,March,0.07
ORD102199,15-11-2025,CUST1103,Customer_0103,P2005,Keyboard,Electronics,Accessories,1.00,1299.00,1299.00,0.15,194.85,1104.15,126.98,Noida,Uttar Pradesh,North,Credit Card,Standard,2025,11,November,0.115
ORD103042,18-12-2024,CUST1387,Customer_0387,P2019,Sunscreen,Beauty,Skincare,1.00,699.00,699.00,0.20,139.80,559.20,178.94,Lucknow,Uttar Pradesh,North,Credit Card,Express,2024,12,December,0.32
ORD103043,08-07-2025,CUST1472,Customer_0472,P2023,Dumbbells,Sports,Fitness,1.00,1599.00,1599.00,0.00,0.00,1599.00,447.72,Noida,Uttar Pradesh,North,Credit Card,Standard,2025,7,July,0.28
ORD103894,27-02-2025,CUST1474,Customer_0474,P2008,Jeans,Clothing,Men,2.00,1799.00,3598.00,0.20,719.60,2878.40,748.38,Gurugram,Haryana,North,UPI,Express,2025,2,February,0.26
ORD101359,26-08-2025,CUST1759,Customer_0759,P2013,Mixer Grinder,Home & Kitchen,Kitchen,5.00,3499.00,17495.00,0.15,2624.25,14870.75,2899.80,Chennai,Tamil Nadu,South,Cash on Delivery,Standard,2025,8,August,0.195
ORD101762,20-08-2024,CUST1192,Customer_0192,P2002,Wireless Earbuds,Electronics,Mobiles,2.00,2999.00,5998.00,0.10,599.80,5398.20,701.77,Kolkata,West Bengal,East,Cash on Delivery,Same Day,2024,8,August,0.13
ORD102967,20-07-2025,CUST1558,Customer_0558,P2010,Dress,Clothing,Women,1.00,1999.00,1999.00,0.20,399.80,1599.20,415.79,Chennai,Tamil Nadu,South,Credit Card,Express,2025,7,July,0.26
ORD103129,03-03-2024,CUST1624,Customer_0624,P2015,Table Lamp,Home & Kitchen,Home Decor,2.00,1299.00,2598.00,0.10,259.80,2338.20,491.02,Hyderabad,Telangana,South,Credit Card,Standard,2024,3,March,0.21
ORD104331,31-01-2025,CUST1359,Customer_0359,P2002,Wireless Earbuds,Electronics,Mobiles,3.00,2999.00,8997.00,0.25,2249.25,6747.75,573.56,Lucknow,Uttar Pradesh,North,Debit Card,Standard,2025,1,January,0.085
ORD104857,19-06-2025,CUST1562,Customer_0562,P2015,Table Lamp,Home & Kitchen,Home Decor,2.00,1299.00,2598.00,0.10,259.80,2338.20,491.02,Pune,Maharashtra,West,UPI,Express,2025,6,June,0.21
ORD101116,04-03-2025,CUST1185,Customer_0185,P2017,Office Chair,Home & Kitchen,Furniture,1.00,5999.00,5999.00,0.00,0.00,5999.00,1439.76,Jaipur,Rajasthan,North,Credit Card,Standard,2025,3,March,0.24
ORD101329,02-07-2025,CUST1028,Customer_0028,P2022,Yoga Mat,Sports,Fitness,1.00,899.00,899.00,0.05,44.95,854.05,226.32,Hyderabad,Telangana,South,Credit Card,Standard,2025,7,July,0.265
ORD101729,04-12-2025,CUST1548,Customer_0548,P2006,Power Bank,Electronics,Accessories,1.00,1499.00,1499.00,0.10,149.90,1349.10,175.38,Lucknow,Uttar Pradesh,North,UPI,Standard,2025,12,December,0.13
ORD102444,01-05-2025,CUST1748,Customer_0748,P2018,Face Wash,Beauty,Skincare,1.00,399.00,399.00,0.20,79.80,319.20,102.14,Gurugram,Haryana,North,Credit Card,Express,2025,5,May,0.32
ORD102525,09-08-2025,CUST1601,Customer_0601,P2008,Jeans,Clothing,Men,2.00,1799.00,3598.00,0.15,539.70,3058.30,841.03,Jaipur,Rajasthan,North,UPI,Express,2025,8,August,0.275
ORD104006,29-08-2024,CUST1392,Customer_0392,P2011,Sneakers,Clothing,Footwear,2.00,2499.00,4998.00,0.20,999.60,3998.40,1039.58,Gurugram,Haryana,North,Net Banking,Express,2024,8,August,0.26
ORD104967,02-05-2025,CUST1586,Customer_0586,P2007,T-Shirt,Clothing,Men,4.00,799.00,3196.00,0.10,319.60,2876.40,834.16,Lucknow,Uttar Pradesh,North,Credit Card,Standard,2025,5,May,0.29
ORD100393,02-11-2024,CUST1167,Customer_0167,P2019,Sunscreen,Beauty,Skincare,1.00,699.00,699.00,0.15,104.85,594.15,199.04,Kolkata,West Bengal,East,Net Banking,Express,2024,11,November,0.335
ORD100841,21-03-2024,CUST1478,Customer_0478,P2005,Keyboard,Electronics,Accessories,3.00,1299.00,3897.00,0.10,389.70,3507.30,455.95,Lucknow,Uttar Pradesh,North,UPI,Standard,2024,3,March,0.13
ORD100976,08-02-2025,CUST1036,Customer_0036,P2021,Perfume,Beauty,Fragrance,2.00,1499.00,2998.00,0.10,299.80,2698.20,944.37,Kolkata,West Bengal,East,Credit Card,Standard,2025,2,February,0.35
ORD101541,05-02-2024,CUST1488,Customer_0488,P2003,Laptop,Electronics,Computers,2.00,59999.00,119998.00,0.15,17999.70,101998.30,11729.80,Delhi,Delhi,North,Credit Card,Standard,2024,2,February,0.115
ORD101726,29-05-2025,CUST1233,Customer_0233,P2024,Cricket Bat,Sports,Outdoor,1.00,2499.00,2499.00,0.05,124.95,2374.05,629.12,Pune,Maharashtra,West,Debit Card,Express,2025,5,May,0.265
ORD102033,07-08-2025,CUST1600,Customer_0600,P2017,Office Chair,Home & Kitchen,Furniture,2.00,5999.00,11998.00,0.00,0.00,11998.00,2879.52,Mumbai,Maharashtra,West,Debit Card,Standard,2025,8,August,0.24
ORD102926,13-06-2025,CUST1112,Customer_0112,P2008,Jeans,Clothing,Men,2.00,1799.00,3598.00,0.20,719.60,2878.40,748.38,Bengaluru,Karnataka,South,UPI,Express,2025,6,June,0.26
ORD104930,08-08-2025,CUST1575,Customer_0575,P2008,Jeans,Clothing,Men,4.00,1799.00,7196.00,0.00,0.00,7196.00,2302.72,Kolkata,West Bengal,East,Credit Card,Express,2025,8,August,0.32
ORD100333,24-11-2025,CUST1181,Customer_0181,P2010,Dress,Clothing,Women,1.00,1999.00,1999.00,0.00,0.00,1999.00,639.68,Jaipur,Rajasthan,North,UPI,Standard,2025,11,November,0.32
ORD100444,27-09-2025,CUST1473,Customer_0473,P2021,Perfume,Beauty,Fragrance,1.00,1499.00,1499.00,0.20,299.80,1199.20,383.74,Noida,Uttar Pradesh,North,Debit Card,Standard,2025,9,September,0.32
ORD100827,30-05-2024,CUST1003,Customer_0003,P2014,Cookware Set,Home & Kitchen,Kitchen,1.00,2999.00,2999.00,0.10,299.90,2699.10,566.81,Lucknow,Uttar Pradesh,North,Net Banking,Standard,2024,5,May,0.21
ORD103128,03-05-2024,CUST1372,Customer_0372,P2005,Keyboard,Electronics,Accessories,4.00,1299.00,5196.00,0.15,779.40,4416.60,507.91,Bengaluru,Karnataka,South,Debit Card,Express,2024,5,May,0.115
ORD103881,04-04-2025,CUST1468,Customer_0468,P2016,Bedsheet Set,Home & Kitchen,Home Decor,2.00,999.00,1998.00,0.00,0.00,1998.00,479.52,Bengaluru,Karnataka,South,UPI,Express,2025,4,April,0.24
ORD104334,26-06-2024,CUST1715,Customer_0715,P2013,Mixer Grinder,Home & Kitchen,Kitchen,1.00,3499.00,3499.00,0.10,349.90,3149.10,661.31,Mumbai,Maharashtra,West,Credit Card,Standard,2024,6,June,0.21
ORD104408,20-06-2024,CUST1171,Customer_0171,P2012,Sandals,Clothing,Footwear,4.00,1299.00,5196.00,0.30,1558.80,3637.20,836.56,Lucknow,Uttar Pradesh,North,UPI,Express,2024,6,June,0.23
ORD104625,04-08-2024,CUST1332,Customer_0332,P2011,Sneakers,Clothing,Footwear,1.00,2499.00,2499.00,0.15,374.85,2124.15,584.14,Pune,Maharashtra,West,UPI,Standard,2024,8,August,0.275
ORD100038,16-07-2024,CUST1207,Customer_0207,P2024,Cricket Bat,Sports,Outdoor,4.00,2499.00,9996.00,0.10,999.60,8996.40,2249.10,Noida,Uttar Pradesh,North,Net Banking,Standard,2024,7,July,0.25
ORD102943,09-05-2024,CUST1218,Customer_0218,P2024,Cricket Bat,Sports,Outdoor,1.00,2499.00,2499.00,0.05,124.95,2374.05,629.12,Bengaluru,Karnataka,South,Credit Card,Standard,2024,5,May,0.265
ORD101172,13-02-2024,CUST1382,Customer_0382,P2015,Table Lamp,Home & Kitchen,Home Decor,3.00,1299.00,3897.00,0.10,389.70,3507.30,736.53,Delhi,Delhi,North,Debit Card,Express,2024,2,February,0.21
ORD101330,09-03-2025,CUST1150,Customer_0150,P2011,Sneakers,Clothing,Footwear,5.00,2499.00,12495.00,0.10,1249.50,11245.50,3261.20,Pune,Maharashtra,West,Net Banking,Standard,2025,3,March,0.29
ORD101655,21-03-2024,CUST1506,Customer_0506,P2015,Table Lamp,Home & Kitchen,Home Decor,2.00,1299.00,2598.00,0.10,259.80,2338.20,491.02,Hyderabad,Telangana,South,UPI,Standard,2024,3,March,0.21
ORD103068,30-11-2025,CUST1214,Customer_0214,P2006,Power Bank,Electronics,Accessories,1.00,1499.00,1499.00,0.10,149.90,1349.10,175.38,Lucknow,Uttar Pradesh,North,Net Banking,Express,2025,11,November,0.13
ORD103933,21-03-2025,CUST1152,Customer_0152,P2004,Wireless Mouse,Electronics,Accessories,3.00,899.00,2697.00,0.05,134.85,2562.15,371.51,Jaipur,Rajasthan,North,UPI,Standard,2025,3,March,0.145
ORD104375,25-07-2024,CUST1560,Customer_0560,P2009,Kurti,Clothing,Women,3.00,1199.00,3597.00,0.20,719.40,2877.60,748.18,Chennai,Tamil Nadu,South,Cash on Delivery,Standard,2024,7,July,0.26
ORD104500,04-10-2025,CUST1504,Customer_0504,P2001,Smartphone,Electronics,Mobiles,2.00,24999.00,49998.00,0.05,2499.90,47498.10,6887.22,Pune,Maharashtra,West,UPI,Same Day,2025,10,October,0.145
ORD100492,31-05-2024,CUST1328,Customer_0328,P2002,Wireless Earbuds,Electronics,Mobiles,1.00,2999.00,2999.00,0.00,0.00,2999.00,479.84,Lucknow,Uttar Pradesh,North,UPI,Express,2024,5,May,0.16
ORD101143,01-09-2025,CUST1185,Customer_0185,P2002,Wireless Earbuds,Electronics,Mobiles,1.00,2999.00,2999.00,0.00,0.00,2999.00,479.84,Gurugram,Haryana,North,Credit Card,Standard,2025,9,September,0.16
ORD101501,21-09-2024,CUST1628,Customer_0628,P2007,T-Shirt,Clothing,Men,1.00,799.00,799.00,0.05,39.95,759.05,231.51,Mumbai,Maharashtra,West,Credit Card,Standard,2024,9,September,0.305
ORD103227,23-11-2024,CUST1685,Customer_0685,P2019,Sunscreen,Beauty,Skincare,1.00,699.00,699.00,0.05,34.95,664.05,242.38,Ahmedabad,Gujarat,West,Net Banking,Standard,2024,11,November,0.365
ORD103278,09-03-2024,CUST1646,Customer_0646,P2021,Perfume,Beauty,Fragrance,1.00,1499.00,1499.00,0.05,74.95,1424.05,519.78,Mumbai,Maharashtra,West,UPI,Standard,2024,3,March,0.365
ORD104282,30-03-2024,CUST1400,Customer_0400,P2007,T-Shirt,Clothing,Men,1.00,799.00,799.00,0.15,119.85,679.15,186.77,Noida,Uttar Pradesh,North,Cash on Delivery,Standard,2024,3,March,0.275
ORD104386,01-02-2025,CUST1544,Customer_0544,P2010,Dress,Clothing,Women,2.00,1999.00,3998.00,0.15,599.70,3398.30,934.53,Kolkata,West Bengal,East,Credit Card,Express,2025,2,February,0.275
ORD104637,23-07-2025,CUST1453,Customer_0453,P2004,Wireless Mouse,Electronics,Accessories,1.00,899.00,899.00,0.05,44.95,854.05,123.84,Noida,Uttar Pradesh,North,Credit Card,Express,2025,7,July,0.145
ORD100246,10-02-2025,CUST1338,Customer_0338,P2025,Football,Sports,Outdoor,1.00,999.00,999.00,0.10,99.90,899.10,224.78,Delhi,Delhi,North,Debit Card,Standard,2025,2,February,0.25
ORD100582,19-07-2025,CUST1444,Customer_0444,P2003,Laptop,Electronics,Computers,1.00,59999.00,59999.00,0.25,14999.75,44999.25,3824.94,Ahmedabad,Gujarat,West,Debit Card,Express,2025,7,July,0.085
ORD101718,29-11-2024,CUST1576,Customer_0576,P2009,Kurti,Clothing,Women,2.00,1199.00,2398.00,0.05,119.90,2278.10,694.82,Kolkata,West Bengal,East,UPI,Standard,2024,11,November,0.305
ORD101897,09-10-2024,CUST1066,Customer_0066,P2004,Wireless Mouse,Electronics,Accessories,1.00,899.00,899.00,0.10,89.90,809.10,105.18,Ahmedabad,Gujarat,West,UPI,Express,2024,10,October,0.13
ORD102754,16-06-2025,CUST1150,Customer_0150,P2018,Face Wash,Beauty,Skincare,1.00,399.00,399.00,0.00,0.00,399.00,151.62,Jaipur,Rajasthan,North,Net Banking,Express,2025,6,June,0.38
ORD102844,14-04-2025,CUST1499,Customer_0499,P2020,Shampoo,Beauty,Haircare,1.00,599.00,599.00,0.15,89.85,509.15,170.57,Kolkata,West Bengal,East,Credit Card,Express,2025,4,April,0.335
ORD103117,13-01-2024,CUST1381,Customer_0381,P2023,Dumbbells,Sports,Fitness,1.00,1599.00,1599.00,0.20,319.80,1279.20,281.42,Bengaluru,Karnataka,South,Net Banking,Standard,2024,1,January,0.22
ORD103563,18-12-2025,CUST1008,Customer_0008,P2004,Wireless Mouse,Electronics,Accessories,1.00,899.00,899.00,0.05,44.95,854.05,123.84,Pune,Maharashtra,West,Debit Card,Express,2025,12,December,0.145
ORD103914,30-09-2025,CUST1341,Customer_0341,P2011,Sneakers,Clothing,Footwear,3.00,2499.00,7497.00,0.10,749.70,6747.30,1956.72,Noida,Uttar Pradesh,North,Cash on Delivery,Express,2025,9,September,0.29
ORD100846,24-08-2025,CUST1146,Customer_0146,P2008,Jeans,Clothing,Men,2.00,1799.00,3598.00,0.15,539.70,3058.30,841.03,Noida,Uttar Pradesh,North,Credit Card,Standard,2025,8,August,0.275
ORD100902,19-06-2025,CUST1560,Customer_0560,P2013,Mixer Grinder,Home & Kitchen,Kitchen,1.00,3499.00,3499.00,0.25,874.75,2624.25,433.00,Mumbai,Maharashtra,West,Credit Card,Standard,2025,6,June,0.165
ORD101746,05-03-2025,CUST1456,Customer_0456,P2021,Perfume,Beauty,Fragrance,2.00,1499.00,2998.00,0.00,0.00,2998.00,1139.24,Pune,Maharashtra,West,UPI,Standard,2025,3,March,0.38
ORD101777,25-04-2024,CUST1732,Customer_0732,P2004,Wireless Mouse,Electronics,Accessories,1.00,899.00,899.00,0.20,179.80,719.20,71.92,Gurugram,Haryana,North,Credit Card,Express,2024,4,April,0.1
ORD101797,28-02-2025,CUST1031,Customer_0031,P2020,Shampoo,Beauty,Haircare,2.00,599.00,1198.00,0.15,179.70,1018.30,341.13,Delhi,Delhi,North,UPI,Express,2025,2,February,0.335
ORD102167,02-06-2024,CUST1414,Customer_0414,P2014,Cookware Set,Home & Kitchen,Kitchen,1.00,2999.00,2999.00,0.15,449.85,2549.15,497.08,Lucknow,Uttar Pradesh,North,Cash on Delivery,Standard,2024,6,June,0.195
ORD103763,31-05-2024,CUST1008,Customer_0008,P2020,Shampoo,Beauty,Haircare,2.00,599.00,1198.00,0.10,119.80,1078.20,377.37,Ahmedabad,Gujarat,West,Credit Card,Standard,2024,5,May,0.35
ORD104768,03-08-2025,CUST1362,Customer_0362,P2004,Wireless Mouse,Electronics,Accessories,2.00,899.00,1798.00,0.30,539.40,1258.60,88.10,Noida,Uttar Pradesh,North,UPI,Express,2025,8,August,0.07
ORD103054,25-08-2025,CUST1520,Customer_0520,P2009,Kurti,Clothing,Women,2.00,1199.00,2398.00,0.25,599.50,1798.50,440.63,Hyderabad,Telangana,South,Credit Card,Standard,2025,8,August,0.245
ORD103622,19-08-2025,CUST1503,Customer_0503,P2016,Bedsheet Set,Home & Kitchen,Home Decor,1.00,999.00,999.00,0.10,99.90,899.10,188.81,Kolkata,West Bengal,East,Cash on Delivery,Standard,2025,8,August,0.21
ORD104860,12-04-2024,CUST1310,Customer_0310,P2021,Perfume,Beauty,Fragrance,2.00,1499.00,2998.00,0.10,299.80,2698.20,944.37,Jaipur,Rajasthan,North,Credit Card,Standard,2024,4,April,0.35
ORD100682,18-04-2024,CUST1746,Customer_0746,P2008,Jeans,Clothing,Men,1.00,1799.00,1799.00,0.20,359.80,1439.20,374.19,Lucknow,Uttar Pradesh,North,Debit Card,Standard,2024,4,April,0.26
ORD101878,30-07-2025,CUST1101,Customer_0101,P2012,Sandals,Clothing,Footwear,2.00,1299.00,2598.00,0.10,259.80,2338.20,678.08,Lucknow,Uttar Pradesh,North,Credit Card,Standard,2025,7,July,0.29
ORD102794,13-04-2024,CUST1066,Customer_0066,P2004,Wireless Mouse,Electronics,Accessories,1.00,899.00,899.00,0.15,134.85,764.15,87.88,Noida,Uttar Pradesh,North,UPI,Standard,2024,4,April,0.115
ORD102984,19-10-2024,CUST1217,Customer_0217,P2007,T-Shirt,Clothing,Men,1.00,799.00,799.00,0.05,39.95,759.05,231.51,Pune,Maharashtra,West,UPI,Standard,2024,10,October,0.305
ORD103643,02-07-2025,CUST1635,Customer_0635,P2009,Kurti,Clothing,Women,1.00,1199.00,1199.00,0.10,119.90,1079.10,312.94,Lucknow,Uttar Pradesh,North,UPI,Standard,2025,7,July,0.29
ORD104190,18-12-2024,CUST1234,Customer_0234,P2003,Laptop,Electronics,Computers,1.00,59999.00,59999.00,0.00,0.00,59999.00,9599.84,Noida,Uttar Pradesh,North,Net Banking,Standard,2024,12,December,0.16
ORD101639,24-02-2025,CUST1406,Customer_0406,P2022,Yoga Mat,Sports,Fitness,1.00,899.00,899.00,0.05,44.95,854.05,226.32,Lucknow,Uttar Pradesh,North,Net Banking,Standard,2025,2,February,0.265
ORD102273,27-09-2024,CUST1750,Customer_0750,P2015,Table Lamp,Home & Kitchen,Home Decor,2.00,1299.00,2598.00,0.20,519.60,2078.40,374.11,Kolkata,West Bengal,East,UPI,Express,2024,9,September,0.18
ORD102321,27-01-2025,CUST1037,Customer_0037,P2012,Sandals,Clothing,Footwear,2.00,1299.00,2598.00,0.30,779.40,1818.60,418.28,Noida,Uttar Pradesh,North,UPI,Express,2025,1,January,0.23
ORD102740,01-11-2025,CUST1699,Customer_0699,P2007,T-Shirt,Clothing,Men,1.00,799.00,799.00,0.05,39.95,759.05,231.51,Delhi,Delhi,North,Credit Card,Standard,2025,11,November,0.305
ORD103039,12-05-2025,CUST1065,Customer_0065,P2014,Cookware Set,Home & Kitchen,Kitchen,2.00,2999.00,5998.00,0.15,899.70,5098.30,994.17,Chennai,Tamil Nadu,South,UPI,Express,2025,5,May,0.195
ORD103274,08-08-2025,CUST1141,Customer_0141,P2004,Wireless Mouse,Electronics,Accessories,1.00,899.00,899.00,0.05,44.95,854.05,123.84,Lucknow,Uttar Pradesh,North,Debit Card,Standard,2025,8,August,0.145
ORD103399,15-09-2025,CUST1495,Customer_0495,P2011,Sneakers,Clothing,Footwear,1.00,2499.00,2499.00,0.15,374.85,2124.15,584.14,Pune,Maharashtra,West,Debit Card,Standard,2025,9,September,0.275
ORD103414,29-04-2025,CUST1244,Customer_0244,P2011,Sneakers,Clothing,Footwear,1.00,2499.00,2499.00,0.05,124.95,2374.05,724.09,Bengaluru,Karnataka,South,UPI,Express,2025,4,April,0.305
ORD104099,08-02-2024,CUST1537,Customer_0537,P2013,Mixer Grinder,Home & Kitchen,Kitchen,1.00,3499.00,3499.00,0.00,0.00,3499.00,839.76,Chennai,Tamil Nadu,South,UPI,Standard,2024,2,February,0.24
ORD104446,25-06-2024,CUST1692,Customer_0692,P2007,T-Shirt,Clothing,Men,2.00,799.00,1598.00,0.10,159.80,1438.20,417.08,Chennai,Tamil Nadu,South,UPI,Same Day,2024,6,June,0.29
ORD100419,09-10-2024,CUST1383,Customer_0383,P2009,Kurti,Clothing,Women,1.00,1199.00,1199.00,0.10,119.90,1079.10,312.94,Delhi,Delhi,North,Net Banking,Standard,2024,10,October,0.29
ORD102356,16-02-2025,CUST1520,Customer_0520,P2004,Wireless Mouse,Electronics,Accessories,1.00,899.00,899.00,0.25,224.75,674.25,57.31,Mumbai,Maharashtra,West,UPI,Same Day,2025,2,February,0.085
ORD102520,27-05-2024,CUST1299,Customer_0299,P2011,Sneakers,Clothing,Footwear,2.00,2499.00,4998.00,0.15,749.70,4248.30,1168.28,Chennai,Tamil Nadu,South,UPI,Standard,2024,5,May,0.275
ORD103120,25-09-2025,CUST1238,Customer_0238,P2018,Face Wash,Beauty,Skincare,1.00,399.00,399.00,0.25,99.75,299.25,91.27,Ahmedabad,Gujarat,West,Cash on Delivery,Standard,2025,9,September,0.305
ORD104612,15-09-2025,CUST1463,Customer_0463,P2017,Office Chair,Home & Kitchen,Furniture,1.00,5999.00,5999.00,0.20,1199.80,4799.20,863.86,Hyderabad,Telangana,South,Cash on Delivery,Standard,2025,9,September,0.18
ORD100188,28-11-2025,CUST1150,Customer_0150,P2022,Yoga Mat,Sports,Fitness,3.00,899.00,2697.00,0.05,134.85,2562.15,678.97,Hyderabad,Telangana,South,Cash on Delivery,Standard,2025,11,November,0.265
ORD100787,11-12-2025,CUST1611,Customer_0611,P2014,Cookware Set,Home & Kitchen,Kitchen,2.00,2999.00,5998.00,0.20,1199.60,4798.40,863.71,Pune,Maharashtra,West,Credit Card,Same Day,2025,12,December,0.18
ORD101465,15-02-2025,CUST1326,Customer_0326,P2022,Yoga Mat,Sports,Fitness,2.00,899.00,1798.00,0.15,269.70,1528.30,359.15,Delhi,Delhi,North,UPI,Standard,2025,2,February,0.235
ORD101834,09-02-2024,CUST1136,Customer_0136,P2009,Kurti,Clothing,Women,2.00,1199.00,2398.00,0.10,239.80,2158.20,625.88,Ahmedabad,Gujarat,West,Debit Card,Standard,2024,2,February,0.29
ORD101884,09-02-2025,CUST1694,Customer_0694,P2020,Shampoo,Beauty,Haircare,1.00,599.00,599.00,0.05,29.95,569.05,207.70,Pune,Maharashtra,West,UPI,Same Day,2025,2,February,0.365
ORD101988,05-12-2024,CUST1412,Customer_0412,P2006,Power Bank,Electronics,Accessories,3.00,1499.00,4497.00,0.00,0.00,4497.00,719.52,Hyderabad,Telangana,South,Credit Card,Standard,2024,12,December,0.16
ORD102201,08-12-2025,CUST1348,Customer_0348,P2014,Cookware Set,Home & Kitchen,Kitchen,2.00,2999.00,5998.00,0.05,299.90,5698.10,1282.07,Ahmedabad,Gujarat,West,UPI,Express,2025,12,December,0.225
ORD103312,31-08-2024,CUST1381,Customer_0381,P2020,Shampoo,Beauty,Haircare,1.00,599.00,599.00,0.15,89.85,509.15,170.57,Lucknow,Uttar Pradesh,North,UPI,Standard,2024,8,August,0.335
ORD103322,20-02-2024,CUST1281,Customer_0281,P2008,Jeans,Clothing,Men,1.00,1799.00,1799.00,0.25,449.75,1349.25,330.57,Mumbai,Maharashtra,West,UPI,Standard,2024,2,February,0.245
ORD104734,01-05-2025,CUST1147,Customer_0147,P2002,Wireless Earbuds,Electronics,Mobiles,2.00,2999.00,5998.00,0.10,599.80,5398.20,701.77,Kolkata,West Bengal,East,UPI,Standard,2025,5,May,0.13
ORD100176,02-10-2024,CUST1683,Customer_0683,P2013,Mixer Grinder,Home & Kitchen,Kitchen,1.00,3499.00,3499.00,0.00,0.00,3499.00,839.76,Chennai,Tamil Nadu,South,Net Banking,Express,2024,10,October,0.24
ORD100689,16-01-2025,CUST1456,Customer_0456,P2015,Table Lamp,Home & Kitchen,Home Decor,1.00,1299.00,1299.00,0.05,64.95,1234.05,277.66,Lucknow,Uttar Pradesh,North,Cash on Delivery,Standard,2025,1,January,0.225
ORD100874,21-01-2024,CUST1200,Customer_0200,P2002,Wireless Earbuds,Electronics,Mobiles,1.00,2999.00,2999.00,0.10,299.90,2699.10,350.88,Mumbai,Maharashtra,West,Credit Card,Standard,2024,1,January,0.13
ORD100983,11-12-2024,CUST1385,Customer_0385,P2015,Table Lamp,Home & Kitchen,Home Decor,1.00,1299.00,1299.00,0.00,0.00,1299.00,311.76,Chennai,Tamil Nadu,South,UPI,Express,2024,12,December,0.24
ORD102313,06-11-2024,CUST1145,Customer_0145,P2022,Yoga Mat,Sports,Fitness,1.00,899.00,899.00,0.15,134.85,764.15,179.58,Hyderabad,Telangana,South,Debit Card,Express,2024,11,November,0.235
ORD102970,14-11-2024,CUST1416,Customer_0416,P2016,Bedsheet Set,Home & Kitchen,Home Decor,1.00,999.00,999.00,0.20,199.80,799.20,143.86,Lucknow,Uttar Pradesh,North,Debit Card,Same Day,2024,11,November,0.18
ORD103407,14-10-2024,CUST1651,Customer_0651,P2020,Shampoo,Beauty,Haircare,1.00,599.00,599.00,0.10,59.90,539.10,188.68,Gurugram,Haryana,North,Credit Card,Express,2024,10,October,0.35
ORD104297,18-05-2025,CUST1073,Customer_0073,P2007,T-Shirt,Clothing,Men,1.00,799.00,799.00,0.25,199.75,599.25,146.82,Pune,Maharashtra,West,Credit Card,Standard,2025,5,May,0.245
ORD100029,13-12-2025,CUST1466,Customer_0466,P2003,Laptop,Electronics,Computers,1.00,59999.00,59999.00,0.05,2999.95,56999.05,8264.86,Noida,Uttar Pradesh,North,UPI,Standard,2025,12,December,0.145
ORD101089,02-12-2025,CUST1152,Customer_0152,P2002,Wireless Earbuds,Electronics,Mobiles,2.00,2999.00,5998.00,0.15,899.70,5098.30,586.30,Delhi,Delhi,North,Credit Card,Standard,2025,12,December,0.115
ORD101382,10-04-2024,CUST1428,Customer_0428,P2019,Sunscreen,Beauty,Skincare,2.00,699.00,1398.00,0.05,69.90,1328.10,484.76,Mumbai,Maharashtra,West,Credit Card,Standard,2024,4,April,0.365
ORD102862,21-08-2024,CUST1118,Customer_0118,P2013,Mixer Grinder,Home & Kitchen,Kitchen,1.00,3499.00,3499.00,0.00,0.00,3499.00,839.76,Bengaluru,Karnataka,South,UPI,Same Day,2024,8,August,0.24
ORD102992,17-05-2024,CUST1342,Customer_0342,P2008,Jeans,Clothing,Men,2.00,1799.00,3598.00,0.20,719.60,2878.40,748.38,Mumbai,Maharashtra,West,Credit Card,Standard,2024,5,May,0.26
ORD104056,03-11-2024,CUST1540,Customer_0540,P2021,Perfume,Beauty,Fragrance,3.00,1499.00,4497.00,0.00,0.00,4497.00,1708.86,Chennai,Tamil Nadu,South,Credit Card,Standard,2024,11,November,0.38
ORD104881,29-03-2025,CUST1736,Customer_0736,P2023,Dumbbells,Sports,Fitness,2.00,1599.00,3198.00,0.15,479.70,2718.30,638.80,Jaipur,Rajasthan,North,UPI,Standard,2025,3,March,0.235
ORD100219,24-11-2024,CUST1679,Customer_0679,P2007,T-Shirt,Clothing,Men,1.00,799.00,799.00,0.05,39.95,759.05,231.51,Mumbai,Maharashtra,West,UPI,Standard,2024,11,November,0.305
ORD101487,02-10-2024,CUST1390,Customer_0390,P2006,Power Bank,Electronics,Accessories,3.00,1499.00,4497.00,0.10,449.70,4047.30,526.15,Ahmedabad,Gujarat,West,Debit Card,Standard,2024,10,October,0.13
ORD101623,02-03-2025,CUST1313,Customer_0313,P2020,Shampoo,Beauty,Haircare,3.00,599.00,1797.00,0.10,179.70,1617.30,566.05,Mumbai,Maharashtra,West,Credit Card,Standard,2025,3,March,0.35
ORD102065,11-09-2025,CUST1756,Customer_0756,P2006,Power Bank,Electronics,Accessories,1.00,1499.00,1499.00,0.00,0.00,1499.00,239.84,Ahmedabad,Gujarat,West,UPI,Same Day,2025,9,September,0.16
ORD102903,23-10-2025,CUST1088,Customer_0088,P2015,Table Lamp,Home & Kitchen,Home Decor,5.00,1299.00,6495.00,0.30,1948.50,4546.50,681.98,Jaipur,Rajasthan,North,Credit Card,Express,2025,10,October,0.15
ORD104234,01-04-2024,CUST1517,Customer_0517,P2005,Keyboard,Electronics,Accessories,2.00,1299.00,2598.00,0.25,649.50,1948.50,165.62,Gurugram,Haryana,North,Credit Card,Express,2024,4,April,0.085
ORD104673,11-07-2024,CUST1749,Customer_0749,P2017,Office Chair,Home & Kitchen,Furniture,1.00,5999.00,5999.00,0.25,1499.75,4499.25,742.38,Delhi,Delhi,North,UPI,Standard,2024,7,July,0.165
ORD104964,28-03-2025,CUST1213,Customer_0213,P2020,Shampoo,Beauty,Haircare,1.00,599.00,599.00,0.05,29.95,569.05,207.70,Mumbai,Maharashtra,West,UPI,Standard,2025,3,March,0.365
ORD100208,04-08-2024,CUST1152,Customer_0152,P2011,Sneakers,Clothing,Footwear,1.00,2499.00,2499.00,0.10,249.90,2249.10,652.24,Lucknow,Uttar Pradesh,North,Net Banking,Express,2024,8,August,0.29
ORD100446,20-02-2025,CUST1117,Customer_0117,P2003,Laptop,Electronics,Computers,2.00,59999.00,119998.00,0.10,11999.80,107998.20,14039.77,Pune,Maharashtra,West,UPI,Express,2025,2,February,0.13
ORD100521,11-05-2025,CUST1538,Customer_0538,P2020,Shampoo,Beauty,Haircare,1.00,599.00,599.00,0.15,89.85,509.15,170.57,Ahmedabad,Gujarat,West,Cash on Delivery,Standard,2025,5,May,0.335
ORD100576,12-06-2025,CUST1748,Customer_0748,P2011,Sneakers,Clothing,Footwear,2.00,2499.00,4998.00,0.10,499.80,4498.20,1304.48,Hyderabad,Telangana,South,Debit Card,Express,2025,6,June,0.29
ORD102670,17-01-2025,CUST1600,Customer_0600,P2017,Office Chair,Home & Kitchen,Furniture,5.00,5999.00,29995.00,0.05,1499.75,28495.25,6411.43,Ahmedabad,Gujarat,West,Credit Card,Express,2025,1,January,0.225
ORD102686,27-02-2024,CUST1423,Customer_0423,P2025,Football,Sports,Outdoor,1.00,999.00,999.00,0.20,199.80,799.20,175.82,Mumbai,Maharashtra,West,UPI,Express,2024,2,February,0.22
ORD103147,11-06-2025,CUST1448,Customer_0448,P2021,Perfume,Beauty,Fragrance,1.00,1499.00,1499.00,0.05,74.95,1424.05,519.78,Noida,Uttar Pradesh,North,Net Banking,Standard,2025,6,June,0.365
ORD103751,11-06-2024,CUST1626,Customer_0626,P2003,Laptop,Electronics,Computers,1.00,59999.00,59999.00,0.15,8999.85,50999.15,5864.90,Mumbai,Maharashtra,West,Cash on Delivery,Standard,2024,6,June,0.115
ORD104512,08-03-2024,CUST1461,Customer_0461,P2008,Jeans,Clothing,Men,1.00,1799.00,1799.00,0.20,359.80,1439.20,374.19,Bengaluru,Karnataka,South,Credit Card,Standard,2024,3,March,0.26
ORD104802,14-11-2024,CUST1406,Customer_0406,P2009,Kurti,Clothing,Women,1.00,1199.00,1199.00,0.20,239.80,959.20,249.39,Chennai,Tamil Nadu,South,Credit Card,Standard,2024,11,November,0.26
ORD101308,27-12-2025,CUST1599,Customer_0599,P2015,Table Lamp,Home & Kitchen,Home Decor,2.00,1299.00,2598.00,0.00,0.00,2598.00,623.52,Gurugram,Haryana,North,UPI,Standard,2025,12,December,0.24
ORD102549,02-06-2025,CUST1288,Customer_0288,P2002,Wireless Earbuds,Electronics,Mobiles,1.00,2999.00,2999.00,0.10,299.90,2699.10,350.88,Mumbai,Maharashtra,West,UPI,Express,2025,6,June,0.13
ORD103261,17-02-2025,CUST1557,Customer_0557,P2012,Sandals,Clothing,Footwear,1.00,1299.00,1299.00,0.20,259.80,1039.20,270.19,Noida,Uttar Pradesh,North,Net Banking,Standard,2025,2,February,0.26
ORD103590,18-05-2024,CUST1182,Customer_0182,P2004,Wireless Mouse,Electronics,Accessories,1.00,899.00,899.00,0.15,134.85,764.15,87.88,Chennai,Tamil Nadu,South,Debit Card,Standard,2024,5,May,0.115
ORD104293,20-06-2025,CUST1091,Customer_0091,P2016,Bedsheet Set,Home & Kitchen,Home Decor,1.00,999.00,999.00,0.25,249.75,749.25,123.63,Ahmedabad,Gujarat,West,UPI,Express,2025,6,June,0.165
ORD104660,05-08-2025,CUST1711,Customer_0711,P2021,Perfume,Beauty,Fragrance,2.00,1499.00,2998.00,0.15,449.70,2548.30,853.68,Kolkata,West Bengal,East,UPI,Express,2025,8,August,0.335
ORD100294,30-01-2024,CUST1781,Customer_0781,P2002,Wireless Earbuds,Electronics,Mobiles,2.00,2999.00,5998.00,0.10,599.80,5398.20,701.77,Kolkata,West Bengal,East,UPI,Express,2024,1,January,0.13
ORD100713,26-06-2024,CUST1595,Customer_0595,P2022,Yoga Mat,Sports,Fitness,2.00,899.00,1798.00,0.15,269.70,1528.30,359.15,Hyderabad,Telangana,South,Cash on Delivery,Standard,2024,6,June,0.235
ORD101171,16-07-2024,CUST1369,Customer_0369,P2010,Dress,Clothing,Women,2.00,1999.00,3998.00,0.20,799.60,3198.40,831.58,Delhi,Delhi,North,Net Banking,Express,2024,7,July,0.26
ORD103064,24-07-2024,CUST1463,Customer_0463,P2001,Smartphone,Electronics,Mobiles,2.00,24999.00,49998.00,0.20,9999.60,39998.40,3999.84,Mumbai,Maharashtra,West,Net Banking,Standard,2024,7,July,0.1
ORD103776,29-02-2024,CUST1111,Customer_0111,P2010,Dress,Clothing,Women,1.00,1999.00,1999.00,0.25,499.75,1499.25,367.32,Bengaluru,Karnataka,South,UPI,Express,2024,2,February,0.245
ORD100145,12-09-2024,CUST1616,Customer_0616,P2016,Bedsheet Set,Home & Kitchen,Home Decor,4.00,999.00,3996.00,0.05,199.80,3796.20,854.14,Gurugram,Haryana,North,UPI,Standard,2024,9,September,0.225
ORD101190,03-02-2024,CUST1412,Customer_0412,P2004,Wireless Mouse,Electronics,Accessories,1.00,899.00,899.00,0.05,44.95,854.05,123.84,Delhi,Delhi,North,UPI,Standard,2024,2,February,0.145
ORD101428,12-04-2025,CUST1141,Customer_0141,P2016,Bedsheet Set,Home & Kitchen,Home Decor,1.00,999.00,999.00,0.05,49.95,949.05,213.54,Mumbai,Maharashtra,West,UPI,Express,2025,4,April,0.225
ORD101429,21-02-2024,CUST1221,Customer_0221,P2013,Mixer Grinder,Home & Kitchen,Kitchen,2.00,3499.00,6998.00,0.10,699.80,6298.20,1322.62,Lucknow,Uttar Pradesh,North,Credit Card,Standard,2024,2,February,0.21
ORD102183,04-01-2025,CUST1019,Customer_0019,P2001,Smartphone,Electronics,Mobiles,2.00,24999.00,49998.00,0.15,7499.70,42498.30,4887.30,Pune,Maharashtra,West,Debit Card,Standard,2025,1,January,0.115
ORD103155,22-12-2025,CUST1627,Customer_0627,P2003,Laptop,Electronics,Computers,1.00,59999.00,59999.00,0.20,11999.80,47999.20,4799.92,Mumbai,Maharashtra,West,Debit Card,Standard,2025,12,December,0.1
ORD100627,22-07-2024,CUST1596,Customer_0596,P2012,Sandals,Clothing,Footwear,2.00,1299.00,2598.00,0.15,389.70,2208.30,607.28,Mumbai,Maharashtra,West,Cash on Delivery,Standard,2024,7,July,0.275
ORD100811,07-10-2024,CUST1628,Customer_0628,P2012,Sandals,Clothing,Footwear,2.00,1299.00,2598.00,0.20,519.60,2078.40,540.38,Delhi,Delhi,North,Cash on Delivery,Standard,2024,10,October,0.26
ORD100835,12-01-2025,CUST1687,Customer_0687,P2007,T-Shirt,Clothing,Men,5.00,799.00,3995.00,0.30,1198.50,2796.50,643.20,Mumbai,Maharashtra,West,Net Banking,Standard,2025,1,January,0.23
ORD101233,20-04-2025,CUST1624,Customer_0624,P2025,Football,Sports,Outdoor,1.00,999.00,999.00,0.05,49.95,949.05,251.50,Lucknow,Uttar Pradesh,North,UPI,Standard,2025,4,April,0.265
ORD102032,01-06-2025,CUST1606,Customer_0606,P2015,Table Lamp,Home & Kitchen,Home Decor,1.00,1299.00,1299.00,0.15,194.85,1104.15,215.31,Kolkata,West Bengal,East,Credit Card,Express,2025,6,June,0.195
ORD102119,10-02-2025,CUST1091,Customer_0091,P2010,Dress,Clothing,Women,1.00,1999.00,1999.00,0.10,199.90,1799.10,521.74,Noida,Uttar Pradesh,North,Net Banking,Standard,2025,2,February,0.29
ORD103096,12-10-2025,CUST1572,Customer_0572,P2005,Keyboard,Electronics,Accessories,1.00,1299.00,1299.00,0.00,0.00,1299.00,207.84,Delhi,Delhi,North,UPI,Standard,2025,10,October,0.16
ORD103443,06-05-2024,CUST1283,Customer_0283,P2010,Dress,Clothing,Women,1.00,1999.00,1999.00,0.00,0.00,1999.00,639.68,Pune,Maharashtra,West,UPI,Express,2024,5,May,0.32
ORD104786,28-11-2025,CUST1440,Customer_0440,P2017,Office Chair,Home & Kitchen,Furniture,1.00,5999.00,5999.00,0.15,899.85,5099.15,994.33,Ahmedabad,Gujarat,West,Credit Card,Standard,2025,11,November,0.195
ORD100193,01-02-2024,CUST1055,Customer_0055,P2008,Jeans,Clothing,Men,1.00,1799.00,1799.00,0.25,449.75,1349.25,330.57,Bengaluru,Karnataka,South,UPI,Same Day,2024,2,February,0.245
ORD100727,04-09-2024,CUST1248,Customer_0248,P2001,Smartphone,Electronics,Mobiles,3.00,24999.00,74997.00,0.05,3749.85,71247.15,10330.84,Lucknow,Uttar Pradesh,North,Credit Card,Standard,2024,9,September,0.145
ORD101080,16-01-2025,CUST1581,Customer_0581,P2023,Dumbbells,Sports,Fitness,2.00,1599.00,3198.00,0.10,319.80,2878.20,719.55,Pune,Maharashtra,West,Credit Card,Standard,2025,1,January,0.25
ORD101191,15-05-2025,CUST1710,Customer_0710,P2010,Dress,Clothing,Women,1.00,1999.00,1999.00,0.10,199.90,1799.10,521.74,Mumbai,Maharashtra,West,Credit Card,Standard,2025,5,May,0.29
ORD101199,31-08-2025,CUST1412,Customer_0412,P2022,Yoga Mat,Sports,Fitness,1.00,899.00,899.00,0.20,179.80,719.20,158.22,Delhi,Delhi,North,UPI,Standard,2025,8,August,0.22
ORD101765,01-04-2025,CUST1611,Customer_0611,P2002,Wireless Earbuds,Electronics,Mobiles,3.00,2999.00,8997.00,0.05,449.85,8547.15,1239.34,Jaipur,Rajasthan,North,Debit Card,Standard,2025,4,April,0.145
ORD102583,30-06-2024,CUST1174,Customer_0174,P2008,Jeans,Clothing,Men,1.00,1799.00,1799.00,0.15,269.85,1529.15,420.52,Gurugram,Haryana,North,UPI,Standard,2024,6,June,0.275
ORD102727,30-04-2025,CUST1797,Customer_0797,P2008,Jeans,Clothing,Men,1.00,1799.00,1799.00,0.10,179.90,1619.10,469.54,Lucknow,Uttar Pradesh,North,Net Banking,Standard,2025,4,April,0.29
ORD102999,23-08-2025,CUST1660,Customer_0660,P2002,Wireless Earbuds,Electronics,Mobiles,1.00,2999.00,2999.00,0.20,599.80,2399.20,239.92,Mumbai,Maharashtra,West,UPI,Express,2025,8,August,0.1
ORD103432,18-07-2025,CUST1161,Customer_0161,P2022,Yoga Mat,Sports,Fitness,1.00,899.00,899.00,0.10,89.90,809.10,202.28,Pune,Maharashtra,West,Net Banking,Same Day,2025,7,July,0.25
ORD103504,24-12-2024,CUST1050,Customer_0050,P2013,Mixer Grinder,Home & Kitchen,Kitchen,2.00,3499.00,6998.00,0.00,0.00,6998.00,1679.52,Jaipur,Rajasthan,North,UPI,Express,2024,12,December,0.24
ORD104080,18-12-2024,CUST1106,Customer_0106,P2011,Sneakers,Clothing,Footwear,3.00,2499.00,7497.00,0.10,749.70,6747.30,1956.72,Jaipur,Rajasthan,North,Net Banking,Standard,2024,12,December,0.29
ORD104211,16-06-2024,CUST1366,Customer_0366,P2017,Office Chair,Home & Kitchen,Furniture,3.00,5999.00,17997.00,0.00,0.00,17997.00,4319.28,Pune,Maharashtra,West,Credit Card,Standard,2024,6,June,0.24
ORD104622,21-09-2024,CUST1779,Customer_0779,P2025,Football,Sports,Outdoor,1.00,999.00,999.00,0.05,49.95,949.05,251.50,Ahmedabad,Gujarat,West,Debit Card,Express,2024,9,September,0.265
ORD100368,06-12-2025,CUST1703,Customer_0703,P2019,Sunscreen,Beauty,Skincare,2.00,699.00,1398.00,0.05,69.90,1328.10,484.76,Jaipur,Rajasthan,North,Credit Card,Standard,2025,12,December,0.365
ORD100572,02-04-2024,CUST1594,Customer_0594,P2006,Power Bank,Electronics,Accessories,3.00,1499.00,4497.00,0.05,224.85,4272.15,619.46,Chennai,Tamil Nadu,South,Credit Card,Same Day,2024,4,April,0.145
ORD100814,18-10-2024,CUST1198,Customer_0198,P2014,Cookware Set,Home & Kitchen,Kitchen,4.00,2999.00,11996.00,0.20,2399.20,9596.80,1727.42,Chennai,Tamil Nadu,South,Debit Card,Express,2024,10,October,0.18
ORD101130,29-01-2024,CUST1413,Customer_0413,P2024,Cricket Bat,Sports,Outdoor,1.00,2499.00,2499.00,0.15,374.85,2124.15,499.18,Hyderabad,Telangana,South,UPI,Express,2024,1,January,0.235
ORD102101,30-01-2025,CUST1669,Customer_0669,P2021,Perfume,Beauty,Fragrance,1.00,1499.00,1499.00,0.15,224.85,1274.15,426.84,Kolkata,West Bengal,East,Credit Card,Standard,2025,1,January,0.335
ORD103281,20-02-2024,CUST1204,Customer_0204,P2006,Power Bank,Electronics,Accessories,4.00,1499.00,5996.00,0.05,299.80,5696.20,825.95,Noida,Uttar Pradesh,North,Credit Card,Standard,2024,2,February,0.145
ORD104387,15-06-2024,CUST1393,Customer_0393,P2014,Cookware Set,Home & Kitchen,Kitchen,1.00,2999.00,2999.00,0.10,299.90,2699.10,566.81,Jaipur,Rajasthan,North,Cash on Delivery,Standard,2024,6,June,0.21
ORD100631,08-08-2025,CUST1208,Customer_0208,P2003,Laptop,Electronics,Computers,1.00,59999.00,59999.00,0.08,4799.92,55199.08,7507.07,Jaipur,Rajasthan,North,Credit Card,Same Day,2025,8,August,0.136
ORD101528,07-08-2024,CUST1034,Customer_0034,P2025,Football,Sports,Outdoor,1.00,999.00,999.00,0.23,229.77,769.23,162.31,Jaipur,Rajasthan,North,UPI,Express,2024,8,August,0.211
ORD103396,14-08-2024,CUST1569,Customer_0569,P2004,Wireless Mouse,Electronics,Accessories,1.00,899.00,899.00,0.13,116.87,782.13,94.64,Noida,Uttar Pradesh,North,UPI,Standard,2024,8,August,0.121
ORD103686,24-10-2025,CUST1559,Customer_0559,P2016,Bedsheet Set,Home & Kitchen,Home Decor,1.00,999.00,999.00,0.18,179.82,819.18,152.37,Noida,Uttar Pradesh,North,Net Banking,Standard,2025,10,October,0.186
ORD104907,18-08-2024,CUST1029,Customer_0029,P2004,Wireless Mouse,Electronics,Accessories,2.00,899.00,1798.00,0.23,413.54,1384.46,125.99,Ahmedabad,Gujarat,West,Credit Card,Standard,2024,8,August,0.091
ORD104950,24-11-2025,CUST1535,Customer_0535,P2007,T-Shirt,Clothing,Men,1.00,799.00,799.00,0.13,103.87,695.13,195.33,Noida,Uttar Pradesh,North,UPI,Standard,2025,11,November,0.281
ORD100045,30-07-2024,CUST1352,Customer_0352,P2014,Cookware Set,Home & Kitchen,Kitchen,2.00,2999.00,5998.00,0.13,779.74,5218.26,1048.87,Mumbai,Maharashtra,West,Net Banking,Standard,2024,7,July,0.201
ORD101377,02-10-2024,CUST1019,Customer_0019,P2001,Smartphone,Electronics,Mobiles,1.00,24999.00,24999.00,0.13,3249.87,21749.13,2631.64,Delhi,Delhi,North,Net Banking,Express,2024,10,October,0.121
ORD101597,29-10-2025,CUST1739,Customer_0739,P2002,Wireless Earbuds,Electronics,Mobiles,1.00,2999.00,2999.00,0.03,89.97,2909.03,439.26,Kolkata,West Bengal,East,Debit Card,Standard,2025,10,October,0.151
ORD102277,23-02-2025,CUST1792,Customer_0792,P2017,Office Chair,Home & Kitchen,Furniture,1.00,5999.00,5999.00,0.13,779.87,5219.13,1049.05,Kolkata,West Bengal,East,Credit Card,Express,2025,2,February,0.201
ORD103633,09-06-2025,CUST1110,Customer_0110,P2008,Jeans,Clothing,Men,1.00,1799.00,1799.00,0.18,323.82,1475.18,392.40,Kolkata,West Bengal,East,Cash on Delivery,Standard,2025,6,June,0.266
ORD103867,21-01-2024,CUST1634,Customer_0634,P2011,Sneakers,Clothing,Footwear,1.00,2499.00,2499.00,0.08,199.92,2299.08,680.53,Mumbai,Maharashtra,West,UPI,Express,2024,1,January,0.296
ORD104546,29-11-2025,CUST1564,Customer_0564,P2016,Bedsheet Set,Home & Kitchen,Home Decor,2.00,999.00,1998.00,0.18,359.64,1638.36,304.73,Kolkata,West Bengal,East,UPI,Standard,2025,11,November,0.186
ORD100663,10-01-2024,CUST1167,Customer_0167,P2019,Sunscreen,Beauty,Skincare,2.00,699.00,1398.00,0.23,321.54,1076.46,334.78,Bengaluru,Karnataka,South,Net Banking,Express,2024,1,January,0.311
ORD101577,30-04-2025,CUST1353,Customer_0353,P2011,Sneakers,Clothing,Footwear,1.00,2499.00,2499.00,0.13,324.87,2174.13,610.93,Lucknow,Uttar Pradesh,North,Credit Card,Standard,2025,4,April,0.281
ORD103143,15-05-2024,CUST1162,Customer_0162,P2006,Power Bank,Electronics,Accessories,2.00,1499.00,2998.00,0.08,239.84,2758.16,375.11,Jaipur,Rajasthan,North,Credit Card,Same Day,2024,5,May,0.136
ORD103214,24-10-2025,CUST1179,Customer_0179,P2001,Smartphone,Electronics,Mobiles,2.00,24999.00,49998.00,0.33,16499.34,33498.66,2043.42,Ahmedabad,Gujarat,West,Credit Card,Express,2025,10,October,0.061
ORD103954,26-06-2024,CUST1661,Customer_0661,P2024,Cricket Bat,Sports,Outdoor,2.00,2499.00,4998.00,0.08,399.84,4598.16,1177.13,Gurugram,Haryana,North,Credit Card,Express,2024,6,June,0.256
ORD104573,07-09-2025,CUST1155,Customer_0155,P2023,Dumbbells,Sports,Fitness,1.00,1599.00,1599.00,0.13,207.87,1391.13,335.26,Delhi,Delhi,North,Debit Card,Standard,2025,9,September,0.241
ORD104945,09-01-2024,CUST1606,Customer_0606,P2005,Keyboard,Electronics,Accessories,2.00,1299.00,2598.00,0.18,467.64,2130.36,225.82,Mumbai,Maharashtra,West,Net Banking,Standard,2024,1,January,0.106
ORD101454,17-08-2024,CUST1311,Customer_0311,P2011,Sneakers,Clothing,Footwear,2.00,2499.00,4998.00,0.03,149.94,4848.06,1507.75,Chennai,Tamil Nadu,South,Credit Card,Standard,2024,8,August,0.311
ORD101546,15-09-2024,CUST1174,Customer_0174,P2025,Football,Sports,Outdoor,3.00,999.00,2997.00,0.03,89.91,2907.09,787.82,Mumbai,Maharashtra,West,Credit Card,Express,2024,9,September,0.271
ORD103046,14-09-2025,CUST1514,Customer_0514,P2009,Kurti,Clothing,Women,2.00,1199.00,2398.00,0.18,431.64,1966.36,523.05,Hyderabad,Telangana,South,Debit Card,Same Day,2025,9,September,0.266
ORD103136,08-11-2024,CUST1638,Customer_0638,P2018,Face Wash,Beauty,Skincare,1.00,399.00,399.00,0.18,71.82,327.18,106.66,Bengaluru,Karnataka,South,Cash on Delivery,Standard,2024,11,November,0.326
ORD103733,30-12-2025,CUST1419,Customer_0419,P2014,Cookware Set,Home & Kitchen,Kitchen,2.00,2999.00,5998.00,0.13,779.74,5218.26,1048.87,Kolkata,West Bengal,East,UPI,Express,2025,12,December,0.201
ORD104151,27-12-2025,CUST1669,Customer_0669,P2017,Office Chair,Home & Kitchen,Furniture,2.00,5999.00,11998.00,0.28,3359.44,8638.56,1347.62,Ahmedabad,Gujarat,West,Credit Card,Standard,2025,12,December,0.156
ORD104233,20-10-2025,CUST1616,Customer_0616,P2017,Office Chair,Home & Kitchen,Furniture,2.00,5999.00,11998.00,0.28,3359.44,8638.56,1347.62,Mumbai,Maharashtra,West,Cash on Delivery,Standard,2025,10,October,0.156
ORD104442,08-10-2024,CUST1704,Customer_0704,P2016,Bedsheet Set,Home & Kitchen,Home Decor,1.00,999.00,999.00,0.13,129.87,869.13,174.70,Bengaluru,Karnataka,South,Cash on Delivery,Same Day,2024,10,October,0.201
ORD104620,09-03-2025,CUST1207,Customer_0207,P2008,Jeans,Clothing,Men,1.00,1799.00,1799.00,0.13,233.87,1565.13,439.80,Kolkata,West Bengal,East,UPI,Standard,2025,3,March,0.281
ORD104764,20-01-2025,CUST1363,Customer_0363,P2020,Shampoo,Beauty,Haircare,1.00,599.00,599.00,0.03,17.97,581.03,215.56,Ahmedabad,Gujarat,West,UPI,Standard,2025,1,January,0.371
ORD104893,23-12-2024,CUST1337,Customer_0337,P2011,Sneakers,Clothing,Footwear,2.00,2499.00,4998.00,0.13,649.74,4348.26,1221.86,Mumbai,Maharashtra,West,Net Banking,Express,2024,12,December,0.281
ORD100269,15-04-2025,CUST1696,Customer_0696,P2006,Power Bank,Electronics,Accessories,1.00,1499.00,1499.00,0.03,44.97,1454.03,219.56,Bengaluru,Karnataka,South,Debit Card,Same Day,2025,4,April,0.151
ORD100901,15-09-2024,CUST1473,Customer_0473,P2011,Sneakers,Clothing,Footwear,3.00,2499.00,7497.00,0.13,974.61,6522.39,1832.79,Mumbai,Maharashtra,West,UPI,Standard,2024,9,September,0.281
ORD101105,11-08-2024,CUST1658,Customer_0658,P2004,Wireless Mouse,Electronics,Accessories,1.00,899.00,899.00,0.13,116.87,782.13,94.64,Ahmedabad,Gujarat,West,UPI,Same Day,2024,8,August,0.121
ORD101385,22-04-2025,CUST1127,Customer_0127,P2005,Keyboard,Electronics,Accessories,2.00,1299.00,2598.00,0.13,337.74,2260.26,273.49,Ahmedabad,Gujarat,West,UPI,Express,2025,4,April,0.121
ORD102577,05-11-2024,CUST1328,Customer_0328,P2013,Mixer Grinder,Home & Kitchen,Kitchen,1.00,3499.00,3499.00,0.23,804.77,2694.23,460.71,Lucknow,Uttar Pradesh,North,Debit Card,Same Day,2024,11,November,0.171
ORD102627,24-11-2025,CUST1334,Customer_0334,P2010,Dress,Clothing,Women,1.00,1999.00,1999.00,0.13,259.87,1739.13,488.70,Bengaluru,Karnataka,South,UPI,Express,2025,11,November,0.281
ORD102767,17-06-2025,CUST1788,Customer_0788,P2004,Wireless Mouse,Electronics,Accessories,2.00,899.00,1798.00,0.08,143.84,1654.16,224.97,Gurugram,Haryana,North,Net Banking,Express,2025,6,June,0.136
ORD104599,30-09-2025,CUST1024,Customer_0024,P2014,Cookware Set,Home & Kitchen,Kitchen,3.00,2999.00,8997.00,0.08,719.76,8277.24,1787.88,Ahmedabad,Gujarat,West,Debit Card,Standard,2025,9,September,0.216
ORD101022,10-02-2025,CUST1639,Customer_0639,P2011,Sneakers,Clothing,Footwear,2.00,2499.00,4998.00,0.28,1399.44,3598.56,849.26,Jaipur,Rajasthan,North,Debit Card,Express,2025,2,February,0.236
ORD103292,21-08-2025,CUST1119,Customer_0119,P2012,Sandals,Clothing,Footwear,2.00,1299.00,2598.00,0.13,337.74,2260.26,635.13,Hyderabad,Telangana,South,Net Banking,Express,2025,8,August,0.281
ORD103552,14-04-2024,CUST1481,Customer_0481,P2002,Wireless Earbuds,Electronics,Mobiles,1.00,2999.00,2999.00,0.13,389.87,2609.13,315.70,Hyderabad,Telangana,South,Debit Card,Standard,2024,4,April,0.121
ORD104007,08-01-2024,CUST1036,Customer_0036,P2011,Sneakers,Clothing,Footwear,4.00,2499.00,9996.00,0.13,1299.48,8696.52,2443.72,Bengaluru,Karnataka,South,UPI,Standard,2024,1,January,0.281
ORD100061,07-06-2025,CUST1280,Customer_0280,P2017,Office Chair,Home & Kitchen,Furniture,1.00,5999.00,5999.00,0.13,779.87,5219.13,1049.05,Chennai,Tamil Nadu,South,UPI,Standard,2025,6,June,0.201
ORD101659,09-11-2025,CUST1016,Customer_0016,P2004,Wireless Mouse,Electronics,Accessories,4.00,899.00,3596.00,0.08,287.68,3308.32,449.93,Mumbai,Maharashtra,West,Credit Card,Standard,2025,11,November,0.136
ORD102435,18-01-2025,CUST1640,Customer_0640,P2006,Power Bank,Electronics,Accessories,1.00,1499.00,1499.00,0.23,344.77,1154.23,105.03,Delhi,Delhi,North,Credit Card,Express,2025,1,January,0.091
ORD102946,28-07-2025,CUST1038,Customer_0038,P2017,Office Chair,Home & Kitchen,Furniture,2.00,5999.00,11998.00,0.08,959.84,11038.16,2384.24,Bengaluru,Karnataka,South,Credit Card,Same Day,2025,7,July,0.216
ORD103094,24-10-2025,CUST1313,Customer_0313,P2001,Smartphone,Electronics,Mobiles,1.00,24999.00,24999.00,0.08,1999.92,22999.08,3127.87,Ahmedabad,Gujarat,West,Credit Card,Standard,2025,10,October,0.136
ORD103457,31-08-2025,CUST1063,Customer_0063,P2009,Kurti,Clothing,Women,1.00,1199.00,1199.00,0.03,35.97,1163.03,361.70,Gurugram,Haryana,North,UPI,Standard,2025,8,August,0.311
ORD103497,15-09-2025,CUST1600,Customer_0600,P2010,Dress,Clothing,Women,2.00,1999.00,3998.00,0.08,319.84,3678.16,1088.74,Kolkata,West Bengal,East,UPI,Express,2025,9,September,0.296
ORD103651,16-10-2024,CUST1553,Customer_0553,P2014,Cookware Set,Home & Kitchen,Kitchen,1.00,2999.00,2999.00,0.13,389.87,2609.13,524.44,Hyderabad,Telangana,South,Debit Card,Standard,2024,10,October,0.201
ORD100684,01-11-2024,CUST1778,Customer_0778,P2009,Kurti,Clothing,Women,1.00,1199.00,1199.00,0.03,35.97,1163.03,361.70,Gurugram,Haryana,North,UPI,Express,2024,11,November,0.311
ORD100842,01-12-2025,CUST1643,Customer_0643,P2011,Sneakers,Clothing,Footwear,3.00,2499.00,7497.00,0.18,1349.46,6147.54,1635.25,Noida,Uttar Pradesh,North,Cash on Delivery,Express,2025,12,December,0.266
ORD102860,20-04-2024,CUST1639,Customer_0639,P2008,Jeans,Clothing,Men,1.00,1799.00,1799.00,0.03,53.97,1745.03,542.70,Ahmedabad,Gujarat,West,UPI,Standard,2024,4,April,0.311
ORD104841,08-05-2025,CUST1691,Customer_0691,P2012,Sandals,Clothing,Footwear,1.00,1299.00,1299.00,0.13,168.87,1130.13,317.57,Delhi,Delhi,North,Credit Card,Standard,2025,5,May,0.281
ORD100634,06-03-2024,CUST1616,Customer_0616,P2015,Table Lamp,Home & Kitchen,Home Decor,2.00,1299.00,2598.00,0.18,467.64,2130.36,396.25,Mumbai,Maharashtra,West,Debit Card,Express,2024,3,March,0.186
ORD101027,10-12-2024,CUST1575,Customer_0575,P2012,Sandals,Clothing,Footwear,1.00,1299.00,1299.00,0.28,363.72,935.28,220.73,Bengaluru,Karnataka,South,Net Banking,Standard,2024,12,December,0.236
ORD101759,10-10-2024,CUST1294,Customer_0294,P2009,Kurti,Clothing,Women,2.00,1199.00,2398.00,0.13,311.74,2086.26,586.24,Jaipur,Rajasthan,North,Net Banking,Express,2024,10,October,0.281
ORD103101,17-10-2025,CUST1289,Customer_0289,P2013,Mixer Grinder,Home & Kitchen,Kitchen,2.00,3499.00,6998.00,0.08,559.84,6438.16,1390.64,Gurugram,Haryana,North,UPI,Same Day,2025,10,October,0.216
ORD103595,28-11-2024,CUST1614,Customer_0614,P2009,Kurti,Clothing,Women,2.00,1199.00,2398.00,0.03,71.94,2326.06,723.40,Chennai,Tamil Nadu,South,Cash on Delivery,Standard,2024,11,November,0.311
ORD103998,10-10-2024,CUST1251,Customer_0251,P2022,Yoga Mat,Sports,Fitness,3.00,899.00,2697.00,0.13,350.61,2346.39,565.48,Ahmedabad,Gujarat,West,Credit Card,Standard,2024,10,October,0.241
ORD104016,24-09-2024,CUST1553,Customer_0553,P2013,Mixer Grinder,Home & Kitchen,Kitchen,1.00,3499.00,3499.00,0.33,1154.67,2344.33,330.55,Delhi,Delhi,North,Debit Card,Standard,2024,9,September,0.141
ORD104869,02-11-2025,CUST1683,Customer_0683,P2010,Dress,Clothing,Women,2.00,1999.00,3998.00,0.08,319.84,3678.16,1088.74,Lucknow,Uttar Pradesh,North,Cash on Delivery,Same Day,2025,11,November,0.296
ORD100138,29-12-2025,CUST1154,Customer_0154,P2008,Jeans,Clothing,Men,2.00,1799.00,3598.00,0.08,287.84,3310.16,979.81,Jaipur,Rajasthan,North,Credit Card,Express,2025,12,December,0.296
ORD100296,29-10-2025,CUST1110,Customer_0110,P2013,Mixer Grinder,Home & Kitchen,Kitchen,2.00,3499.00,6998.00,0.08,559.84,6438.16,1390.64,Pune,Maharashtra,West,Credit Card,Standard,2025,10,October,0.216
ORD101086,01-11-2024,CUST1402,Customer_0402,P2022,Yoga Mat,Sports,Fitness,2.00,899.00,1798.00,0.28,503.44,1294.56,253.73,Ahmedabad,Gujarat,West,UPI,Express,2024,11,November,0.196
ORD102240,11-07-2024,CUST1377,Customer_0377,P2024,Cricket Bat,Sports,Outdoor,2.00,2499.00,4998.00,0.23,1149.54,3848.46,812.03,Lucknow,Uttar Pradesh,North,Cash on Delivery,Standard,2024,7,July,0.211
ORD102681,02-06-2024,CUST1334,Customer_0334,P2001,Smartphone,Electronics,Mobiles,1.00,24999.00,24999.00,0.18,4499.82,20499.18,2172.91,Bengaluru,Karnataka,South,Credit Card,Standard,2024,6,June,0.106
ORD102718,13-06-2025,CUST1244,Customer_0244,P2005,Keyboard,Electronics,Accessories,1.00,1299.00,1299.00,0.18,233.82,1065.18,112.91,Chennai,Tamil Nadu,South,Credit Card,Standard,2025,6,June,0.106
ORD103158,03-09-2024,CUST1051,Customer_0051,P2017,Office Chair,Home & Kitchen,Furniture,1.00,5999.00,5999.00,0.13,779.87,5219.13,1049.05,Kolkata,West Bengal,East,Cash on Delivery,Express,2024,9,September,0.201
ORD103734,28-02-2024,CUST1158,Customer_0158,P2005,Keyboard,Electronics,Accessories,3.00,1299.00,3897.00,0.23,896.31,3000.69,273.06,Lucknow,Uttar Pradesh,North,Credit Card,Same Day,2024,2,February,0.091
ORD100638,06-09-2025,CUST1609,Customer_0609,P2025,Football,Sports,Outdoor,2.00,999.00,1998.00,0.18,359.64,1638.36,370.27,Noida,Uttar Pradesh,North,Debit Card,Standard,2025,9,September,0.226
ORD101646,17-02-2025,CUST1443,Customer_0443,P2013,Mixer Grinder,Home & Kitchen,Kitchen,1.00,3499.00,3499.00,0.18,629.82,2869.18,533.67,Delhi,Delhi,North,Credit Card,Standard,2025,2,February,0.186
ORD102760,07-11-2025,CUST1764,Customer_0764,P2015,Table Lamp,Home & Kitchen,Home Decor,1.00,1299.00,1299.00,0.18,233.82,1065.18,198.12,Gurugram,Haryana,North,UPI,Express,2025,11,November,0.186
ORD102800,23-11-2024,CUST1680,Customer_0680,P2009,Kurti,Clothing,Women,3.00,1199.00,3597.00,0.08,287.76,3309.24,979.54,Jaipur,Rajasthan,North,Credit Card,Standard,2024,11,November,0.296
ORD103029,28-11-2025,CUST1318,Customer_0318,P2011,Sneakers,Clothing,Footwear,1.00,2499.00,2499.00,0.08,199.92,2299.08,680.53,Lucknow,Uttar Pradesh,North,UPI,Standard,2025,11,November,0.296
ORD103334,23-05-2024,CUST1257,Customer_0257,P2006,Power Bank,Electronics,Accessories,1.00,1499.00,1499.00,0.13,194.87,1304.13,157.80,Jaipur,Rajasthan,North,Credit Card,Express,2024,5,May,0.121
ORD103454,27-01-2024,CUST1211,Customer_0211,P2020,Shampoo,Beauty,Haircare,1.00,599.00,599.00,0.08,47.92,551.08,196.18,Chennai,Tamil Nadu,South,Cash on Delivery,Same Day,2024,1,January,0.356
ORD104220,02-11-2025,CUST1269,Customer_0269,P2016,Bedsheet Set,Home & Kitchen,Home Decor,4.00,999.00,3996.00,0.13,519.48,3476.52,698.78,Noida,Uttar Pradesh,North,Debit Card,Same Day,2025,11,November,0.201
ORD102244,24-05-2025,CUST1076,Customer_0076,P2023,Dumbbells,Sports,Fitness,1.00,1599.00,1599.00,0.13,207.87,1391.13,335.26,Bengaluru,Karnataka,South,Credit Card,Standard,2025,5,May,0.241
ORD102660,29-10-2024,CUST1072,Customer_0072,P2017,Office Chair,Home & Kitchen,Furniture,3.00,5999.00,17997.00,0.08,1439.76,16557.24,3576.36,Delhi,Delhi,North,Net Banking,Standard,2024,10,October,0.216
ORD100396,22-09-2024,CUST1442,Customer_0442,P2006,Power Bank,Electronics,Accessories,1.00,1499.00,1499.00,0.08,119.92,1379.08,187.55,Gurugram,Haryana,North,Credit Card,Standard,2024,9,September,0.136
ORD100714,04-03-2025,CUST1768,Customer_0768,P2001,Smartphone,Electronics,Mobiles,1.00,24999.00,24999.00,0.13,3249.87,21749.13,2631.64,Chennai,Tamil Nadu,South,Credit Card,Express,2025,3,March,0.121
ORD101270,18-02-2025,CUST1761,Customer_0761,P2012,Sandals,Clothing,Footwear,1.00,1299.00,1299.00,0.18,233.82,1065.18,283.34,Jaipur,Rajasthan,North,Net Banking,Standard,2025,2,February,0.266
ORD101346,01-02-2025,CUST1536,Customer_0536,P2014,Cookware Set,Home & Kitchen,Kitchen,1.00,2999.00,2999.00,0.18,539.82,2459.18,457.41,Delhi,Delhi,North,Credit Card,Standard,2025,2,February,0.186
ORD101405,06-02-2024,CUST1581,Customer_0581,P2017,Office Chair,Home & Kitchen,Furniture,2.00,5999.00,11998.00,0.03,359.94,11638.06,2688.39,Hyderabad,Telangana,South,Credit Card,Standard,2024,2,February,0.231
ORD101496,20-08-2025,CUST1712,Customer_0712,P2019,Sunscreen,Beauty,Skincare,2.00,699.00,1398.00,0.13,181.74,1216.26,414.74,Kolkata,West Bengal,East,Net Banking,Standard,2025,8,August,0.341
ORD102151,26-12-2025,CUST1443,Customer_0443,P2014,Cookware Set,Home & Kitchen,Kitchen,1.00,2999.00,2999.00,0.03,89.97,2909.03,671.99,Pune,Maharashtra,West,Net Banking,Same Day,2025,12,December,0.231
ORD102823,08-08-2025,CUST1413,Customer_0413,P2020,Shampoo,Beauty,Haircare,2.00,599.00,1198.00,0.18,215.64,982.36,320.25,Delhi,Delhi,North,UPI,Standard,2025,8,August,0.326
ORD103232,13-07-2024,CUST1280,Customer_0280,P2020,Shampoo,Beauty,Haircare,1.00,599.00,599.00,0.23,137.77,461.23,143.44,Mumbai,Maharashtra,West,UPI,Standard,2024,7,July,0.311
ORD103511,17-12-2024,CUST1482,Customer_0482,P2021,Perfume,Beauty,Fragrance,3.00,1499.00,4497.00,0.13,584.61,3912.39,1334.12,Ahmedabad,Gujarat,West,UPI,Standard,2024,12,December,0.341
ORD103746,31-12-2025,CUST1516,Customer_0516,P2011,Sneakers,Clothing,Footwear,1.00,2499.00,2499.00,0.08,199.92,2299.08,680.53,Jaipur,Rajasthan,North,UPI,Standard,2025,12,December,0.296
ORD104696,15-08-2024,CUST1627,Customer_0627,P2004,Wireless Mouse,Electronics,Accessories,1.00,899.00,899.00,0.13,116.87,782.13,94.64,Pune,Maharashtra,West,UPI,Express,2024,8,August,0.121
ORD102617,03-12-2025,CUST1387,Customer_0387,P2005,Keyboard,Electronics,Accessories,2.00,1299.00,2598.00,0.23,597.54,2000.46,182.04,Noida,Uttar Pradesh,North,UPI,Standard,2025,12,December,0.091
ORD103768,01-07-2025,CUST1084,Customer_0084,P2002,Wireless Earbuds,Electronics,Mobiles,2.00,2999.00,5998.00,0.33,1979.34,4018.66,245.14,Pune,Maharashtra,West,UPI,Standard,2025,7,July,0.061
ORD103896,15-10-2025,CUST1711,Customer_0711,P2009,Kurti,Clothing,Women,1.00,1199.00,1199.00,0.28,335.72,863.28,203.73,Jaipur,Rajasthan,North,Credit Card,Standard,2025,10,October,0.236
ORD104627,02-05-2025,CUST1751,Customer_0751,P2012,Sandals,Clothing,Footwear,2.00,1299.00,2598.00,0.28,727.44,1870.56,441.45,Delhi,Delhi,North,UPI,Same Day,2025,5,May,0.236
ORD104630,18-11-2025,CUST1354,Customer_0354,P2005,Keyboard,Electronics,Accessories,1.00,1299.00,1299.00,0.18,233.82,1065.18,112.91,Kolkata,West Bengal,East,UPI,Standard,2025,11,November,0.106
ORD100324,02-01-2025,CUST1116,Customer_0116,P2016,Bedsheet Set,Home & Kitchen,Home Decor,1.00,999.00,999.00,0.33,329.67,669.33,94.38,Noida,Uttar Pradesh,North,Debit Card,Same Day,2025,1,January,0.141
ORD100335,03-06-2025,CUST1727,Customer_0727,P2006,Power Bank,Electronics,Accessories,1.00,1499.00,1499.00,0.13,194.87,1304.13,157.80,Kolkata,West Bengal,East,Net Banking,Standard,2025,6,June,0.121
ORD104128,03-11-2024,CUST1102,Customer_0102,P2018,Face Wash,Beauty,Skincare,1.00,399.00,399.00,0.13,51.87,347.13,118.37,Bengaluru,Karnataka,South,UPI,Express,2024,11,November,0.341
ORD104894,23-06-2024,CUST1364,Customer_0364,P2010,Dress,Clothing,Women,1.00,1999.00,1999.00,0.23,459.77,1539.23,386.35,Gurugram,Haryana,North,Net Banking,Standard,2024,6,June,0.251
ORD101887,04-11-2025,CUST1380,Customer_0380,P2002,Wireless Earbuds,Electronics,Mobiles,5.00,2999.00,14995.00,0.28,4198.60,10796.40,820.53,Bengaluru,Karnataka,South,Cash on Delivery,Standard,2025,11,November,0.076
ORD102180,25-07-2025,CUST1425,Customer_0425,P2011,Sneakers,Clothing,Footwear,2.00,2499.00,4998.00,0.28,1399.44,3598.56,849.26,Jaipur,Rajasthan,North,UPI,Standard,2025,7,July,0.236
ORD102268,04-07-2024,CUST1622,Customer_0622,P2017,Office Chair,Home & Kitchen,Furniture,1.00,5999.00,5999.00,0.18,1079.82,4919.18,914.97,Pune,Maharashtra,West,Debit Card,Standard,2024,7,July,0.186
ORD103571,27-10-2024,CUST1773,Customer_0773,P2007,T-Shirt,Clothing,Men,1.00,799.00,799.00,0.03,23.97,775.03,241.03,Bengaluru,Karnataka,South,Credit Card,Same Day,2024,10,October,0.311
ORD103647,09-04-2024,CUST1287,Customer_0287,P2009,Kurti,Clothing,Women,1.00,1199.00,1199.00,0.08,95.92,1103.08,326.51,Lucknow,Uttar Pradesh,North,Credit Card,Express,2024,4,April,0.296
ORD103726,27-04-2025,CUST1647,Customer_0647,P2019,Sunscreen,Beauty,Skincare,2.00,699.00,1398.00,0.08,111.84,1286.16,457.87,Bengaluru,Karnataka,South,Debit Card,Standard,2025,4,April,0.356
ORD103744,11-05-2024,CUST1486,Customer_0486,P2005,Keyboard,Electronics,Accessories,2.00,1299.00,2598.00,0.03,77.94,2520.06,380.53,Jaipur,Rajasthan,North,Debit Card,Express,2024,5,May,0.151
ORD104231,21-09-2024,CUST1759,Customer_0759,P2005,Keyboard,Electronics,Accessories,1.00,1299.00,1299.00,0.23,298.77,1000.23,91.02,Kolkata,West Bengal,East,Net Banking,Same Day,2024,9,September,0.091
ORD104424,26-07-2025,CUST1264,Customer_0264,P2005,Keyboard,Electronics,Accessories,2.00,1299.00,2598.00,0.13,337.74,2260.26,273.49,Kolkata,West Bengal,East,UPI,Express,2025,7,July,0.121
ORD104777,06-07-2024,CUST1370,Customer_0370,P2010,Dress,Clothing,Women,3.00,1999.00,5997.00,0.08,479.76,5517.24,1633.10,Mumbai,Maharashtra,West,Debit Card,Express,2024,7,July,0.296
ORD104842,27-11-2025,CUST1112,Customer_0112,P2007,T-Shirt,Clothing,Men,2.00,799.00,1598.00,0.08,127.84,1470.16,435.17,Mumbai,Maharashtra,West,UPI,Standard,2025,11,November,0.296
ORD100199,09-12-2024,CUST1076,Customer_0076,P2016,Bedsheet Set,Home & Kitchen,Home Decor,1.00,999.00,999.00,0.08,79.92,919.08,198.52,Lucknow,Uttar Pradesh,North,UPI,Express,2024,12,December,0.216
ORD100828,01-11-2025,CUST1663,Customer_0663,P2019,Sunscreen,Beauty,Skincare,1.00,699.00,699.00,0.03,20.97,678.03,251.55,Delhi,Delhi,North,UPI,Standard,2025,11,November,0.371
ORD101435,01-04-2024,CUST1408,Customer_0408,P2013,Mixer Grinder,Home & Kitchen,Kitchen,1.00,3499.00,3499.00,0.13,454.87,3044.13,611.87,Ahmedabad,Gujarat,West,Credit Card,Express,2024,4,April,0.201
ORD101943,15-08-2024,CUST1604,Customer_0604,P2016,Bedsheet Set,Home & Kitchen,Home Decor,3.00,999.00,2997.00,0.08,239.76,2757.24,595.56,Pune,Maharashtra,West,Debit Card,Standard,2024,8,August,0.216
ORD102024,29-12-2024,CUST1068,Customer_0068,P2011,Sneakers,Clothing,Footwear,2.00,2499.00,4998.00,0.23,1149.54,3848.46,965.96,Ahmedabad,Gujarat,West,Credit Card,Same Day,2024,12,December,0.251
ORD102877,16-08-2024,CUST1576,Customer_0576,P2016,Bedsheet Set,Home & Kitchen,Home Decor,3.00,999.00,2997.00,0.08,239.76,2757.24,595.56,Chennai,Tamil Nadu,South,UPI,Standard,2024,8,August,0.216
ORD104091,10-11-2024,CUST1325,Customer_0325,P2002,Wireless Earbuds,Electronics,Mobiles,4.00,2999.00,11996.00,0.23,2759.08,9236.92,840.56,Gurugram,Haryana,North,Net Banking,Standard,2024,11,November,0.091
ORD104915,06-03-2025,CUST1379,Customer_0379,P2015,Table Lamp,Home & Kitchen,Home Decor,2.00,1299.00,2598.00,0.08,207.84,2390.16,516.27,Lucknow,Uttar Pradesh,North,Debit Card,Express,2025,3,March,0.216
ORD100483,05-12-2024,CUST1537,Customer_0537,P2019,Sunscreen,Beauty,Skincare,1.00,699.00,699.00,0.03,20.97,678.03,251.55,Noida,Uttar Pradesh,North,Net Banking,Standard,2024,12,December,0.371
ORD100610,15-01-2025,CUST1155,Customer_0155,P2016,Bedsheet Set,Home & Kitchen,Home Decor,1.00,999.00,999.00,0.28,279.72,719.28,112.21,Lucknow,Uttar Pradesh,North,Net Banking,Standard,2025,1,January,0.156
ORD100858,23-09-2024,CUST1181,Customer_0181,P2023,Dumbbells,Sports,Fitness,4.00,1599.00,6396.00,0.03,191.88,6204.12,1681.32,Chennai,Tamil Nadu,South,Credit Card,Standard,2024,9,September,0.271
ORD100941,22-08-2025,CUST1727,Customer_0727,P2024,Cricket Bat,Sports,Outdoor,1.00,2499.00,2499.00,0.18,449.82,2049.18,463.11,Bengaluru,Karnataka,South,UPI,Same Day,2025,8,August,0.226
ORD101151,28-10-2024,CUST1482,Customer_0482,P2023,Dumbbells,Sports,Fitness,5.00,1599.00,7995.00,0.13,1039.35,6955.65,1676.31,Mumbai,Maharashtra,West,UPI,Same Day,2024,10,October,0.241
ORD101979,19-04-2025,CUST1506,Customer_0506,P2013,Mixer Grinder,Home & Kitchen,Kitchen,1.00,3499.00,3499.00,0.18,629.82,2869.18,533.67,Ahmedabad,Gujarat,West,UPI,Standard,2025,4,April,0.186
ORD102401,30-04-2024,CUST1599,Customer_0599,P2009,Kurti,Clothing,Women,2.00,1199.00,2398.00,0.18,431.64,1966.36,523.05,Ahmedabad,Gujarat,West,UPI,Standard,2024,4,April,0.266
ORD103444,26-04-2025,CUST1310,Customer_0310,P2018,Face Wash,Beauty,Skincare,1.00,399.00,399.00,0.08,31.92,367.08,130.68,Noida,Uttar Pradesh,North,Credit Card,Standard,2025,4,April,0.356
ORD104073,24-02-2024,CUST1748,Customer_0748,P2017,Office Chair,Home & Kitchen,Furniture,5.00,5999.00,29995.00,0.23,6898.85,23096.15,3949.44,Noida,Uttar Pradesh,North,Credit Card,Standard,2024,2,February,0.171
ORD104093,11-10-2025,CUST1108,Customer_0108,P2010,Dress,Clothing,Women,1.00,1999.00,1999.00,0.23,459.77,1539.23,386.35,Bengaluru,Karnataka,South,UPI,Standard,2025,10,October,0.251
ORD100650,20-08-2025,CUST1298,Customer_0298,P2018,Face Wash,Beauty,Skincare,1.00,399.00,399.00,0.18,71.82,327.18,106.66,Ahmedabad,Gujarat,West,Net Banking,Standard,2025,8,August,0.326
ORD101118,17-08-2025,CUST1137,Customer_0137,P2016,Bedsheet Set,Home & Kitchen,Home Decor,1.00,999.00,999.00,0.23,229.77,769.23,131.54,Lucknow,Uttar Pradesh,North,Credit Card,Same Day,2025,8,August,0.171
ORD101705,27-09-2025,CUST1590,Customer_0590,P2005,Keyboard,Electronics,Accessories,2.00,1299.00,2598.00,0.18,467.64,2130.36,225.82,Ahmedabad,Gujarat,West,Debit Card,Standard,2025,9,September,0.106
ORD102434,13-03-2024,CUST1365,Customer_0365,P2015,Table Lamp,Home & Kitchen,Home Decor,2.00,1299.00,2598.00,0.08,207.84,2390.16,516.27,Kolkata,West Bengal,East,Credit Card,Standard,2024,3,March,0.216
ORD102518,28-04-2025,CUST1590,Customer_0590,P2009,Kurti,Clothing,Women,1.00,1199.00,1199.00,0.33,395.67,803.33,177.54,Mumbai,Maharashtra,West,Cash on Delivery,Standard,2025,4,April,0.221
ORD103206,18-07-2024,CUST1479,Customer_0479,P2023,Dumbbells,Sports,Fitness,3.00,1599.00,4797.00,0.18,863.46,3933.54,888.98,Jaipur,Rajasthan,North,UPI,Express,2024,7,July,0.226
ORD103516,27-05-2025,CUST1392,Customer_0392,P2009,Kurti,Clothing,Women,1.00,1199.00,1199.00,0.28,335.72,863.28,203.73,Mumbai,Maharashtra,West,Credit Card,Same Day,2025,5,May,0.236
ORD103525,02-05-2024,CUST1179,Customer_0179,P2020,Shampoo,Beauty,Haircare,3.00,599.00,1797.00,0.13,233.61,1563.39,533.12,Noida,Uttar Pradesh,North,Net Banking,Standard,2024,5,May,0.341
ORD104115,28-11-2025,CUST1109,Customer_0109,P2001,Smartphone,Electronics,Mobiles,2.00,24999.00,49998.00,0.18,8999.64,40998.36,4345.83,Bengaluru,Karnataka,South,Net Banking,Standard,2025,11,November,0.106
ORD104290,25-01-2025,CUST1741,Customer_0741,P2005,Keyboard,Electronics,Accessories,4.00,1299.00,5196.00,0.08,415.68,4780.32,650.12,Mumbai,Maharashtra,West,Cash on Delivery,Standard,2025,1,January,0.136
ORD104464,26-06-2025,CUST1410,Customer_0410,P2004,Wireless Mouse,Electronics,Accessories,2.00,899.00,1798.00,0.13,233.74,1564.26,189.28,Noida,Uttar Pradesh,North,UPI,Standard,2025,6,June,0.121
ORD104850,01-11-2024,CUST1059,Customer_0059,P2021,Perfume,Beauty,Fragrance,2.00,1499.00,2998.00,0.13,389.74,2608.26,889.42,Jaipur,Rajasthan,North,UPI,Express,2024,11,November,0.341
ORD102620,27-02-2025,CUST1791,Customer_0791,P2014,Cookware Set,Home & Kitchen,Kitchen,1.00,2999.00,2999.00,0.08,239.92,2759.08,595.96,Gurugram,Haryana,North,Cash on Delivery,Standard,2025,2,February,0.216
ORD104008,25-02-2024,CUST1194,Customer_0194,P2023,Dumbbells,Sports,Fitness,1.00,1599.00,1599.00,0.13,207.87,1391.13,335.26,Bengaluru,Karnataka,South,Net Banking,Standard,2024,2,February,0.241
ORD104886,03-06-2024,CUST1618,Customer_0618,P2014,Cookware Set,Home & Kitchen,Kitchen,4.00,2999.00,11996.00,0.13,1559.48,10436.52,2097.74,Ahmedabad,Gujarat,West,UPI,Standard,2024,6,June,0.201
ORD100560,20-05-2024,CUST1525,Customer_0525,P2012,Sandals,Clothing,Footwear,3.00,1299.00,3897.00,0.13,506.61,3390.39,952.70,Kolkata,West Bengal,East,UPI,Express,2024,5,May,0.281
ORD100755,24-07-2024,CUST1104,Customer_0104,P2018,Face Wash,Beauty,Skincare,2.00,399.00,798.00,0.18,143.64,654.36,213.32,Noida,Uttar Pradesh,North,UPI,Standard,2024,7,July,0.326
ORD101136,16-12-2024,CUST1142,Customer_0142,P2005,Keyboard,Electronics,Accessories,1.00,1299.00,1299.00,0.13,168.87,1130.13,136.75,Jaipur,Rajasthan,North,Credit Card,Standard,2024,12,December,0.121
ORD102642,23-02-2025,CUST1130,Customer_0130,P2008,Jeans,Clothing,Men,1.00,1799.00,1799.00,0.03,53.97,1745.03,542.70,Hyderabad,Telangana,South,UPI,Standard,2025,2,February,0.311
ORD103575,06-08-2025,CUST1214,Customer_0214,P2011,Sneakers,Clothing,Footwear,1.00,2499.00,2499.00,0.13,324.87,2174.13,610.93,Bengaluru,Karnataka,South,Credit Card,Standard,2025,8,August,0.281
ORD103705,13-04-2025,CUST1063,Customer_0063,P2018,Face Wash,Beauty,Skincare,2.00,399.00,798.00,0.08,63.84,734.16,261.36,Hyderabad,Telangana,South,UPI,Express,2025,4,April,0.356
ORD103787,26-05-2024,CUST1783,Customer_0783,P2012,Sandals,Clothing,Footwear,1.00,1299.00,1299.00,0.13,168.87,1130.13,317.57,Hyderabad,Telangana,South,UPI,Standard,2024,5,May,0.281
ORD100159,19-11-2024,CUST1227,Customer_0227,P2004,Wireless Mouse,Electronics,Accessories,1.00,899.00,899.00,0.18,161.82,737.18,78.14,Bengaluru,Karnataka,South,Credit Card,Express,2024,11,November,0.106
ORD100322,03-07-2024,CUST1365,Customer_0365,P2015,Table Lamp,Home & Kitchen,Home Decor,2.00,1299.00,2598.00,0.23,597.54,2000.46,342.08,Noida,Uttar Pradesh,North,UPI,Express,2024,7,July,0.171
ORD101508,23-03-2024,CUST1412,Customer_0412,P2015,Table Lamp,Home & Kitchen,Home Decor,1.00,1299.00,1299.00,0.08,103.92,1195.08,258.14,Noida,Uttar Pradesh,North,UPI,Standard,2024,3,March,0.216
ORD103222,14-05-2025,CUST1735,Customer_0735,P2025,Football,Sports,Outdoor,1.00,999.00,999.00,0.13,129.87,869.13,209.46,Hyderabad,Telangana,South,Cash on Delivery,Standard,2025,5,May,0.241
ORD103653,06-12-2024,CUST1602,Customer_0602,P2008,Jeans,Clothing,Men,1.00,1799.00,1799.00,0.28,503.72,1295.28,305.69,Bengaluru,Karnataka,South,Net Banking,Express,2024,12,December,0.236
ORD103789,08-10-2025,CUST1761,Customer_0761,P2009,Kurti,Clothing,Women,1.00,1199.00,1199.00,0.13,155.87,1043.13,293.12,Delhi,Delhi,North,Credit Card,Standard,2025,10,October,0.281
ORD104028,30-06-2024,CUST1183,Customer_0183,P2025,Football,Sports,Outdoor,2.00,999.00,1998.00,0.18,359.64,1638.36,370.27,Gurugram,Haryana,North,Debit Card,Standard,2024,6,June,0.226
ORD102404,16-11-2024,CUST1118,Customer_0118,P2016,Bedsheet Set,Home & Kitchen,Home Decor,2.00,999.00,1998.00,0.13,259.74,1738.26,349.39,Bengaluru,Karnataka,South,Credit Card,Standard,2024,11,November,0.201
ORD102708,11-10-2025,CUST1744,Customer_0744,P2023,Dumbbells,Sports,Fitness,3.00,1599.00,4797.00,0.13,623.61,4173.39,1005.79,Jaipur,Rajasthan,North,Net Banking,Express,2025,10,October,0.241
ORD103050,29-02-2024,CUST1508,Customer_0508,P2005,Keyboard,Electronics,Accessories,2.00,1299.00,2598.00,0.08,207.84,2390.16,325.06,Jaipur,Rajasthan,North,UPI,Express,2024,2,February,0.136
ORD103855,05-01-2024,CUST1633,Customer_0633,P2008,Jeans,Clothing,Men,2.00,1799.00,3598.00,0.08,287.84,3310.16,979.81,Kolkata,West Bengal,East,Debit Card,Standard,2024,1,January,0.296
ORD100407,07-04-2025,CUST1441,Customer_0441,P2006,Power Bank,Electronics,Accessories,2.00,1499.00,2998.00,0.03,89.94,2908.06,439.12,Kolkata,West Bengal,East,UPI,Standard,2025,4,April,0.151
ORD101449,07-10-2024,CUST1201,Customer_0201,P2012,Sandals,Clothing,Footwear,3.00,1299.00,3897.00,0.18,701.46,3195.54,850.01,Jaipur,Rajasthan,North,Debit Card,Express,2024,10,October,0.266
ORD102604,02-08-2024,CUST1150,Customer_0150,P2015,Table Lamp,Home & Kitchen,Home Decor,1.00,1299.00,1299.00,0.13,168.87,1130.13,227.16,Lucknow,Uttar Pradesh,North,UPI,Standard,2024,8,August,0.201
ORD102814,21-06-2024,CUST1043,Customer_0043,P2018,Face Wash,Beauty,Skincare,1.00,399.00,399.00,0.03,11.97,387.03,143.59,Bengaluru,Karnataka,South,Credit Card,Standard,2024,6,June,0.371
ORD103003,13-08-2025,CUST1139,Customer_0139,P2001,Smartphone,Electronics,Mobiles,2.00,24999.00,49998.00,0.23,11499.54,38498.46,3503.36,Jaipur,Rajasthan,North,UPI,Express,2025,8,August,0.091
ORD103380,11-06-2024,CUST1577,Customer_0577,P2009,Kurti,Clothing,Women,2.00,1199.00,2398.00,0.03,71.94,2326.06,723.40,Hyderabad,Telangana,South,UPI,Standard,2024,6,June,0.311
ORD104292,16-05-2025,CUST1336,Customer_0336,P2002,Wireless Earbuds,Electronics,Mobiles,1.00,2999.00,2999.00,0.23,689.77,2309.23,210.14,Pune,Maharashtra,West,Net Banking,Standard,2025,5,May,0.091
ORD104708,31-03-2024,CUST1073,Customer_0073,P2003,Laptop,Electronics,Computers,1.00,59999.00,59999.00,0.03,1799.97,58199.03,8788.05,Lucknow,Uttar Pradesh,North,Credit Card,Standard,2024,3,March,0.151
ORD101050,12-05-2024,CUST1535,Customer_0535,P2009,Kurti,Clothing,Women,1.00,1199.00,1199.00,0.23,275.77,923.23,231.73,Delhi,Delhi,North,Net Banking,Express,2024,5,May,0.251
ORD102732,21-09-2025,CUST1277,Customer_0277,P2014,Cookware Set,Home & Kitchen,Kitchen,1.00,2999.00,2999.00,0.28,839.72,2159.28,336.85,Ahmedabad,Gujarat,West,Credit Card,Standard,2025,9,September,0.156
ORD103291,20-03-2025,CUST1678,Customer_0678,P2011,Sneakers,Clothing,Footwear,3.00,2499.00,7497.00,0.13,974.61,6522.39,1832.79,Jaipur,Rajasthan,North,Credit Card,Express,2025,3,March,0.281
ORD103477,10-10-2025,CUST1327,Customer_0327,P2001,Smartphone,Electronics,Mobiles,1.00,24999.00,24999.00,0.03,749.97,24249.03,3661.60,Pune,Maharashtra,West,UPI,Express,2025,10,October,0.151
ORD103642,15-03-2025,CUST1697,Customer_0697,P2022,Yoga Mat,Sports,Fitness,1.00,899.00,899.00,0.18,161.82,737.18,166.60,Noida,Uttar Pradesh,North,Debit Card,Same Day,2025,3,March,0.226
ORD100430,17-02-2025,CUST1380,Customer_0380,P2016,Bedsheet Set,Home & Kitchen,Home Decor,1.00,999.00,999.00,0.13,129.87,869.13,174.70,Delhi,Delhi,North,Credit Card,Standard,2025,2,February,0.201
ORD101056,15-03-2025,CUST1014,Customer_0014,P2012,Sandals,Clothing,Footwear,3.00,1299.00,3897.00,0.03,116.91,3780.09,1175.61,Gurugram,Haryana,North,Debit Card,Express,2025,3,March,0.311
ORD101510,03-05-2025,CUST1316,Customer_0316,P2010,Dress,Clothing,Women,1.00,1999.00,1999.00,0.13,259.87,1739.13,488.70,Noida,Uttar Pradesh,North,UPI,Standard,2025,5,May,0.281
ORD102440,27-01-2025,CUST1505,Customer_0505,P2003,Laptop,Electronics,Computers,2.00,59999.00,119998.00,0.03,3599.94,116398.06,17576.11,Jaipur,Rajasthan,North,Net Banking,Express,2025,1,January,0.151
ORD102548,05-01-2024,CUST1188,Customer_0188,P2025,Football,Sports,Outdoor,2.00,999.00,1998.00,0.33,659.34,1338.66,242.30,Kolkata,West Bengal,East,Cash on Delivery,Standard,2024,1,January,0.181
ORD103115,08-02-2024,CUST1769,Customer_0769,P2014,Cookware Set,Home & Kitchen,Kitchen,2.00,2999.00,5998.00,0.23,1379.54,4618.46,789.76,Bengaluru,Karnataka,South,UPI,Standard,2024,2,February,0.171
ORD103360,30-06-2025,CUST1631,Customer_0631,P2025,Football,Sports,Outdoor,5.00,999.00,4995.00,0.33,1648.35,3346.65,605.74,Gurugram,Haryana,North,UPI,Same Day,2025,6,June,0.181
ORD101168,23-07-2024,CUST1036,Customer_0036,P2025,Football,Sports,Outdoor,2.00,999.00,1998.00,0.03,59.94,1938.06,525.21,Hyderabad,Telangana,South,UPI,Same Day,2024,7,July,0.271
ORD101894,17-01-2025,CUST1367,Customer_0367,P2012,Sandals,Clothing,Footwear,1.00,1299.00,1299.00,0.33,428.67,870.33,192.34,Gurugram,Haryana,North,Net Banking,Express,2025,1,January,0.221
ORD103293,15-01-2024,CUST1428,Customer_0428,P2002,Wireless Earbuds,Electronics,Mobiles,2.00,2999.00,5998.00,0.18,1079.64,4918.36,521.35,Noida,Uttar Pradesh,North,Debit Card,Standard,2024,1,January,0.106
ORD104327,25-11-2024,CUST1077,Customer_0077,P2007,T-Shirt,Clothing,Men,2.00,799.00,1598.00,0.33,527.34,1070.66,236.62,Kolkata,West Bengal,East,Cash on Delivery,Standard,2024,11,November,0.221
ORD104434,27-06-2025,CUST1378,Customer_0378,P2019,Sunscreen,Beauty,Skincare,1.00,699.00,699.00,0.13,90.87,608.13,207.37,Noida,Uttar Pradesh,North,UPI,Standard,2025,6,June,0.341
ORD104959,14-07-2024,CUST1744,Customer_0744,P2003,Laptop,Electronics,Computers,1.00,59999.00,59999.00,0.18,10799.82,49199.18,5215.11,Hyderabad,Telangana,South,UPI,Standard,2024,7,July,0.106
ORD100450,19-01-2024,CUST1519,Customer_0519,P2001,Smartphone,Electronics,Mobiles,5.00,24999.00,124995.00,0.18,22499.10,102495.90,10864.57,Ahmedabad,Gujarat,West,UPI,Express,2024,1,January,0.106
ORD101953,23-11-2025,CUST1726,Customer_0726,P2025,Football,Sports,Outdoor,2.00,999.00,1998.00,0.13,259.74,1738.26,418.92,Pune,Maharashtra,West,Cash on Delivery,Express,2025,11,November,0.241
ORD103195,05-01-2024,CUST1633,Customer_0633,P2025,Football,Sports,Outdoor,1.00,999.00,999.00,0.13,129.87,869.13,209.46,Lucknow,Uttar Pradesh,North,Net Banking,Standard,2024,1,January,0.241
ORD103252,03-10-2025,CUST1689,Customer_0689,P2013,Mixer Grinder,Home & Kitchen,Kitchen,1.00,3499.00,3499.00,0.08,279.92,3219.08,695.32,Hyderabad,Telangana,South,Debit Card,Standard,2025,10,October,0.216
ORD100493,11-09-2024,CUST1110,Customer_0110,P2002,Wireless Earbuds,Electronics,Mobiles,1.00,2999.00,2999.00,0.18,539.82,2459.18,260.67,Delhi,Delhi,North,Credit Card,Standard,2024,9,September,0.106
ORD100726,19-08-2024,CUST1751,Customer_0751,P2011,Sneakers,Clothing,Footwear,1.00,2499.00,2499.00,0.18,449.82,2049.18,545.08,Pune,Maharashtra,West,Debit Card,Express,2024,8,August,0.266
ORD101115,11-12-2025,CUST1109,Customer_0109,P2002,Wireless Earbuds,Electronics,Mobiles,2.00,2999.00,5998.00,0.28,1679.44,4318.56,328.21,Mumbai,Maharashtra,West,Debit Card,Standard,2025,12,December,0.076
ORD102494,18-12-2024,CUST1544,Customer_0544,P2017,Office Chair,Home & Kitchen,Furniture,3.00,5999.00,17997.00,0.13,2339.61,15657.39,3147.14,Hyderabad,Telangana,South,Credit Card,Standard,2024,12,December,0.201
ORD104374,15-11-2024,CUST1744,Customer_0744,P2015,Table Lamp,Home & Kitchen,Home Decor,1.00,1299.00,1299.00,0.08,103.92,1195.08,258.14,Chennai,Tamil Nadu,South,Net Banking,Standard,2024,11,November,0.216
ORD104594,12-05-2024,CUST1563,Customer_0563,P2011,Sneakers,Clothing,Footwear,1.00,2499.00,2499.00,0.18,449.82,2049.18,545.08,Kolkata,West Bengal,East,Net Banking,Express,2024,5,May,0.266
ORD100143,15-04-2024,CUST1330,Customer_0330,P2023,Dumbbells,Sports,Fitness,3.00,1599.00,4797.00,0.08,383.76,4413.24,1129.79,Gurugram,Haryana,North,Debit Card,Standard,2024,4,April,0.256
ORD101537,27-01-2025,CUST1267,Customer_0267,P2014,Cookware Set,Home & Kitchen,Kitchen,4.00,2999.00,11996.00,0.13,1559.48,10436.52,2097.74,Delhi,Delhi,North,UPI,Express,2025,1,January,0.201
ORD101888,30-05-2025,CUST1189,Customer_0189,P2003,Laptop,Electronics,Computers,1.00,59999.00,59999.00,0.18,10799.82,49199.18,5215.11,Noida,Uttar Pradesh,North,Credit Card,Express,2025,5,May,0.106
ORD102300,25-08-2025,CUST1531,Customer_0531,P2015,Table Lamp,Home & Kitchen,Home Decor,1.00,1299.00,1299.00,0.03,38.97,1260.03,291.07,Ahmedabad,Gujarat,West,Debit Card,Standard,2025,8,August,0.231
ORD102319,09-11-2024,CUST1645,Customer_0645,P2020,Shampoo,Beauty,Haircare,1.00,599.00,599.00,0.13,77.87,521.13,177.71,Ahmedabad,Gujarat,West,Credit Card,Express,2024,11,November,0.341
ORD101533,20-06-2024,CUST1731,Customer_0731,P2020,Shampoo,Beauty,Haircare,1.00,599.00,599.00,0.13,77.87,521.13,177.71,Ahmedabad,Gujarat,West,UPI,Same Day,2024,6,June,0.341
ORD102394,07-03-2024,CUST1339,Customer_0339,P2013,Mixer Grinder,Home & Kitchen,Kitchen,1.00,3499.00,3499.00,0.33,1154.67,2344.33,330.55,Pune,Maharashtra,West,UPI,Express,2024,3,March,0.141
ORD102443,16-02-2024,CUST1568,Customer_0568,P2012,Sandals,Clothing,Footwear,1.00,1299.00,1299.00,0.13,168.87,1130.13,317.57,Ahmedabad,Gujarat,West,Debit Card,Express,2024,2,February,0.281
ORD102658,01-11-2024,CUST1577,Customer_0577,P2015,Table Lamp,Home & Kitchen,Home Decor,2.00,1299.00,2598.00,0.08,207.84,2390.16,516.27,Ahmedabad,Gujarat,West,UPI,Same Day,2024,11,November,0.216
ORD103708,24-10-2024,CUST1752,Customer_0752,P2003,Laptop,Electronics,Computers,2.00,59999.00,119998.00,0.28,33599.44,86398.56,6566.29,Chennai,Tamil Nadu,South,UPI,Standard,2024,10,October,0.076
ORD103992,11-04-2025,CUST1023,Customer_0023,P2001,Smartphone,Electronics,Mobiles,1.00,24999.00,24999.00,0.13,3249.87,21749.13,2631.64,Bengaluru,Karnataka,South,Net Banking,Standard,2025,4,April,0.121
ORD104163,16-06-2025,CUST1053,Customer_0053,P2009,Kurti,Clothing,Women,1.00,1199.00,1199.00,0.18,215.82,983.18,261.53,Chennai,Tamil Nadu,South,Net Banking,Express,2025,6,June,0.266
ORD100358,02-09-2025,CUST1742,Customer_0742,P2012,Sandals,Clothing,Footwear,1.00,1299.00,1299.00,0.08,103.92,1195.08,353.74,Chennai,Tamil Nadu,South,UPI,Standard,2025,9,September,0.296
ORD100973,20-06-2025,CUST1373,Customer_0373,P2007,T-Shirt,Clothing,Men,4.00,799.00,3196.00,0.18,575.28,2620.72,697.11,Hyderabad,Telangana,South,Credit Card,Standard,2025,6,June,0.266
ORD102695,11-12-2024,CUST1343,Customer_0343,P2004,Wireless Mouse,Electronics,Accessories,1.00,899.00,899.00,0.13,116.87,782.13,94.64,Chennai,Tamil Nadu,South,UPI,Standard,2024,12,December,0.121
ORD104071,20-03-2025,CUST1442,Customer_0442,P2018,Face Wash,Beauty,Skincare,2.00,399.00,798.00,0.13,103.74,694.26,236.74,Hyderabad,Telangana,South,Credit Card,Standard,2025,3,March,0.341
ORD104538,04-12-2025,CUST1481,Customer_0481,P2004,Wireless Mouse,Electronics,Accessories,1.00,899.00,899.00,0.03,26.97,872.03,131.68,Gurugram,Haryana,North,UPI,Standard,2025,12,December,0.151
ORD103020,17-05-2024,CUST1468,Customer_0468,P2002,Wireless Earbuds,Electronics,Mobiles,2.00,2999.00,5998.00,0.08,479.84,5518.16,750.47,Gurugram,Haryana,North,Debit Card,Express,2024,5,May,0.136
ORD103236,16-12-2024,CUST1315,Customer_0315,P2003,Laptop,Electronics,Computers,1.00,59999.00,59999.00,0.28,16799.72,43199.28,3283.15,Delhi,Delhi,North,Credit Card,Express,2024,12,December,0.076
ORD103526,16-05-2025,CUST1175,Customer_0175,P2023,Dumbbells,Sports,Fitness,3.00,1599.00,4797.00,0.18,863.46,3933.54,888.98,Delhi,Delhi,North,UPI,Express,2025,5,May,0.226
ORD103782,02-01-2025,CUST1027,Customer_0027,P2024,Cricket Bat,Sports,Outdoor,3.00,2499.00,7497.00,0.08,599.76,6897.24,1765.69,Noida,Uttar Pradesh,North,UPI,Standard,2025,1,January,0.256
ORD104678,11-07-2024,CUST1042,Customer_0042,P2018,Face Wash,Beauty,Skincare,1.00,399.00,399.00,0.18,71.82,327.18,106.66,Chennai,Tamil Nadu,South,UPI,Standard,2024,7,July,0.326
ORD100350,17-06-2024,CUST1407,Customer_0407,P2022,Yoga Mat,Sports,Fitness,1.00,899.00,899.00,0.13,116.87,782.13,188.49,Ahmedabad,Gujarat,West,Credit Card,Express,2024,6,June,0.241
ORD100480,17-02-2025,CUST1040,Customer_0040,P2007,T-Shirt,Clothing,Men,1.00,799.00,799.00,0.18,143.82,655.18,174.28,Lucknow,Uttar Pradesh,North,Credit Card,Express,2025,2,February,0.266
ORD100556,20-01-2024,CUST1011,Customer_0011,P2009,Kurti,Clothing,Women,1.00,1199.00,1199.00,0.08,95.92,1103.08,326.51,Noida,Uttar Pradesh,North,Credit Card,Express,2024,1,January,0.296
ORD100860,21-08-2024,CUST1355,Customer_0355,P2008,Jeans,Clothing,Men,1.00,1799.00,1799.00,0.23,413.77,1385.23,347.69,Delhi,Delhi,North,Cash on Delivery,Standard,2024,8,August,0.251
ORD101133,17-08-2024,CUST1273,Customer_0273,P2008,Jeans,Clothing,Men,2.00,1799.00,3598.00,0.23,827.54,2770.46,695.39,Gurugram,Haryana,North,Credit Card,Standard,2024,8,August,0.251
ORD101194,14-05-2024,CUST1455,Customer_0455,P2016,Bedsheet Set,Home & Kitchen,Home Decor,3.00,999.00,2997.00,0.23,689.31,2307.69,394.61,Jaipur,Rajasthan,North,Debit Card,Standard,2024,5,May,0.171
ORD102945,04-08-2024,CUST1546,Customer_0546,P2022,Yoga Mat,Sports,Fitness,2.00,899.00,1798.00,0.33,593.34,1204.66,218.04,Delhi,Delhi,North,UPI,Express,2024,8,August,0.181
ORD103177,23-01-2024,CUST1150,Customer_0150,P2014,Cookware Set,Home & Kitchen,Kitchen,1.00,2999.00,2999.00,0.08,239.92,2759.08,595.96,Gurugram,Haryana,North,Debit Card,Standard,2024,1,January,0.216
ORD103803,26-08-2025,CUST1016,Customer_0016,P2021,Perfume,Beauty,Fragrance,1.00,1499.00,1499.00,0.08,119.92,1379.08,490.95,Chennai,Tamil Nadu,South,Debit Card,Standard,2025,8,August,0.356
ORD104332,31-05-2025,CUST1467,Customer_0467,P2006,Power Bank,Electronics,Accessories,1.00,1499.00,1499.00,0.28,419.72,1079.28,82.03,Bengaluru,Karnataka,South,UPI,Standard,2025,5,May,0.076
ORD104471,22-06-2024,CUST1398,Customer_0398,P2020,Shampoo,Beauty,Haircare,2.00,599.00,1198.00,0.03,35.94,1162.06,431.12,Noida,Uttar Pradesh,North,Debit Card,Standard,2024,6,June,0.371
ORD104733,06-05-2024,CUST1520,Customer_0520,P2011,Sneakers,Clothing,Footwear,3.00,2499.00,7497.00,0.18,1349.46,6147.54,1635.25,Noida,Uttar Pradesh,North,Credit Card,Standard,2024,5,May,0.266
ORD100147,10-01-2025,CUST1626,Customer_0626,P2010,Dress,Clothing,Women,4.00,1999.00,7996.00,0.08,639.68,7356.32,2177.47,Mumbai,Maharashtra,West,Net Banking,Express,2025,1,January,0.296
ORD100685,29-12-2025,CUST1225,Customer_0225,P2004,Wireless Mouse,Electronics,Accessories,4.00,899.00,3596.00,0.08,287.68,3308.32,449.93,Lucknow,Uttar Pradesh,North,UPI,Express,2025,12,December,0.136
ORD101073,28-10-2025,CUST1741,Customer_0741,P2010,Dress,Clothing,Women,1.00,1999.00,1999.00,0.23,459.77,1539.23,386.35,Lucknow,Uttar Pradesh,North,UPI,Standard,2025,10,October,0.251
ORD103850,08-02-2024,CUST1007,Customer_0007,P2022,Yoga Mat,Sports,Fitness,1.00,899.00,899.00,0.28,251.72,647.28,126.87,Bengaluru,Karnataka,South,Cash on Delivery,Same Day,2024,2,February,0.196
ORD100298,19-01-2025,CUST1074,Customer_0074,P2005,Keyboard,Electronics,Accessories,1.00,1299.00,1299.00,0.23,298.77,1000.23,91.02,Noida,Uttar Pradesh,North,UPI,Express,2025,1,January,0.091
ORD100301,17-10-2025,CUST1094,Customer_0094,P2015,Table Lamp,Home & Kitchen,Home Decor,1.00,1299.00,1299.00,0.33,428.67,870.33,122.72,Lucknow,Uttar Pradesh,North,Net Banking,Express,2025,10,October,0.141
ORD102985,18-09-2024,CUST1519,Customer_0519,P2024,Cricket Bat,Sports,Outdoor,1.00,2499.00,2499.00,0.08,199.92,2299.08,588.56,Mumbai,Maharashtra,West,Debit Card,Standard,2024,9,September,0.256
ORD103130,01-07-2025,CUST1292,Customer_0292,P2011,Sneakers,Clothing,Footwear,2.00,2499.00,4998.00,0.23,1149.54,3848.46,965.96,Delhi,Delhi,North,UPI,Standard,2025,7,July,0.251
ORD103677,30-09-2025,CUST1708,Customer_0708,P2015,Table Lamp,Home & Kitchen,Home Decor,1.00,1299.00,1299.00,0.13,168.87,1130.13,227.16,Hyderabad,Telangana,South,Net Banking,Express,2025,9,September,0.201
ORD103784,19-02-2024,CUST1293,Customer_0293,P2017,Office Chair,Home & Kitchen,Furniture,2.00,5999.00,11998.00,0.28,3359.44,8638.56,1347.62,Pune,Maharashtra,West,Credit Card,Standard,2024,2,February,0.156
ORD103815,31-08-2025,CUST1190,Customer_0190,P2023,Dumbbells,Sports,Fitness,1.00,1599.00,1599.00,0.08,127.92,1471.08,376.60,Hyderabad,Telangana,South,UPI,Standard,2025,8,August,0.256
ORD104082,19-02-2024,CUST1299,Customer_0299,P2006,Power Bank,Electronics,Accessories,4.00,1499.00,5996.00,0.13,779.48,5216.52,631.20,Chennai,Tamil Nadu,South,UPI,Standard,2024,2,February,0.121
ORD104465,08-11-2025,CUST1720,Customer_0720,P2006,Power Bank,Electronics,Accessories,2.00,1499.00,2998.00,0.18,539.64,2458.36,260.59,Delhi,Delhi,North,Credit Card,Standard,2025,11,November,0.106
ORD100060,20-04-2024,CUST1729,Customer_0729,P2020,Shampoo,Beauty,Haircare,2.00,599.00,1198.00,0.28,335.44,862.56,255.32,Gurugram,Haryana,North,Net Banking,Express,2024,4,April,0.296
ORD100669,31-10-2025,CUST1018,Customer_0018,P2015,Table Lamp,Home & Kitchen,Home Decor,1.00,1299.00,1299.00,0.18,233.82,1065.18,198.12,Hyderabad,Telangana,South,UPI,Standard,2025,10,October,0.186
ORD100899,21-01-2024,CUST1117,Customer_0117,P2024,Cricket Bat,Sports,Outdoor,2.00,2499.00,4998.00,0.13,649.74,4348.26,1047.93,Mumbai,Maharashtra,West,UPI,Standard,2024,1,January,0.241
ORD101719,19-02-2024,CUST1735,Customer_0735,P2014,Cookware Set,Home & Kitchen,Kitchen,2.00,2999.00,5998.00,0.33,1979.34,4018.66,566.63,Gurugram,Haryana,North,Net Banking,Standard,2024,2,February,0.141
ORD103194,07-12-2025,CUST1505,Customer_0505,P2005,Keyboard,Electronics,Accessories,1.00,1299.00,1299.00,0.18,233.82,1065.18,112.91,Lucknow,Uttar Pradesh,North,Credit Card,Standard,2025,12,December,0.106
ORD104097,28-04-2024,CUST1782,Customer_0782,P2013,Mixer Grinder,Home & Kitchen,Kitchen,2.00,3499.00,6998.00,0.08,559.84,6438.16,1390.64,Lucknow,Uttar Pradesh,North,Debit Card,Standard,2024,4,April,0.216
ORD104938,02-03-2025,CUST1273,Customer_0273,P2002,Wireless Earbuds,Electronics,Mobiles,5.00,2999.00,14995.00,0.13,1949.35,13045.65,1578.52,Gurugram,Haryana,North,Credit Card,Standard,2025,3,March,0.121
ORD100088,30-03-2025,CUST1146,Customer_0146,P2002,Wireless Earbuds,Electronics,Mobiles,1.00,2999.00,2999.00,0.18,539.82,2459.18,260.67,Kolkata,West Bengal,East,Credit Card,Standard,2025,3,March,0.106
ORD100381,24-01-2025,CUST1060,Customer_0060,P2019,Sunscreen,Beauty,Skincare,2.00,699.00,1398.00,0.08,111.84,1286.16,457.87,Hyderabad,Telangana,South,Net Banking,Standard,2025,1,January,0.356
ORD101565,06-05-2024,CUST1563,Customer_0563,P2014,Cookware Set,Home & Kitchen,Kitchen,1.00,2999.00,2999.00,0.23,689.77,2309.23,394.88,Pune,Maharashtra,West,Credit Card,Standard,2024,5,May,0.171
ORD101842,14-07-2025,CUST1762,Customer_0762,P2024,Cricket Bat,Sports,Outdoor,1.00,2499.00,2499.00,0.08,199.92,2299.08,588.56,Lucknow,Uttar Pradesh,North,Credit Card,Standard,2025,7,July,0.256
ORD101997,15-09-2024,CUST1758,Customer_0758,P2014,Cookware Set,Home & Kitchen,Kitchen,1.00,2999.00,2999.00,0.23,689.77,2309.23,394.88,Mumbai,Maharashtra,West,Credit Card,Standard,2024,9,September,0.171
ORD103854,30-04-2025,CUST1287,Customer_0287,P2001,Smartphone,Electronics,Mobiles,1.00,24999.00,24999.00,0.03,749.97,24249.03,3661.60,Kolkata,West Bengal,East,Net Banking,Standard,2025,4,April,0.151
ORD104732,19-12-2025,CUST1091,Customer_0091,P2005,Keyboard,Electronics,Accessories,1.00,1299.00,1299.00,0.28,363.72,935.28,71.08,Hyderabad,Telangana,South,Debit Card,Standard,2025,12,December,0.076
ORD100385,05-06-2024,CUST1670,Customer_0670,P2015,Table Lamp,Home & Kitchen,Home Decor,2.00,1299.00,2598.00,0.18,467.64,2130.36,396.25,Delhi,Delhi,North,Debit Card,Same Day,2024,6,June,0.186
ORD100716,29-07-2024,CUST1534,Customer_0534,P2015,Table Lamp,Home & Kitchen,Home Decor,1.00,1299.00,1299.00,0.33,428.67,870.33,122.72,Pune,Maharashtra,West,Credit Card,Standard,2024,7,July,0.141
ORD100799,12-12-2025,CUST1547,Customer_0547,P2005,Keyboard,Electronics,Accessories,4.00,1299.00,5196.00,0.33,1714.68,3481.32,212.36,Hyderabad,Telangana,South,Credit Card,Standard,2025,12,December,0.061
ORD101919,03-12-2025,CUST1014,Customer_0014,P2017,Office Chair,Home & Kitchen,Furniture,1.00,5999.00,5999.00,0.33,1979.67,4019.33,566.73,Jaipur,Rajasthan,North,UPI,Express,2025,12,December,0.141
ORD101972,07-10-2025,CUST1302,Customer_0302,P2012,Sandals,Clothing,Footwear,1.00,1299.00,1299.00,0.18,233.82,1065.18,283.34,Kolkata,West Bengal,East,Debit Card,Standard,2025,10,October,0.266
ORD102762,10-01-2024,CUST1229,Customer_0229,P2007,T-Shirt,Clothing,Men,4.00,799.00,3196.00,0.13,415.48,2780.52,781.33,Pune,Maharashtra,West,UPI,Standard,2024,1,January,0.281
ORD102783,04-11-2024,CUST1400,Customer_0400,P2019,Sunscreen,Beauty,Skincare,2.00,699.00,1398.00,0.13,181.74,1216.26,414.74,Pune,Maharashtra,West,UPI,Express,2024,11,November,0.341
ORD103718,06-03-2025,CUST1184,Customer_0184,P2018,Face Wash,Beauty,Skincare,1.00,399.00,399.00,0.18,71.82,327.18,106.66,Ahmedabad,Gujarat,West,Debit Card,Same Day,2025,3,March,0.326
ORD104341,08-11-2025,CUST1759,Customer_0759,P2002,Wireless Earbuds,Electronics,Mobiles,5.00,2999.00,14995.00,0.18,2699.10,12295.90,1303.37,Ahmedabad,Gujarat,West,Credit Card,Standard,2025,11,November,0.106
ORD104488,13-04-2024,CUST1405,Customer_0405,P2009,Kurti,Clothing,Women,1.00,1199.00,1199.00,0.18,215.82,983.18,261.53,Ahmedabad,Gujarat,West,Debit Card,Standard,2024,4,April,0.266
ORD101246,09-11-2025,CUST1017,Customer_0017,P2021,Perfume,Beauty,Fragrance,3.00,1499.00,4497.00,0.23,1034.31,3462.69,1076.90,Chennai,Tamil Nadu,South,UPI,Standard,2025,11,November,0.311
ORD104543,16-06-2025,CUST1122,Customer_0122,P2015,Table Lamp,Home & Kitchen,Home Decor,1.00,1299.00,1299.00,0.18,233.82,1065.18,198.12,Gurugram,Haryana,North,UPI,Express,2025,6,June,0.186
ORD100363,03-10-2024,CUST1255,Customer_0255,P2003,Laptop,Electronics,Computers,3.00,59999.00,179997.00,0.23,41399.31,138597.69,12612.39,Pune,Maharashtra,West,Credit Card,Same Day,2024,10,October,0.091
ORD101078,29-09-2025,CUST1660,Customer_0660,P2004,Wireless Mouse,Electronics,Accessories,1.00,899.00,899.00,0.03,26.97,872.03,131.68,Pune,Maharashtra,West,UPI,Express,2025,9,September,0.151
ORD101242,12-09-2025,CUST1441,Customer_0441,P2004,Wireless Mouse,Electronics,Accessories,1.00,899.00,899.00,0.18,161.82,737.18,78.14,Kolkata,West Bengal,East,Debit Card,Standard,2025,9,September,0.106
ORD101274,18-12-2025,CUST1273,Customer_0273,P2021,Perfume,Beauty,Fragrance,1.00,1499.00,1499.00,0.28,419.72,1079.28,319.47,Ahmedabad,Gujarat,West,Credit Card,Same Day,2025,12,December,0.296
ORD101499,20-05-2024,CUST1410,Customer_0410,P2017,Office Chair,Home & Kitchen,Furniture,4.00,5999.00,23996.00,0.13,3119.48,20876.52,4196.18,Mumbai,Maharashtra,West,Credit Card,Same Day,2024,5,May,0.201
ORD101507,04-03-2025,CUST1267,Customer_0267,P2012,Sandals,Clothing,Footwear,4.00,1299.00,5196.00,0.08,415.68,4780.32,1414.97,Bengaluru,Karnataka,South,Credit Card,Standard,2025,3,March,0.296
ORD102425,17-04-2024,CUST1193,Customer_0193,P2015,Table Lamp,Home & Kitchen,Home Decor,3.00,1299.00,3897.00,0.03,116.91,3780.09,873.20,Jaipur,Rajasthan,North,UPI,Standard,2024,4,April,0.231
ORD102506,07-06-2025,CUST1788,Customer_0788,P2017,Office Chair,Home & Kitchen,Furniture,1.00,5999.00,5999.00,0.33,1979.67,4019.33,566.73,Pune,Maharashtra,West,UPI,Standard,2025,6,June,0.141
ORD103118,24-09-2025,CUST1607,Customer_0607,P2020,Shampoo,Beauty,Haircare,2.00,599.00,1198.00,0.18,215.64,982.36,320.25,Kolkata,West Bengal,East,Credit Card,Standard,2025,9,September,0.326
ORD103917,30-04-2024,CUST1551,Customer_0551,P2016,Bedsheet Set,Home & Kitchen,Home Decor,1.00,999.00,999.00,0.13,129.87,869.13,174.70,Jaipur,Rajasthan,North,UPI,Standard,2024,4,April,0.201
ORD104919,16-10-2024,CUST1094,Customer_0094,P2008,Jeans,Clothing,Men,1.00,1799.00,1799.00,0.28,503.72,1295.28,305.69,Ahmedabad,Gujarat,West,Debit Card,Express,2024,10,October,0.236
ORD101469,26-04-2024,CUST1686,Customer_0686,P2016,Bedsheet Set,Home & Kitchen,Home Decor,1.00,999.00,999.00,0.28,279.72,719.28,112.21,Ahmedabad,Gujarat,West,Debit Card,Express,2024,4,April,0.156
ORD102592,18-04-2024,CUST1717,Customer_0717,P2023,Dumbbells,Sports,Fitness,2.00,1599.00,3198.00,0.28,895.44,2302.56,451.30,Pune,Maharashtra,West,UPI,Express,2024,4,April,0.196
ORD103303,24-05-2025,CUST1708,Customer_0708,P2003,Laptop,Electronics,Computers,1.00,59999.00,59999.00,0.23,13799.77,46199.23,4204.13,Mumbai,Maharashtra,West,UPI,Same Day,2025,5,May,0.091
ORD103929,22-07-2024,CUST1631,Customer_0631,P2010,Dress,Clothing,Women,2.00,1999.00,3998.00,0.18,719.64,3278.36,872.04,Noida,Uttar Pradesh,North,Credit Card,Standard,2024,7,July,0.266
ORD103942,15-09-2025,CUST1666,Customer_0666,P2024,Cricket Bat,Sports,Outdoor,1.00,2499.00,2499.00,0.08,199.92,2299.08,588.56,Lucknow,Uttar Pradesh,North,Credit Card,Standard,2025,9,September,0.256
ORD100561,23-07-2024,CUST1567,Customer_0567,P2006,Power Bank,Electronics,Accessories,4.00,1499.00,5996.00,0.18,1079.28,4916.72,521.17,Chennai,Tamil Nadu,South,UPI,Express,2024,7,July,0.106
ORD101037,26-09-2024,CUST1673,Customer_0673,P2018,Face Wash,Beauty,Skincare,1.00,399.00,399.00,0.18,71.82,327.18,106.66,Pune,Maharashtra,West,Credit Card,Express,2024,9,September,0.326
ORD101149,19-06-2025,CUST1643,Customer_0643,P2021,Perfume,Beauty,Fragrance,1.00,1499.00,1499.00,0.13,194.87,1304.13,444.71,Ahmedabad,Gujarat,West,Debit Card,Express,2025,6,June,0.341
ORD102154,25-07-2024,CUST1040,Customer_0040,P2001,Smartphone,Electronics,Mobiles,1.00,24999.00,24999.00,0.23,5749.77,19249.23,1751.68,Gurugram,Haryana,North,UPI,Standard,2024,7,July,0.091
ORD102646,01-01-2025,CUST1793,Customer_0793,P2018,Face Wash,Beauty,Skincare,1.00,399.00,399.00,0.13,51.87,347.13,118.37,Hyderabad,Telangana,South,Cash on Delivery,Standard,2025,1,January,0.341
ORD103107,21-12-2025,CUST1483,Customer_0483,P2011,Sneakers,Clothing,Footwear,1.00,2499.00,2499.00,0.28,699.72,1799.28,424.63,Pune,Maharashtra,West,UPI,Same Day,2025,12,December,0.236
ORD103627,23-02-2025,CUST1594,Customer_0594,P2017,Office Chair,Home & Kitchen,Furniture,2.00,5999.00,11998.00,0.23,2759.54,9238.46,1579.78,Mumbai,Maharashtra,West,UPI,Standard,2025,2,February,0.171
ORD104806,29-10-2024,CUST1560,Customer_0560,P2004,Wireless Mouse,Electronics,Accessories,2.00,899.00,1798.00,0.08,143.84,1654.16,224.97,Jaipur,Rajasthan,North,UPI,Standard,2024,10,October,0.136
ORD101427,13-06-2024,CUST1632,Customer_0632,P2009,Kurti,Clothing,Women,1.00,1199.00,1199.00,0.08,95.92,1103.08,326.51,Pune,Maharashtra,West,Cash on Delivery,Standard,2024,6,June,0.296
ORD102035,10-02-2024,CUST1010,Customer_0010,P2017,Office Chair,Home & Kitchen,Furniture,1.00,5999.00,5999.00,0.13,779.87,5219.13,1049.05,Ahmedabad,Gujarat,West,UPI,Standard,2024,2,February,0.201
ORD102805,15-07-2025,CUST1382,Customer_0382,P2009,Kurti,Clothing,Women,2.00,1199.00,2398.00,0.18,431.64,1966.36,523.05,Noida,Uttar Pradesh,North,Net Banking,Same Day,2025,7,July,0.266
ORD103230,23-05-2025,CUST1586,Customer_0586,P2015,Table Lamp,Home & Kitchen,Home Decor,1.00,1299.00,1299.00,0.13,168.87,1130.13,227.16,Hyderabad,Telangana,South,Net Banking,Express,2025,5,May,0.201
ORD103255,31-07-2024,CUST1315,Customer_0315,P2012,Sandals,Clothing,Footwear,2.00,1299.00,2598.00,0.03,77.94,2520.06,783.74,Kolkata,West Bengal,East,UPI,Standard,2024,7,July,0.311
ORD103759,05-12-2025,CUST1002,Customer_0002,P2007,T-Shirt,Clothing,Men,1.00,799.00,799.00,0.13,103.87,695.13,195.33,Gurugram,Haryana,North,UPI,Standard,2025,12,December,0.281
ORD101084,07-05-2025,CUST1137,Customer_0137,P2001,Smartphone,Electronics,Mobiles,1.00,24999.00,24999.00,0.18,4499.82,20499.18,2172.91,Jaipur,Rajasthan,North,UPI,Standard,2025,5,May,0.106
ORD102085,04-12-2024,CUST1374,Customer_0374,P2015,Table Lamp,Home & Kitchen,Home Decor,2.00,1299.00,2598.00,0.28,727.44,1870.56,291.81,Gurugram,Haryana,North,Credit Card,Standard,2024,12,December,0.156
ORD103714,28-08-2024,CUST1414,Customer_0414,P2001,Smartphone,Electronics,Mobiles,1.00,24999.00,24999.00,0.18,4499.82,20499.18,2172.91,Noida,Uttar Pradesh,North,UPI,Standard,2024,8,August,0.106
ORD103952,03-01-2024,CUST1239,Customer_0239,P2018,Face Wash,Beauty,Skincare,1.00,399.00,399.00,0.23,91.77,307.23,95.55,Mumbai,Maharashtra,West,Net Banking,Standard,2024,1,January,0.311
ORD104140,14-01-2024,CUST1639,Customer_0639,P2003,Laptop,Electronics,Computers,2.00,59999.00,119998.00,0.18,21599.64,98398.36,10430.23,Kolkata,West Bengal,East,UPI,Express,2024,1,January,0.106
ORD101987,18-11-2025,CUST1682,Customer_0682,P2017,Office Chair,Home & Kitchen,Furniture,1.00,5999.00,5999.00,0.18,1079.82,4919.18,914.97,Delhi,Delhi,North,Net Banking,Standard,2025,11,November,0.186
ORD102339,01-04-2024,CUST1173,Customer_0173,P2008,Jeans,Clothing,Men,1.00,1799.00,1799.00,0.13,233.87,1565.13,439.80,Kolkata,West Bengal,East,UPI,Same Day,2024,4,April,0.281
ORD102352,23-04-2024,CUST1627,Customer_0627,P2001,Smartphone,Electronics,Mobiles,4.00,24999.00,99996.00,0.13,12999.48,86996.52,10526.58,Kolkata,West Bengal,East,Debit Card,Standard,2024,4,April,0.121
ORD103024,10-08-2025,CUST1667,Customer_0667,P2009,Kurti,Clothing,Women,1.00,1199.00,1199.00,0.18,215.82,983.18,261.53,Jaipur,Rajasthan,North,UPI,Standard,2025,8,August,0.266
ORD100497,16-11-2025,CUST1596,Customer_0596,P2015,Table Lamp,Home & Kitchen,Home Decor,1.00,1299.00,1299.00,0.28,363.72,935.28,145.90,Mumbai,Maharashtra,West,Cash on Delivery,Standard,2025,11,November,0.156
ORD102287,20-05-2025,CUST1560,Customer_0560,P2010,Dress,Clothing,Women,2.00,1999.00,3998.00,0.18,719.64,3278.36,872.04,Hyderabad,Telangana,South,UPI,Express,2025,5,May,0.266
ORD102851,01-06-2024,CUST1362,Customer_0362,P2010,Dress,Clothing,Women,2.00,1999.00,3998.00,0.18,719.64,3278.36,872.04,Delhi,Delhi,North,UPI,Express,2024,6,June,0.266
ORD103392,02-04-2024,CUST1537,Customer_0537,P2004,Wireless Mouse,Electronics,Accessories,1.00,899.00,899.00,0.23,206.77,692.23,62.99,Delhi,Delhi,North,UPI,Standard,2024,4,April,0.091
ORD100012,07-06-2025,CUST1232,Customer_0232,P2004,Wireless Mouse,Electronics,Accessories,3.00,899.00,2697.00,0.08,215.76,2481.24,337.45,Mumbai,Maharashtra,West,UPI,Express,2025,6,June,0.136
ORD100744,17-03-2024,CUST1749,Customer_0749,P2005,Keyboard,Electronics,Accessories,3.00,1299.00,3897.00,0.03,116.91,3780.09,570.79,Ahmedabad,Gujarat,West,UPI,Standard,2024,3,March,0.151
ORD101898,13-04-2024,CUST1704,Customer_0704,P2013,Mixer Grinder,Home & Kitchen,Kitchen,3.00,3499.00,10497.00,0.13,1364.61,9132.39,1835.61,Pune,Maharashtra,West,UPI,Express,2024,4,April,0.201
ORD102257,19-09-2024,CUST1540,Customer_0540,P2006,Power Bank,Electronics,Accessories,3.00,1499.00,4497.00,0.23,1034.31,3462.69,315.10,Kolkata,West Bengal,East,Credit Card,Standard,2024,9,September,0.091
ORD102488,21-10-2025,CUST1724,Customer_0724,P2021,Perfume,Beauty,Fragrance,4.00,1499.00,5996.00,0.13,779.48,5216.52,1778.83,Pune,Maharashtra,West,UPI,Standard,2025,10,October,0.341
ORD102993,24-08-2024,CUST1495,Customer_0495,P2015,Table Lamp,Home & Kitchen,Home Decor,3.00,1299.00,3897.00,0.18,701.46,3195.54,594.37,Kolkata,West Bengal,East,Debit Card,Standard,2024,8,August,0.186
ORD103008,12-04-2025,CUST1152,Customer_0152,P2016,Bedsheet Set,Home & Kitchen,Home Decor,1.00,999.00,999.00,0.18,179.82,819.18,152.37,Noida,Uttar Pradesh,North,UPI,Express,2025,4,April,0.186
ORD103108,30-10-2024,CUST1264,Customer_0264,P2011,Sneakers,Clothing,Footwear,2.00,2499.00,4998.00,0.08,399.84,4598.16,1361.06,Chennai,Tamil Nadu,South,Credit Card,Express,2024,10,October,0.296
ORD103949,27-09-2024,CUST1587,Customer_0587,P2011,Sneakers,Clothing,Footwear,1.00,2499.00,2499.00,0.13,324.87,2174.13,610.93,Hyderabad,Telangana,South,Debit Card,Standard,2024,9,September,0.281
ORD104384,20-04-2025,CUST1176,Customer_0176,P2020,Shampoo,Beauty,Haircare,1.00,599.00,599.00,0.13,77.87,521.13,177.71,Pune,Maharashtra,West,Net Banking,Express,2025,4,April,0.341
ORD101279,21-02-2024,CUST1490,Customer_0490,P2004,Wireless Mouse,Electronics,Accessories,2.00,899.00,1798.00,0.18,323.64,1474.36,156.28,Noida,Uttar Pradesh,North,Cash on Delivery,Express,2024,2,February,0.106
ORD101360,12-04-2024,CUST1302,Customer_0302,P2014,Cookware Set,Home & Kitchen,Kitchen,1.00,2999.00,2999.00,0.08,239.92,2759.08,595.96,Mumbai,Maharashtra,West,Net Banking,Standard,2024,4,April,0.216
ORD103913,27-06-2024,CUST1780,Customer_0780,P2014,Cookware Set,Home & Kitchen,Kitchen,3.00,2999.00,8997.00,0.13,1169.61,7827.39,1573.31,Delhi,Delhi,North,Credit Card,Express,2024,6,June,0.201
ORD100609,10-02-2024,CUST1738,Customer_0738,P2015,Table Lamp,Home & Kitchen,Home Decor,1.00,1299.00,1299.00,0.18,233.82,1065.18,198.12,Chennai,Tamil Nadu,South,Credit Card,Standard,2024,2,February,0.186
ORD101809,24-10-2024,CUST1648,Customer_0648,P2009,Kurti,Clothing,Women,1.00,1199.00,1199.00,0.03,35.97,1163.03,361.70,Mumbai,Maharashtra,West,Debit Card,Express,2024,10,October,0.311
ORD102113,03-01-2025,CUST1392,Customer_0392,P2008,Jeans,Clothing,Men,2.00,1799.00,3598.00,0.18,647.64,2950.36,784.80,Noida,Uttar Pradesh,North,Credit Card,Express,2025,1,January,0.266
ORD102542,24-11-2025,CUST1512,Customer_0512,P2014,Cookware Set,Home & Kitchen,Kitchen,2.00,2999.00,5998.00,0.23,1379.54,4618.46,789.76,Hyderabad,Telangana,South,Net Banking,Express,2025,11,November,0.171
ORD103126,16-11-2024,CUST1217,Customer_0217,P2010,Dress,Clothing,Women,2.00,1999.00,3998.00,0.18,719.64,3278.36,872.04,Mumbai,Maharashtra,West,UPI,Same Day,2024,11,November,0.266
ORD103756,12-03-2025,CUST1710,Customer_0710,P2001,Smartphone,Electronics,Mobiles,2.00,24999.00,49998.00,0.28,13999.44,35998.56,2735.89,Pune,Maharashtra,West,Net Banking,Express,2025,3,March,0.076
ORD104032,28-04-2024,CUST1100,Customer_0100,P2014,Cookware Set,Home & Kitchen,Kitchen,1.00,2999.00,2999.00,0.13,389.87,2609.13,524.44,Noida,Uttar Pradesh,North,Credit Card,Standard,2024,4,April,0.201
ORD104247,07-04-2024,CUST1364,Customer_0364,P2012,Sandals,Clothing,Footwear,3.00,1299.00,3897.00,0.03,116.91,3780.09,1175.61,Gurugram,Haryana,North,UPI,Standard,2024,4,April,0.311
ORD104839,16-02-2024,CUST1077,Customer_0077,P2001,Smartphone,Electronics,Mobiles,1.00,24999.00,24999.00,0.18,4499.82,20499.18,2172.91,Gurugram,Haryana,North,UPI,Standard,2024,2,February,0.106
ORD100386,10-01-2024,CUST1686,Customer_0686,P2025,Football,Sports,Outdoor,1.00,999.00,999.00,0.03,29.97,969.03,262.61,Pune,Maharashtra,West,Credit Card,Express,2024,1,January,0.271
ORD100573,21-05-2024,CUST1675,Customer_0675,P2003,Laptop,Electronics,Computers,1.00,59999.00,59999.00,0.23,13799.77,46199.23,4204.13,Bengaluru,Karnataka,South,Credit Card,Express,2024,5,May,0.091
ORD100707,10-11-2025,CUST1077,Customer_0077,P2003,Laptop,Electronics,Computers,1.00,59999.00,59999.00,0.13,7799.87,52199.13,6316.09,Hyderabad,Telangana,South,Credit Card,Express,2025,11,November,0.121
ORD101352,24-10-2025,CUST1698,Customer_0698,P2002,Wireless Earbuds,Electronics,Mobiles,3.00,2999.00,8997.00,0.08,719.76,8277.24,1125.70,Ahmedabad,Gujarat,West,UPI,Standard,2025,10,October,0.136
ORD103635,23-06-2024,CUST1356,Customer_0356,P2025,Football,Sports,Outdoor,1.00,999.00,999.00,0.08,79.92,919.08,235.28,Hyderabad,Telangana,South,UPI,Express,2024,6,June,0.256
ORD103824,02-12-2024,CUST1046,Customer_0046,P2013,Mixer Grinder,Home & Kitchen,Kitchen,1.00,3499.00,3499.00,0.08,279.92,3219.08,695.32,Mumbai,Maharashtra,West,Net Banking,Express,2024,12,December,0.216
ORD104447,01-01-2025,CUST1743,Customer_0743,P2013,Mixer Grinder,Home & Kitchen,Kitchen,1.00,3499.00,3499.00,0.23,804.77,2694.23,460.71,Bengaluru,Karnataka,South,Net Banking,Same Day,2025,1,January,0.171
ORD100780,24-03-2025,CUST1034,Customer_0034,P2015,Table Lamp,Home & Kitchen,Home Decor,4.00,1299.00,5196.00,0.18,935.28,4260.72,792.49,Jaipur,Rajasthan,North,Credit Card,Standard,2025,3,March,0.186
ORD100812,28-09-2025,CUST1352,Customer_0352,P2016,Bedsheet Set,Home & Kitchen,Home Decor,1.00,999.00,999.00,0.23,229.77,769.23,131.54,Noida,Uttar Pradesh,North,UPI,Standard,2025,9,September,0.171
ORD101268,01-10-2024,CUST1070,Customer_0070,P2010,Dress,Clothing,Women,1.00,1999.00,1999.00,0.18,359.82,1639.18,436.02,Mumbai,Maharashtra,West,Debit Card,Express,2024,10,October,0.266
ORD102053,05-04-2024,CUST1642,Customer_0642,P2019,Sunscreen,Beauty,Skincare,1.00,699.00,699.00,0.13,90.87,608.13,207.37,Jaipur,Rajasthan,North,Credit Card,Standard,2024,4,April,0.341
ORD102082,16-01-2025,CUST1216,Customer_0216,P2007,T-Shirt,Clothing,Men,2.00,799.00,1598.00,0.03,47.94,1550.06,482.07,Lucknow,Uttar Pradesh,North,UPI,Standard,2025,1,January,0.311
ORD102105,16-12-2024,CUST1573,Customer_0573,P2021,Perfume,Beauty,Fragrance,1.00,1499.00,1499.00,0.03,44.97,1454.03,539.45,Jaipur,Rajasthan,North,Debit Card,Express,2024,12,December,0.371
ORD102187,06-07-2024,CUST1569,Customer_0569,P2018,Face Wash,Beauty,Skincare,2.00,399.00,798.00,0.18,143.64,654.36,213.32,Hyderabad,Telangana,South,UPI,Standard,2024,7,July,0.326
ORD103995,26-04-2024,CUST1549,Customer_0549,P2019,Sunscreen,Beauty,Skincare,1.00,699.00,699.00,0.18,125.82,573.18,186.86,Noida,Uttar Pradesh,North,UPI,Standard,2024,4,April,0.326
ORD104593,14-02-2025,CUST1056,Customer_0056,P2003,Laptop,Electronics,Computers,1.00,59999.00,59999.00,0.08,4799.92,55199.08,7507.07,Ahmedabad,Gujarat,West,Debit Card,Standard,2025,2,February,0.136
ORD100406,13-02-2025,CUST1500,Customer_0500,P2019,Sunscreen,Beauty,Skincare,1.00,699.00,699.00,0.18,125.82,573.18,186.86,Jaipur,Rajasthan,North,Credit Card,Standard,2025,2,February,0.326
ORD100577,12-04-2025,CUST1738,Customer_0738,P2007,T-Shirt,Clothing,Men,1.00,799.00,799.00,0.13,103.87,695.13,195.33,Noida,Uttar Pradesh,North,Credit Card,Standard,2025,4,April,0.281
ORD100606,05-10-2024,CUST1396,Customer_0396,P2025,Football,Sports,Outdoor,1.00,999.00,999.00,0.13,129.87,869.13,209.46,Jaipur,Rajasthan,North,Debit Card,Express,2024,10,October,0.241
ORD101613,29-01-2025,CUST1012,Customer_0012,P2023,Dumbbells,Sports,Fitness,1.00,1599.00,1599.00,0.08,127.92,1471.08,376.60,Bengaluru,Karnataka,South,Net Banking,Standard,2025,1,January,0.256
ORD102481,07-12-2025,CUST1504,Customer_0504,P2014,Cookware Set,Home & Kitchen,Kitchen,2.00,2999.00,5998.00,0.23,1379.54,4618.46,789.76,Ahmedabad,Gujarat,West,UPI,Standard,2025,12,December,0.171
ORD102560,04-05-2025,CUST1041,Customer_0041,P2017,Office Chair,Home & Kitchen,Furniture,1.00,5999.00,5999.00,0.08,479.92,5519.08,1192.12,Noida,Uttar Pradesh,North,UPI,Same Day,2025,5,May,0.216
ORD104463,07-03-2025,CUST1713,Customer_0713,P2009,Kurti,Clothing,Women,1.00,1199.00,1199.00,0.18,215.82,983.18,261.53,Kolkata,West Bengal,East,UPI,Standard,2025,3,March,0.266
ORD101010,26-10-2025,CUST1062,Customer_0062,P2006,Power Bank,Electronics,Accessories,2.00,1499.00,2998.00,0.18,539.64,2458.36,260.59,Gurugram,Haryana,North,Cash on Delivery,Standard,2025,10,October,0.106
ORD102994,19-06-2024,CUST1151,Customer_0151,P2008,Jeans,Clothing,Men,1.00,1799.00,1799.00,0.03,53.97,1745.03,542.70,Pune,Maharashtra,West,UPI,Standard,2024,6,June,0.311
ORD104276,25-04-2024,CUST1099,Customer_0099,P2012,Sandals,Clothing,Footwear,1.00,1299.00,1299.00,0.13,168.87,1130.13,317.57,Noida,Uttar Pradesh,North,Debit Card,Standard,2024,4,April,0.281
ORD100063,15-05-2024,CUST1578,Customer_0578,P2003,Laptop,Electronics,Computers,2.00,59999.00,119998.00,0.08,9599.84,110398.16,15014.15,Hyderabad,Telangana,South,Debit Card,Standard,2024,5,May,0.136
ORD100158,13-12-2025,CUST1404,Customer_0404,P2010,Dress,Clothing,Women,1.00,1999.00,1999.00,0.13,259.87,1739.13,488.70,Kolkata,West Bengal,East,Credit Card,Standard,2025,12,December,0.281
ORD100192,01-03-2024,CUST1486,Customer_0486,P2006,Power Bank,Electronics,Accessories,2.00,1499.00,2998.00,0.13,389.74,2608.26,315.60,Hyderabad,Telangana,South,UPI,Express,2024,3,March,0.121
ORD101846,12-06-2024,CUST1610,Customer_0610,P2014,Cookware Set,Home & Kitchen,Kitchen,2.00,2999.00,5998.00,0.03,179.94,5818.06,1343.97,Gurugram,Haryana,North,UPI,Standard,2024,6,June,0.231
ORD102987,16-04-2024,CUST1471,Customer_0471,P2004,Wireless Mouse,Electronics,Accessories,2.00,899.00,1798.00,0.13,233.74,1564.26,189.28,Chennai,Tamil Nadu,South,Debit Card,Standard,2024,4,April,0.121
ORD103445,02-03-2025,CUST1645,Customer_0645,P2022,Yoga Mat,Sports,Fitness,1.00,899.00,899.00,0.13,116.87,782.13,188.49,Delhi,Delhi,North,Net Banking,Standard,2025,3,March,0.241
ORD103779,27-08-2025,CUST1539,Customer_0539,P2022,Yoga Mat,Sports,Fitness,2.00,899.00,1798.00,0.33,593.34,1204.66,218.04,Lucknow,Uttar Pradesh,North,Credit Card,Standard,2025,8,August,0.181
ORD100388,09-05-2025,CUST1272,Customer_0272,P2016,Bedsheet Set,Home & Kitchen,Home Decor,1.00,999.00,999.00,0.08,79.92,919.08,198.52,Chennai,Tamil Nadu,South,Cash on Delivery,Standard,2025,5,May,0.216
ORD100535,05-08-2025,CUST1015,Customer_0015,P2016,Bedsheet Set,Home & Kitchen,Home Decor,1.00,999.00,999.00,0.03,29.97,969.03,223.85,Gurugram,Haryana,North,UPI,Standard,2025,8,August,0.231
ORD100953,25-11-2025,CUST1003,Customer_0003,P2021,Perfume,Beauty,Fragrance,1.00,1499.00,1499.00,0.28,419.72,1079.28,319.47,Chennai,Tamil Nadu,South,UPI,Standard,2025,11,November,0.296
ORD101066,24-03-2025,CUST1590,Customer_0590,P2003,Laptop,Electronics,Computers,1.00,59999.00,59999.00,0.13,7799.87,52199.13,6316.09,Pune,Maharashtra,West,Credit Card,Same Day,2025,3,March,0.121
ORD101374,04-07-2024,CUST1046,Customer_0046,P2006,Power Bank,Electronics,Accessories,1.00,1499.00,1499.00,0.23,344.77,1154.23,105.03,Bengaluru,Karnataka,South,Credit Card,Express,2024,7,July,0.091
ORD102664,17-09-2025,CUST1157,Customer_0157,P2015,Table Lamp,Home & Kitchen,Home Decor,1.00,1299.00,1299.00,0.18,233.82,1065.18,198.12,Lucknow,Uttar Pradesh,North,Cash on Delivery,Express,2025,9,September,0.186
ORD102857,23-01-2025,CUST1199,Customer_0199,P2005,Keyboard,Electronics,Accessories,1.00,1299.00,1299.00,0.23,298.77,1000.23,91.02,Noida,Uttar Pradesh,North,UPI,Express,2025,1,January,0.091
ORD103987,02-01-2025,CUST1343,Customer_0343,P2006,Power Bank,Electronics,Accessories,1.00,1499.00,1499.00,0.28,419.72,1079.28,82.03,Bengaluru,Karnataka,South,UPI,Express,2025,1,January,0.076
ORD104484,18-09-2025,CUST1417,Customer_0417,P2002,Wireless Earbuds,Electronics,Mobiles,1.00,2999.00,2999.00,0.18,539.82,2459.18,260.67,Delhi,Delhi,North,Credit Card,Standard,2025,9,September,0.106
ORD104617,30-01-2024,CUST1088,Customer_0088,P2006,Power Bank,Electronics,Accessories,1.00,1499.00,1499.00,0.13,194.87,1304.13,157.80,Hyderabad,Telangana,South,Net Banking,Standard,2024,1,January,0.121
ORD100094,01-12-2025,CUST1046,Customer_0046,P2020,Shampoo,Beauty,Haircare,1.00,599.00,599.00,0.28,167.72,431.28,127.66,Kolkata,West Bengal,East,Debit Card,Same Day,2025,12,December,0.296
ORD101090,13-05-2024,CUST1731,Customer_0731,P2020,Shampoo,Beauty,Haircare,2.00,599.00,1198.00,0.23,275.54,922.46,286.89,Delhi,Delhi,North,Debit Card,Standard,2024,5,May,0.311
ORD101741,09-05-2025,CUST1369,Customer_0369,P2001,Smartphone,Electronics,Mobiles,2.00,24999.00,49998.00,0.18,8999.64,40998.36,4345.83,Lucknow,Uttar Pradesh,North,Credit Card,Express,2025,5,May,0.106
ORD102572,14-05-2025,CUST1541,Customer_0541,P2013,Mixer Grinder,Home & Kitchen,Kitchen,1.00,3499.00,3499.00,0.23,804.77,2694.23,460.71,Lucknow,Uttar Pradesh,North,UPI,Same Day,2025,5,May,0.171
ORD103389,25-04-2024,CUST1217,Customer_0217,P2004,Wireless Mouse,Electronics,Accessories,1.00,899.00,899.00,0.18,161.82,737.18,78.14,Mumbai,Maharashtra,West,UPI,Express,2024,4,April,0.106
ORD103645,25-02-2025,CUST1622,Customer_0622,P2008,Jeans,Clothing,Men,2.00,1799.00,3598.00,0.03,107.94,3490.06,1085.41,Pune,Maharashtra,West,Credit Card,Same Day,2025,2,February,0.311
ORD101237,27-03-2025,CUST1010,Customer_0010,P2005,Keyboard,Electronics,Accessories,2.00,1299.00,2598.00,0.33,857.34,1740.66,106.18,Mumbai,Maharashtra,West,Credit Card,Standard,2025,3,March,0.061
ORD101403,17-02-2024,CUST1428,Customer_0428,P2003,Laptop,Electronics,Computers,2.00,59999.00,119998.00,0.08,9599.84,110398.16,15014.15,Delhi,Delhi,North,Credit Card,Standard,2024,2,February,0.136
ORD101529,05-03-2024,CUST1379,Customer_0379,P2016,Bedsheet Set,Home & Kitchen,Home Decor,2.00,999.00,1998.00,0.13,259.74,1738.26,349.39,Chennai,Tamil Nadu,South,UPI,Standard,2024,3,March,0.201
ORD101586,24-09-2024,CUST1422,Customer_0422,P2003,Laptop,Electronics,Computers,2.00,59999.00,119998.00,0.03,3599.94,116398.06,17576.11,Ahmedabad,Gujarat,West,UPI,Standard,2024,9,September,0.151
ORD102793,01-11-2025,CUST1143,Customer_0143,P2005,Keyboard,Electronics,Accessories,1.00,1299.00,1299.00,0.23,298.77,1000.23,91.02,Jaipur,Rajasthan,North,UPI,Express,2025,11,November,0.091
ORD104165,17-11-2024,CUST1238,Customer_0238,P2017,Office Chair,Home & Kitchen,Furniture,5.00,5999.00,29995.00,0.03,899.85,29095.15,6720.98,Delhi,Delhi,North,Credit Card,Standard,2024,11,November,0.231
ORD104702,13-01-2024,CUST1581,Customer_0581,P2024,Cricket Bat,Sports,Outdoor,1.00,2499.00,2499.00,0.28,699.72,1799.28,352.66,Mumbai,Maharashtra,West,Credit Card,Standard,2024,1,January,0.196
ORD100361,22-12-2025,CUST1326,Customer_0326,P2010,Dress,Clothing,Women,2.00,1999.00,3998.00,0.18,719.64,3278.36,872.04,Gurugram,Haryana,North,UPI,Express,2025,12,December,0.266
ORD100502,25-11-2025,CUST1566,Customer_0566,P2013,Mixer Grinder,Home & Kitchen,Kitchen,1.00,3499.00,3499.00,0.13,454.87,3044.13,611.87,Bengaluru,Karnataka,South,Debit Card,Standard,2025,11,November,0.201
ORD101009,21-06-2025,CUST1143,Customer_0143,P2024,Cricket Bat,Sports,Outdoor,2.00,2499.00,4998.00,0.13,649.74,4348.26,1047.93,Mumbai,Maharashtra,West,UPI,Standard,2025,6,June,0.241
ORD101187,13-08-2025,CUST1369,Customer_0369,P2024,Cricket Bat,Sports,Outdoor,1.00,2499.00,2499.00,0.03,74.97,2424.03,656.91,Pune,Maharashtra,West,UPI,Standard,2025,8,August,0.271
ORD101755,01-08-2025,CUST1454,Customer_0454,P2017,Office Chair,Home & Kitchen,Furniture,1.00,5999.00,5999.00,0.18,1079.82,4919.18,914.97,Ahmedabad,Gujarat,West,Credit Card,Standard,2025,8,August,0.186
ORD102069,17-08-2024,CUST1631,Customer_0631,P2023,Dumbbells,Sports,Fitness,2.00,1599.00,3198.00,0.08,255.84,2942.16,753.19,Chennai,Tamil Nadu,South,Credit Card,Standard,2024,8,August,0.256
ORD103027,16-11-2025,CUST1409,Customer_0409,P2017,Office Chair,Home & Kitchen,Furniture,1.00,5999.00,5999.00,0.18,1079.82,4919.18,914.97,Jaipur,Rajasthan,North,Credit Card,Standard,2025,11,November,0.186
ORD103383,12-12-2024,CUST1564,Customer_0564,P2014,Cookware Set,Home & Kitchen,Kitchen,1.00,2999.00,2999.00,0.18,539.82,2459.18,457.41,Gurugram,Haryana,North,Credit Card,Standard,2024,12,December,0.186
ORD104367,15-06-2025,CUST1240,Customer_0240,P2004,Wireless Mouse,Electronics,Accessories,1.00,899.00,899.00,0.08,71.92,827.08,112.48,Kolkata,West Bengal,East,UPI,Standard,2025,6,June,0.136
ORD104888,19-06-2025,CUST1312,Customer_0312,P2025,Football,Sports,Outdoor,4.00,999.00,3996.00,0.13,519.48,3476.52,837.84,Mumbai,Maharashtra,West,Cash on Delivery,Same Day,2025,6,June,0.241
ORD100347,05-12-2025,CUST1108,Customer_0108,P2007,T-Shirt,Clothing,Men,2.00,799.00,1598.00,0.03,47.94,1550.06,482.07,Bengaluru,Karnataka,South,Debit Card,Standard,2025,12,December,0.311
ORD100721,18-12-2025,CUST1312,Customer_0312,P2005,Keyboard,Electronics,Accessories,2.00,1299.00,2598.00,0.18,467.64,2130.36,225.82,Jaipur,Rajasthan,North,Credit Card,Express,2025,12,December,0.106
ORD100982,25-09-2025,CUST1450,Customer_0450,P2001,Smartphone,Electronics,Mobiles,1.00,24999.00,24999.00,0.18,4499.82,20499.18,2172.91,Ahmedabad,Gujarat,West,Net Banking,Standard,2025,9,September,0.106
ORD102424,07-04-2024,CUST1319,Customer_0319,P2008,Jeans,Clothing,Men,1.00,1799.00,1799.00,0.28,503.72,1295.28,305.69,Kolkata,West Bengal,East,Net Banking,Express,2024,4,April,0.236
ORD103562,19-03-2025,CUST1694,Customer_0694,P2007,T-Shirt,Clothing,Men,3.00,799.00,2397.00,0.13,311.61,2085.39,585.99,Jaipur,Rajasthan,North,UPI,Standard,2025,3,March,0.281
ORD104646,08-11-2025,CUST1161,Customer_0161,P2011,Sneakers,Clothing,Footwear,1.00,2499.00,2499.00,0.13,324.87,2174.13,610.93,Jaipur,Rajasthan,North,UPI,Standard,2025,11,November,0.281
ORD104797,11-09-2024,CUST1767,Customer_0767,P2024,Cricket Bat,Sports,Outdoor,2.00,2499.00,4998.00,0.13,649.74,4348.26,1047.93,Delhi,Delhi,North,UPI,Same Day,2024,9,September,0.241
ORD104923,08-05-2025,CUST1417,Customer_0417,P2014,Cookware Set,Home & Kitchen,Kitchen,1.00,2999.00,2999.00,0.18,539.82,2459.18,457.41,Bengaluru,Karnataka,South,UPI,Express,2025,5,May,0.186
ORD100749,20-12-2024,CUST1363,Customer_0363,P2004,Wireless Mouse,Electronics,Accessories,2.00,899.00,1798.00,0.08,143.84,1654.16,224.97,Pune,Maharashtra,West,UPI,Standard,2024,12,December,0.136
ORD100772,10-11-2025,CUST1636,Customer_0636,P2021,Perfume,Beauty,Fragrance,2.00,1499.00,2998.00,0.08,239.84,2758.16,981.90,Chennai,Tamil Nadu,South,Debit Card,Standard,2025,11,November,0.356
ORD100955,23-11-2025,CUST1497,Customer_0497,P2004,Wireless Mouse,Electronics,Accessories,1.00,899.00,899.00,0.13,116.87,782.13,94.64,Bengaluru,Karnataka,South,Debit Card,Same Day,2025,11,November,0.121
ORD101872,18-10-2025,CUST1170,Customer_0170,P2005,Keyboard,Electronics,Accessories,3.00,1299.00,3897.00,0.03,116.91,3780.09,570.79,Pune,Maharashtra,West,Credit Card,Express,2025,10,October,0.151
ORD102248,29-01-2025,CUST1669,Customer_0669,P2003,Laptop,Electronics,Computers,1.00,59999.00,59999.00,0.13,7799.87,52199.13,6316.09,Noida,Uttar Pradesh,North,Net Banking,Standard,2025,1,January,0.121
ORD103977,01-06-2024,CUST1393,Customer_0393,P2020,Shampoo,Beauty,Haircare,1.00,599.00,599.00,0.03,17.97,581.03,215.56,Noida,Uttar Pradesh,North,UPI,Standard,2024,6,June,0.371
ORD104560,08-09-2024,CUST1112,Customer_0112,P2008,Jeans,clothing,Men,2.00,1799.00,3598.00,0.33,1187.34,2410.66,532.76,Ahmedabad,Gujarat,West,Credit Card,Same Day,2024,9,September,0.221
